ID,SectorBranchesSIC2008,Periods,CompensationOfEmployees_1,WagesAndSalaries_2,EmployersSocialContributions_3,WageCosts_4,CompensationOfEmployees_5,WagesAndSalaries_6,WageCosts_7,CompensationPerFte_8,WagesPerFte_9,WageCostsPerFte_10,CompensationPerHourWorked_11,WagesPerHourWorked_12,WageCostsPerHourWorked_13,CompensationPerFte_14,WagesPerFte_15,WageCostsPerFte_16,CompensationPerHourWorked_17,WagesPerHourWorked_18,WageCostsPerHourWorked_19,FullTimeEquivalentFte_20,HoursWorked_21,HoursPaid_22,HoursAgreed_23,PaidExtraHours_24,FullTimeEquivalentFte_25,HoursWorked_26,Total_27,Male_28,Female_29,Total_30,Male_31,Female_32,Total_33,Male_34,Female_35,Total_36,Title,Description,CategoryGroupID,Year
0,T001081,1995JJ00,165560.0,138950.0,26610.0,165237.0,,,,33.1,27.8,33.1,19.4,16.3,19.3,,,,,,,4999.0,8542.0,,,,,,6326.0,3695.0,2631.0,,,,,,,,A-U All economic activities,"All economic activities
This category is made up of the categories:
A Agriculture, forestry and fishing
B Mining and quarrying
C Manufacturing
D Electricity and gas supply
E Water supply and waste management
F Construction
G Wholesale and retail trade
H Transportation and storage
I Accommodation and food serving
J Information and communication
K Financial institutions
L Renting and buying and selling of real estate
M Consultancy, research and other specialised business services
N Renting and leasing of tangible goods and other business support services
O Public administration, public services and compulsory social security
P Education
Q Health and social work activities
R Culture, sports and recreation
S Other service activities
T Activities of households as employers; undifferentiated goods- and service- producing activities of households for own use
U Extraterritorial organisations",1,1995
1,T001081,1996JJ00,171981.0,144255.0,27726.0,170983.0,3.9,3.8,3.5,33.6,28.2,33.4,19.6,16.4,19.4,1.6,1.5,1.2,0.9,0.8,0.5,5112.0,8794.0,,,,2.3,3.0,6490.0,3795.0,2695.0,,,,,,,2.6,A-U All economic activities,"All economic activities
This category is made up of the categories:
A Agriculture, forestry and fishing
B Mining and quarrying
C Manufacturing
D Electricity and gas supply
E Water supply and waste management
F Construction
G Wholesale and retail trade
H Transportation and storage
I Accommodation and food serving
J Information and communication
K Financial institutions
L Renting and buying and selling of real estate
M Consultancy, research and other specialised business services
N Renting and leasing of tangible goods and other business support services
O Public administration, public services and compulsory social security
P Education
Q Health and social work activities
R Culture, sports and recreation
S Other service activities
T Activities of households as employers; undifferentiated goods- and service- producing activities of households for own use
U Extraterritorial organisations",1,1996
2,T001081,1997JJ00,181634.0,153571.0,28063.0,180108.0,5.6,6.5,5.3,34.4,29.1,34.1,20.2,17.0,20.0,2.3,3.1,2.0,3.0,3.9,2.8,5277.0,9013.0,,,,3.2,2.5,6697.0,3907.0,2789.0,,,,,,,3.2,A-U All economic activities,"All economic activities
This category is made up of the categories:
A Agriculture, forestry and fishing
B Mining and quarrying
C Manufacturing
D Electricity and gas supply
E Water supply and waste management
F Construction
G Wholesale and retail trade
H Transportation and storage
I Accommodation and food serving
J Information and communication
K Financial institutions
L Renting and buying and selling of real estate
M Consultancy, research and other specialised business services
N Renting and leasing of tangible goods and other business support services
O Public administration, public services and compulsory social security
P Education
Q Health and social work activities
R Culture, sports and recreation
S Other service activities
T Activities of households as employers; undifferentiated goods- and service- producing activities of households for own use
U Extraterritorial organisations",1,1997
3,T001081,1998JJ00,194666.0,155070.0,39596.0,192571.0,7.2,1.0,6.9,35.6,28.3,35.2,20.9,16.7,20.7,3.4,-2.6,3.1,3.9,-2.1,3.6,5470.0,9299.0,,,,3.7,3.2,6951.0,4028.0,2923.0,,,,,,,3.8,A-U All economic activities,"All economic activities
This category is made up of the categories:
A Agriculture, forestry and fishing
B Mining and quarrying
C Manufacturing
D Electricity and gas supply
E Water supply and waste management
F Construction
G Wholesale and retail trade
H Transportation and storage
I Accommodation and food serving
J Information and communication
K Financial institutions
L Renting and buying and selling of real estate
M Consultancy, research and other specialised business services
N Renting and leasing of tangible goods and other business support services
O Public administration, public services and compulsory social security
P Education
Q Health and social work activities
R Culture, sports and recreation
S Other service activities
T Activities of households as employers; undifferentiated goods- and service- producing activities of households for own use
U Extraterritorial organisations",1,1998
4,T001081,1999JJ00,209646.0,166790.0,42856.0,207505.0,7.7,7.5,7.7,37.1,29.6,36.8,21.8,17.4,21.6,4.4,4.2,4.4,4.2,4.0,4.2,5644.0,9613.0,,,,3.2,3.4,7194.0,4139.0,3055.0,,,,,,,3.5,A-U All economic activities,"All economic activities
This category is made up of the categories:
A Agriculture, forestry and fishing
B Mining and quarrying
C Manufacturing
D Electricity and gas supply
E Water supply and waste management
F Construction
G Wholesale and retail trade
H Transportation and storage
I Accommodation and food serving
J Information and communication
K Financial institutions
L Renting and buying and selling of real estate
M Consultancy, research and other specialised business services
N Renting and leasing of tangible goods and other business support services
O Public administration, public services and compulsory social security
P Education
Q Health and social work activities
R Culture, sports and recreation
S Other service activities
T Activities of households as employers; undifferentiated goods- and service- producing activities of households for own use
U Extraterritorial organisations",1,1999
5,T001081,2000JJ00,226797.0,178788.0,48009.0,224588.0,8.2,7.2,8.2,39.3,31.0,38.9,23.3,18.3,23.0,5.8,4.9,5.9,6.6,5.7,6.7,5770.0,9751.0,,,,2.2,1.4,7379.0,4215.0,3163.0,,,,,,,2.6,A-U All economic activities,"All economic activities
This category is made up of the categories:
A Agriculture, forestry and fishing
B Mining and quarrying
C Manufacturing
D Electricity and gas supply
E Water supply and waste management
F Construction
G Wholesale and retail trade
H Transportation and storage
I Accommodation and food serving
J Information and communication
K Financial institutions
L Renting and buying and selling of real estate
M Consultancy, research and other specialised business services
N Renting and leasing of tangible goods and other business support services
O Public administration, public services and compulsory social security
P Education
Q Health and social work activities
R Culture, sports and recreation
S Other service activities
T Activities of households as employers; undifferentiated goods- and service- producing activities of households for own use
U Extraterritorial organisations",1,2000
6,T001081,2001JJ00,239194.0,191543.0,47651.0,236818.0,5.5,7.1,5.4,40.6,32.5,40.2,24.0,19.2,23.8,3.3,5.0,3.3,3.3,4.9,3.2,5889.0,9960.0,,,,2.1,2.1,7540.0,4268.0,3272.0,,,,,,,2.2,A-U All economic activities,"All economic activities
This category is made up of the categories:
A Agriculture, forestry and fishing
B Mining and quarrying
C Manufacturing
D Electricity and gas supply
E Water supply and waste management
F Construction
G Wholesale and retail trade
H Transportation and storage
I Accommodation and food serving
J Information and communication
K Financial institutions
L Renting and buying and selling of real estate
M Consultancy, research and other specialised business services
N Renting and leasing of tangible goods and other business support services
O Public administration, public services and compulsory social security
P Education
Q Health and social work activities
R Culture, sports and recreation
S Other service activities
T Activities of households as employers; undifferentiated goods- and service- producing activities of households for own use
U Extraterritorial organisations",1,2001
7,T001081,2002JJ00,251188.0,198956.0,52232.0,248591.0,5.0,3.9,5.0,42.7,33.8,42.2,25.3,20.0,25.0,5.1,3.9,5.0,5.2,4.0,5.1,5887.0,9943.0,,,,0.0,-0.2,7592.0,4250.0,3342.0,,,,,,,0.7,A-U All economic activities,"All economic activities
This category is made up of the categories:
A Agriculture, forestry and fishing
B Mining and quarrying
C Manufacturing
D Electricity and gas supply
E Water supply and waste management
F Construction
G Wholesale and retail trade
H Transportation and storage
I Accommodation and food serving
J Information and communication
K Financial institutions
L Renting and buying and selling of real estate
M Consultancy, research and other specialised business services
N Renting and leasing of tangible goods and other business support services
O Public administration, public services and compulsory social security
P Education
Q Health and social work activities
R Culture, sports and recreation
S Other service activities
T Activities of households as employers; undifferentiated goods- and service- producing activities of households for own use
U Extraterritorial organisations",1,2002
8,T001081,2003JJ00,257981.0,203146.0,54835.0,255777.0,2.7,2.1,2.9,44.4,35.0,44.0,26.2,20.6,26.0,4.0,3.4,4.2,3.7,3.1,3.9,5812.0,9851.0,,,,-1.3,-0.9,7545.0,4193.0,3352.0,,,,,,,-0.6,A-U All economic activities,"All economic activities
This category is made up of the categories:
A Agriculture, forestry and fishing
B Mining and quarrying
C Manufacturing
D Electricity and gas supply
E Water supply and waste management
F Construction
G Wholesale and retail trade
H Transportation and storage
I Accommodation and food serving
J Information and communication
K Financial institutions
L Renting and buying and selling of real estate
M Consultancy, research and other specialised business services
N Renting and leasing of tangible goods and other business support services
O Public administration, public services and compulsory social security
P Education
Q Health and social work activities
R Culture, sports and recreation
S Other service activities
T Activities of households as employers; undifferentiated goods- and service- producing activities of households for own use
U Extraterritorial organisations",1,2003
9,T001081,2004JJ00,261726.0,205183.0,56543.0,258862.0,1.4,1.0,1.2,45.6,35.7,45.1,26.6,20.9,26.3,2.7,2.3,2.5,1.7,1.3,1.5,5740.0,9825.0,,,,-1.2,-0.3,7466.0,4131.0,3335.0,,,,,,,-1.1,A-U All economic activities,"All economic activities
This category is made up of the categories:
A Agriculture, forestry and fishing
B Mining and quarrying
C Manufacturing
D Electricity and gas supply
E Water supply and waste management
F Construction
G Wholesale and retail trade
H Transportation and storage
I Accommodation and food serving
J Information and communication
K Financial institutions
L Renting and buying and selling of real estate
M Consultancy, research and other specialised business services
N Renting and leasing of tangible goods and other business support services
O Public administration, public services and compulsory social security
P Education
Q Health and social work activities
R Culture, sports and recreation
S Other service activities
T Activities of households as employers; undifferentiated goods- and service- producing activities of households for own use
U Extraterritorial organisations",1,2004
10,T001081,2005JJ00,265911.0,209140.0,56771.0,263751.0,1.6,1.9,1.9,46.4,36.5,46.0,27.3,21.5,27.1,1.7,2.0,2.0,2.6,2.9,2.9,5734.0,9733.0,,,,-0.1,-0.9,7506.0,4122.0,3384.0,,,,,,,0.5,A-U All economic activities,"All economic activities
This category is made up of the categories:
A Agriculture, forestry and fishing
B Mining and quarrying
C Manufacturing
D Electricity and gas supply
E Water supply and waste management
F Construction
G Wholesale and retail trade
H Transportation and storage
I Accommodation and food serving
J Information and communication
K Financial institutions
L Renting and buying and selling of real estate
M Consultancy, research and other specialised business services
N Renting and leasing of tangible goods and other business support services
O Public administration, public services and compulsory social security
P Education
Q Health and social work activities
R Culture, sports and recreation
S Other service activities
T Activities of households as employers; undifferentiated goods- and service- producing activities of households for own use
U Extraterritorial organisations",1,2005
11,T001081,2006JJ00,274752.0,218819.0,55933.0,272749.0,3.3,4.6,3.4,47.1,37.5,46.7,27.9,22.2,27.7,1.5,2.8,1.6,2.0,3.3,2.1,5835.0,9857.0,,,,1.8,1.3,7651.0,4211.0,3440.0,,,,,,,1.9,A-U All economic activities,"All economic activities
This category is made up of the categories:
A Agriculture, forestry and fishing
B Mining and quarrying
C Manufacturing
D Electricity and gas supply
E Water supply and waste management
F Construction
G Wholesale and retail trade
H Transportation and storage
I Accommodation and food serving
J Information and communication
K Financial institutions
L Renting and buying and selling of real estate
M Consultancy, research and other specialised business services
N Renting and leasing of tangible goods and other business support services
O Public administration, public services and compulsory social security
P Education
Q Health and social work activities
R Culture, sports and recreation
S Other service activities
T Activities of households as employers; undifferentiated goods- and service- producing activities of households for own use
U Extraterritorial organisations",1,2006
12,T001081,2007JJ00,290622.0,232090.0,58532.0,288531.0,5.8,6.1,5.8,48.6,38.8,48.3,28.7,23.0,28.5,3.3,3.5,3.3,3.1,3.4,3.1,5977.0,10110.0,,,,2.4,2.6,7875.0,4322.0,3554.0,,,,,,,2.9,A-U All economic activities,"All economic activities
This category is made up of the categories:
A Agriculture, forestry and fishing
B Mining and quarrying
C Manufacturing
D Electricity and gas supply
E Water supply and waste management
F Construction
G Wholesale and retail trade
H Transportation and storage
I Accommodation and food serving
J Information and communication
K Financial institutions
L Renting and buying and selling of real estate
M Consultancy, research and other specialised business services
N Renting and leasing of tangible goods and other business support services
O Public administration, public services and compulsory social security
P Education
Q Health and social work activities
R Culture, sports and recreation
S Other service activities
T Activities of households as employers; undifferentiated goods- and service- producing activities of households for own use
U Extraterritorial organisations",1,2007
13,T001081,2008JJ00,307808.0,242900.0,64908.0,305649.0,5.9,4.7,5.9,50.6,39.9,50.2,29.9,23.6,29.6,4.0,2.7,4.0,3.8,2.6,3.9,6089.0,10311.0,,,,1.9,2.0,8017.0,4373.0,3644.0,,,,,,,1.8,A-U All economic activities,"All economic activities
This category is made up of the categories:
A Agriculture, forestry and fishing
B Mining and quarrying
C Manufacturing
D Electricity and gas supply
E Water supply and waste management
F Construction
G Wholesale and retail trade
H Transportation and storage
I Accommodation and food serving
J Information and communication
K Financial institutions
L Renting and buying and selling of real estate
M Consultancy, research and other specialised business services
N Renting and leasing of tangible goods and other business support services
O Public administration, public services and compulsory social security
P Education
Q Health and social work activities
R Culture, sports and recreation
S Other service activities
T Activities of households as employers; undifferentiated goods- and service- producing activities of households for own use
U Extraterritorial organisations",1,2008
14,T001081,2009JJ00,312320.0,246210.0,66110.0,309163.0,1.5,1.4,1.2,52.0,41.0,51.5,30.8,24.3,30.5,2.9,2.8,2.5,3.2,3.1,2.8,6006.0,10142.0,,,,-1.4,-1.6,7937.0,4282.0,3655.0,,,,,,,-1.0,A-U All economic activities,"All economic activities
This category is made up of the categories:
A Agriculture, forestry and fishing
B Mining and quarrying
C Manufacturing
D Electricity and gas supply
E Water supply and waste management
F Construction
G Wholesale and retail trade
H Transportation and storage
I Accommodation and food serving
J Information and communication
K Financial institutions
L Renting and buying and selling of real estate
M Consultancy, research and other specialised business services
N Renting and leasing of tangible goods and other business support services
O Public administration, public services and compulsory social security
P Education
Q Health and social work activities
R Culture, sports and recreation
S Other service activities
T Activities of households as employers; undifferentiated goods- and service- producing activities of households for own use
U Extraterritorial organisations",1,2009
15,T001081,2010JJ00,311900.0,247258.0,64642.0,308910.0,-0.1,0.4,-0.1,52.4,41.6,51.9,31.1,24.6,30.8,0.8,1.4,0.9,1.0,1.5,1.0,5949.0,10032.0,11877.0,11725.0,152.0,-0.9,-1.1,7880.0,4185.0,3695.0,3899.0,2972.0,927.0,3982.0,1213.0,2768.0,-0.7,A-U All economic activities,"All economic activities
This category is made up of the categories:
A Agriculture, forestry and fishing
B Mining and quarrying
C Manufacturing
D Electricity and gas supply
E Water supply and waste management
F Construction
G Wholesale and retail trade
H Transportation and storage
I Accommodation and food serving
J Information and communication
K Financial institutions
L Renting and buying and selling of real estate
M Consultancy, research and other specialised business services
N Renting and leasing of tangible goods and other business support services
O Public administration, public services and compulsory social security
P Education
Q Health and social work activities
R Culture, sports and recreation
S Other service activities
T Activities of households as employers; undifferentiated goods- and service- producing activities of households for own use
U Extraterritorial organisations",1,2010
16,T001081,2011JJ00,319887.0,252650.0,67237.0,317477.0,2.6,2.2,2.8,53.7,42.4,53.3,31.7,25.0,31.4,2.5,2.1,2.7,1.8,1.4,2.0,5953.0,10104.0,11846.0,11691.0,155.0,0.1,0.7,7952.0,4209.0,3744.0,3806.0,2914.0,892.0,4146.0,1295.0,2852.0,0.9,A-U All economic activities,"All economic activities
This category is made up of the categories:
A Agriculture, forestry and fishing
B Mining and quarrying
C Manufacturing
D Electricity and gas supply
E Water supply and waste management
F Construction
G Wholesale and retail trade
H Transportation and storage
I Accommodation and food serving
J Information and communication
K Financial institutions
L Renting and buying and selling of real estate
M Consultancy, research and other specialised business services
N Renting and leasing of tangible goods and other business support services
O Public administration, public services and compulsory social security
P Education
Q Health and social work activities
R Culture, sports and recreation
S Other service activities
T Activities of households as employers; undifferentiated goods- and service- producing activities of households for own use
U Extraterritorial organisations",1,2011
17,T001081,2012JJ00,324274.0,254221.0,70053.0,322156.0,1.4,0.6,1.5,55.0,43.1,54.6,32.5,25.5,32.3,2.3,1.6,2.5,2.7,2.0,2.8,5896.0,9970.0,11790.0,11641.0,149.0,-1.0,-1.3,7897.0,4157.0,3740.0,3717.0,2848.0,869.0,4180.0,1309.0,2872.0,-0.7,A-U All economic activities,"All economic activities
This category is made up of the categories:
A Agriculture, forestry and fishing
B Mining and quarrying
C Manufacturing
D Electricity and gas supply
E Water supply and waste management
F Construction
G Wholesale and retail trade
H Transportation and storage
I Accommodation and food serving
J Information and communication
K Financial institutions
L Renting and buying and selling of real estate
M Consultancy, research and other specialised business services
N Renting and leasing of tangible goods and other business support services
O Public administration, public services and compulsory social security
P Education
Q Health and social work activities
R Culture, sports and recreation
S Other service activities
T Activities of households as employers; undifferentiated goods- and service- producing activities of households for own use
U Extraterritorial organisations",1,2012
18,T001081,2013JJ00,325151.0,255087.0,70064.0,324207.0,0.3,0.3,0.6,56.1,44.0,55.9,33.0,25.9,32.9,1.9,2.0,2.3,1.5,1.6,1.9,5800.0,9847.0,11661.0,11509.0,152.0,-1.6,-1.2,7757.0,4070.0,3686.0,3631.0,2787.0,844.0,4126.0,1283.0,2842.0,-1.8,A-U All economic activities,"All economic activities
This category is made up of the categories:
A Agriculture, forestry and fishing
B Mining and quarrying
C Manufacturing
D Electricity and gas supply
E Water supply and waste management
F Construction
G Wholesale and retail trade
H Transportation and storage
I Accommodation and food serving
J Information and communication
K Financial institutions
L Renting and buying and selling of real estate
M Consultancy, research and other specialised business services
N Renting and leasing of tangible goods and other business support services
O Public administration, public services and compulsory social security
P Education
Q Health and social work activities
R Culture, sports and recreation
S Other service activities
T Activities of households as employers; undifferentiated goods- and service- producing activities of households for own use
U Extraterritorial organisations",1,2013
19,T001081,2014JJ00,328743.0,254708.0,74035.0,328348.0,1.1,-0.2,1.3,57.0,44.2,57.0,33.3,25.8,33.3,1.7,0.4,1.9,1.0,-0.3,1.2,5765.0,9859.0,11594.0,11444.0,150.0,-0.6,0.1,7715.0,4048.0,3668.0,3581.0,2745.0,836.0,4134.0,1302.0,2832.0,-0.5,A-U All economic activities,"All economic activities
This category is made up of the categories:
A Agriculture, forestry and fishing
B Mining and quarrying
C Manufacturing
D Electricity and gas supply
E Water supply and waste management
F Construction
G Wholesale and retail trade
H Transportation and storage
I Accommodation and food serving
J Information and communication
K Financial institutions
L Renting and buying and selling of real estate
M Consultancy, research and other specialised business services
N Renting and leasing of tangible goods and other business support services
O Public administration, public services and compulsory social security
P Education
Q Health and social work activities
R Culture, sports and recreation
S Other service activities
T Activities of households as employers; undifferentiated goods- and service- producing activities of households for own use
U Extraterritorial organisations",1,2014
20,T001081,2015JJ00,330994.0,260224.0,70770.0,330240.0,0.7,2.2,0.6,57.0,44.8,56.8,33.4,26.3,33.4,-0.1,1.4,-0.2,0.3,1.8,0.2,5810.0,9896.0,11697.0,11543.0,154.0,0.8,0.4,7784.0,4089.0,3696.0,3573.0,2742.0,831.0,4211.0,1346.0,2865.0,0.9,A-U All economic activities,"All economic activities
This category is made up of the categories:
A Agriculture, forestry and fishing
B Mining and quarrying
C Manufacturing
D Electricity and gas supply
E Water supply and waste management
F Construction
G Wholesale and retail trade
H Transportation and storage
I Accommodation and food serving
J Information and communication
K Financial institutions
L Renting and buying and selling of real estate
M Consultancy, research and other specialised business services
N Renting and leasing of tangible goods and other business support services
O Public administration, public services and compulsory social security
P Education
Q Health and social work activities
R Culture, sports and recreation
S Other service activities
T Activities of households as employers; undifferentiated goods- and service- producing activities of households for own use
U Extraterritorial organisations",1,2015
21,T001081,2016JJ00,342642.0,268961.0,73681.0,341298.0,3.5,3.4,3.4,57.9,45.4,57.6,33.9,26.6,33.7,1.6,1.4,1.4,1.2,1.0,1.0,5921.0,10122.0,11938.0,11786.0,152.0,1.9,2.3,7899.0,4151.0,3748.0,3641.0,2793.0,848.0,4257.0,1358.0,2899.0,1.5,A-U All economic activities,"All economic activities
This category is made up of the categories:
A Agriculture, forestry and fishing
B Mining and quarrying
C Manufacturing
D Electricity and gas supply
E Water supply and waste management
F Construction
G Wholesale and retail trade
H Transportation and storage
I Accommodation and food serving
J Information and communication
K Financial institutions
L Renting and buying and selling of real estate
M Consultancy, research and other specialised business services
N Renting and leasing of tangible goods and other business support services
O Public administration, public services and compulsory social security
P Education
Q Health and social work activities
R Culture, sports and recreation
S Other service activities
T Activities of households as employers; undifferentiated goods- and service- producing activities of households for own use
U Extraterritorial organisations",1,2016
22,T001081,2017JJ00,354478.0,277944.0,76534.0,352802.0,3.5,3.3,3.4,58.4,45.8,58.1,34.2,26.8,34.0,0.9,0.8,0.8,1.0,0.9,0.9,6070.0,10367.0,12251.0,12092.0,159.0,2.5,2.4,8103.0,4255.0,3848.0,3695.0,2834.0,862.0,4407.0,1421.0,2986.0,2.6,A-U All economic activities,"All economic activities
This category is made up of the categories:
A Agriculture, forestry and fishing
B Mining and quarrying
C Manufacturing
D Electricity and gas supply
E Water supply and waste management
F Construction
G Wholesale and retail trade
H Transportation and storage
I Accommodation and food serving
J Information and communication
K Financial institutions
L Renting and buying and selling of real estate
M Consultancy, research and other specialised business services
N Renting and leasing of tangible goods and other business support services
O Public administration, public services and compulsory social security
P Education
Q Health and social work activities
R Culture, sports and recreation
S Other service activities
T Activities of households as employers; undifferentiated goods- and service- producing activities of households for own use
U Extraterritorial organisations",1,2017
23,T001081,2018JJ00,372900.0,290470.0,82430.0,371248.0,5.2,4.5,5.2,59.6,46.4,59.3,35.0,27.2,34.8,2.0,1.4,2.1,2.3,1.6,2.3,6258.0,10665.0,12691.0,12530.0,161.0,3.1,2.9,8332.0,4366.0,3966.0,3756.0,2889.0,867.0,4576.0,1476.0,3100.0,2.8,A-U All economic activities,"All economic activities
This category is made up of the categories:
A Agriculture, forestry and fishing
B Mining and quarrying
C Manufacturing
D Electricity and gas supply
E Water supply and waste management
F Construction
G Wholesale and retail trade
H Transportation and storage
I Accommodation and food serving
J Information and communication
K Financial institutions
L Renting and buying and selling of real estate
M Consultancy, research and other specialised business services
N Renting and leasing of tangible goods and other business support services
O Public administration, public services and compulsory social security
P Education
Q Health and social work activities
R Culture, sports and recreation
S Other service activities
T Activities of households as employers; undifferentiated goods- and service- producing activities of households for own use
U Extraterritorial organisations",1,2018
24,T001081,2019JJ00,393062.0,304577.0,88485.0,391276.0,5.4,4.9,5.4,61.4,47.6,61.1,35.9,27.8,35.8,3.0,2.5,3.0,2.8,2.2,2.8,6404.0,10938.0,12990.0,12835.0,155.0,2.3,2.6,8510.0,4443.0,4067.0,3815.0,2922.0,893.0,4695.0,1521.0,3174.0,2.1,A-U All economic activities,"All economic activities
This category is made up of the categories:
A Agriculture, forestry and fishing
B Mining and quarrying
C Manufacturing
D Electricity and gas supply
E Water supply and waste management
F Construction
G Wholesale and retail trade
H Transportation and storage
I Accommodation and food serving
J Information and communication
K Financial institutions
L Renting and buying and selling of real estate
M Consultancy, research and other specialised business services
N Renting and leasing of tangible goods and other business support services
O Public administration, public services and compulsory social security
P Education
Q Health and social work activities
R Culture, sports and recreation
S Other service activities
T Activities of households as employers; undifferentiated goods- and service- producing activities of households for own use
U Extraterritorial organisations",1,2019
25,T001081,2020JJ00,406330.0,314084.0,92246.0,393012.0,3.4,3.1,0.4,63.7,49.2,61.6,38.5,29.8,37.3,3.8,3.5,0.8,7.3,7.0,4.2,6378.0,10542.0,12972.0,12837.0,135.0,-0.4,-3.6,8400.0,4362.0,4038.0,3761.0,2867.0,893.0,4639.0,1494.0,3145.0,-1.3,A-U All economic activities,"All economic activities
This category is made up of the categories:
A Agriculture, forestry and fishing
B Mining and quarrying
C Manufacturing
D Electricity and gas supply
E Water supply and waste management
F Construction
G Wholesale and retail trade
H Transportation and storage
I Accommodation and food serving
J Information and communication
K Financial institutions
L Renting and buying and selling of real estate
M Consultancy, research and other specialised business services
N Renting and leasing of tangible goods and other business support services
O Public administration, public services and compulsory social security
P Education
Q Health and social work activities
R Culture, sports and recreation
S Other service activities
T Activities of households as employers; undifferentiated goods- and service- producing activities of households for own use
U Extraterritorial organisations",1,2020
26,T001081,2021JJ00,423799.0,327960.0,95839.0,413855.0,4.3,4.4,5.3,64.9,50.2,63.4,38.6,29.9,37.7,1.9,2.0,2.9,0.1,0.2,1.1,6527.0,10984.0,13226.0,13083.0,143.0,2.3,4.2,8565.0,4427.0,4138.0,3863.0,2913.0,951.0,4702.0,1515.0,3187.0,2.0,A-U All economic activities,"All economic activities
This category is made up of the categories:
A Agriculture, forestry and fishing
B Mining and quarrying
C Manufacturing
D Electricity and gas supply
E Water supply and waste management
F Construction
G Wholesale and retail trade
H Transportation and storage
I Accommodation and food serving
J Information and communication
K Financial institutions
L Renting and buying and selling of real estate
M Consultancy, research and other specialised business services
N Renting and leasing of tangible goods and other business support services
O Public administration, public services and compulsory social security
P Education
Q Health and social work activities
R Culture, sports and recreation
S Other service activities
T Activities of households as employers; undifferentiated goods- and service- producing activities of households for own use
U Extraterritorial organisations",1,2021
27,T001081,2022JJ00,454769.0,348914.0,105855.0,451545.0,7.3,6.4,9.1,67.4,51.7,67.0,40.0,30.7,39.7,3.9,3.0,5.6,3.7,2.8,5.5,6744.0,11362.0,13629.0,13489.0,140.0,3.3,3.4,8873.0,4574.0,4299.0,3974.0,2967.0,1007.0,4899.0,1607.0,3292.0,3.6,A-U All economic activities,"All economic activities
This category is made up of the categories:
A Agriculture, forestry and fishing
B Mining and quarrying
C Manufacturing
D Electricity and gas supply
E Water supply and waste management
F Construction
G Wholesale and retail trade
H Transportation and storage
I Accommodation and food serving
J Information and communication
K Financial institutions
L Renting and buying and selling of real estate
M Consultancy, research and other specialised business services
N Renting and leasing of tangible goods and other business support services
O Public administration, public services and compulsory social security
P Education
Q Health and social work activities
R Culture, sports and recreation
S Other service activities
T Activities of households as employers; undifferentiated goods- and service- producing activities of households for own use
U Extraterritorial organisations",1,2022
28,T001081,2023JJ00,489436.0,377681.0,111755.0,487380.0,7.6,8.2,7.9,71.4,55.1,71.1,42.6,32.9,42.5,6.0,6.6,6.3,6.5,7.1,6.8,6850.0,11479.0,13833.0,13704.0,129.0,1.6,1.0,8993.0,4627.0,4365.0,4014.0,2979.0,1034.0,4979.0,1648.0,3331.0,1.4,A-U All economic activities,"All economic activities
This category is made up of the categories:
A Agriculture, forestry and fishing
B Mining and quarrying
C Manufacturing
D Electricity and gas supply
E Water supply and waste management
F Construction
G Wholesale and retail trade
H Transportation and storage
I Accommodation and food serving
J Information and communication
K Financial institutions
L Renting and buying and selling of real estate
M Consultancy, research and other specialised business services
N Renting and leasing of tangible goods and other business support services
O Public administration, public services and compulsory social security
P Education
Q Health and social work activities
R Culture, sports and recreation
S Other service activities
T Activities of households as employers; undifferentiated goods- and service- producing activities of households for own use
U Extraterritorial organisations",1,2023
29,T001081,2024JJ00,525311.0,405129.0,120182.0,523265.0,7.3,7.3,7.4,76.1,58.7,75.9,45.2,34.8,45.0,6.6,6.5,6.6,5.9,5.9,6.0,6898.0,11631.0,14014.0,13889.0,125.0,0.7,1.3,9056.0,4656.0,4400.0,3966.0,2936.0,1031.0,5090.0,1721.0,3369.0,0.7,A-U All economic activities,"All economic activities
This category is made up of the categories:
A Agriculture, forestry and fishing
B Mining and quarrying
C Manufacturing
D Electricity and gas supply
E Water supply and waste management
F Construction
G Wholesale and retail trade
H Transportation and storage
I Accommodation and food serving
J Information and communication
K Financial institutions
L Renting and buying and selling of real estate
M Consultancy, research and other specialised business services
N Renting and leasing of tangible goods and other business support services
O Public administration, public services and compulsory social security
P Education
Q Health and social work activities
R Culture, sports and recreation
S Other service activities
T Activities of households as employers; undifferentiated goods- and service- producing activities of households for own use
U Extraterritorial organisations",1,2024
30,301000 ,1995JJ00,1816.0,1554.0,262.0,1808.0,,,,24.6,21.0,24.5,14.4,12.4,14.4,,,,,,,74.0,126.0,,,,,,109.0,77.0,33.0,,,,,,,,"A Agriculture, forestry and fishing","Agriculture, forestry and fishing",3,1995
31,301000 ,1996JJ00,1881.0,1610.0,271.0,1860.0,3.5,3.5,2.8,25.3,21.6,25.0,14.7,12.6,14.6,2.7,2.8,2.0,1.9,1.9,1.2,74.0,128.0,,,,0.8,1.6,111.0,78.0,33.0,,,,,,,1.9,"A Agriculture, forestry and fishing","Agriculture, forestry and fishing",3,1996
32,301000 ,1997JJ00,1937.0,1675.0,262.0,1893.0,3.1,4.1,1.9,25.5,22.0,24.9,15.0,13.0,14.6,0.8,1.8,-0.3,1.8,2.8,0.6,76.0,129.0,,,,2.3,1.3,116.0,79.0,37.0,,,,,,,4.3,"A Agriculture, forestry and fishing","Agriculture, forestry and fishing",3,1997
33,301000 ,1998JJ00,2015.0,1656.0,359.0,1961.0,4.0,-1.1,3.5,25.8,21.2,25.1,15.1,12.4,14.7,1.4,-3.5,1.0,0.7,-4.2,0.2,78.0,133.0,,,,2.5,3.3,118.0,78.0,40.0,,,,,,,1.5,"A Agriculture, forestry and fishing","Agriculture, forestry and fishing",3,1998
34,301000 ,1999JJ00,2154.0,1751.0,403.0,2099.0,7.0,5.7,7.1,26.5,21.5,25.8,15.5,12.6,15.1,2.5,1.2,2.6,2.5,1.3,2.7,81.0,139.0,,,,4.4,4.4,125.0,81.0,44.0,,,,,,,5.6,"A Agriculture, forestry and fishing","Agriculture, forestry and fishing",3,1999
35,301000 ,2000JJ00,2281.0,1816.0,465.0,2226.0,5.8,3.7,6.0,27.8,22.1,27.1,16.4,13.0,16.0,5.1,3.1,5.3,5.8,3.7,5.9,82.0,139.0,,,,0.6,0.0,124.0,82.0,42.0,,,,,,,-0.5,"A Agriculture, forestry and fishing","Agriculture, forestry and fishing",3,2000
36,301000 ,2001JJ00,2396.0,1948.0,448.0,2337.0,5.0,7.2,4.9,28.6,23.3,27.9,16.5,13.4,16.1,2.9,5.1,2.9,1.0,3.1,0.9,84.0,145.0,,,,2.0,4.0,130.0,85.0,45.0,,,,,,,5.1,"A Agriculture, forestry and fishing","Agriculture, forestry and fishing",3,2001
37,301000 ,2002JJ00,2551.0,2067.0,484.0,2488.0,6.5,6.2,6.5,30.4,24.6,29.6,17.5,14.2,17.1,6.1,5.7,6.1,6.1,5.7,6.1,84.0,145.0,,,,0.4,0.4,130.0,86.0,44.0,,,,,,,-0.3,"A Agriculture, forestry and fishing","Agriculture, forestry and fishing",3,2002
38,301000 ,2003JJ00,2572.0,2053.0,519.0,2510.0,0.8,-0.7,0.8,31.7,25.3,30.9,18.2,14.5,17.7,4.3,2.8,4.4,3.7,2.2,3.7,81.0,141.0,,,,-3.4,-2.8,126.0,83.0,42.0,,,,,,,-3.4,"A Agriculture, forestry and fishing","Agriculture, forestry and fishing",3,2003
39,301000 ,2004JJ00,2523.0,2030.0,493.0,2466.0,-1.8,-1.1,-1.7,31.9,25.7,31.2,18.1,14.6,17.7,0.7,1.5,0.8,-0.4,0.4,-0.2,79.0,139.0,,,,-2.5,-1.5,125.0,83.0,42.0,,,,,,,-0.1,"A Agriculture, forestry and fishing","Agriculture, forestry and fishing",3,2004
40,301000 ,2005JJ00,2495.0,2020.0,475.0,2445.0,-1.1,-0.5,-0.9,31.7,25.6,31.0,18.1,14.7,17.7,-0.8,-0.2,-0.5,-0.1,0.5,0.2,79.0,138.0,,,,-0.3,-1.0,121.0,80.0,41.0,,,,,,,-3.3,"A Agriculture, forestry and fishing","Agriculture, forestry and fishing",3,2005
41,301000 ,2006JJ00,2539.0,2080.0,459.0,2491.0,1.7,3.0,1.8,31.9,26.2,31.3,18.3,15.0,18.0,0.9,2.2,1.0,1.4,2.7,1.5,79.0,138.0,,,,0.8,0.3,122.0,81.0,41.0,,,,,,,0.3,"A Agriculture, forestry and fishing","Agriculture, forestry and fishing",3,2006
42,301000 ,2007JJ00,2669.0,2182.0,487.0,2620.0,5.1,4.9,5.2,33.1,27.1,32.5,19.0,15.5,18.7,3.6,3.4,3.7,3.6,3.3,3.6,81.0,140.0,,,,1.4,1.5,123.0,82.0,41.0,,,,,,,1.1,"A Agriculture, forestry and fishing","Agriculture, forestry and fishing",3,2007
43,301000 ,2008JJ00,2745.0,2243.0,502.0,2695.0,2.8,2.8,2.9,34.7,28.4,34.1,19.8,16.2,19.5,4.8,4.7,4.8,4.4,4.3,4.4,79.0,138.0,,,,-1.9,-1.5,119.0,80.0,40.0,,,,,,,-3.1,"A Agriculture, forestry and fishing","Agriculture, forestry and fishing",3,2008
44,301000 ,2009JJ00,2768.0,2252.0,516.0,2711.0,0.9,0.4,0.7,35.4,28.8,34.6,19.9,16.2,19.5,1.9,1.5,1.7,0.2,-0.2,0.0,78.0,139.0,,,,-1.0,0.7,116.0,77.0,39.0,,,,,,,-3.0,"A Agriculture, forestry and fishing","Agriculture, forestry and fishing",3,2009
45,301000 ,2010JJ00,2822.0,2285.0,537.0,2763.0,1.9,1.5,1.9,36.8,29.8,36.0,20.8,16.8,20.3,4.0,3.6,4.0,4.5,4.0,4.4,77.0,136.0,158.0,155.0,3.0,-2.0,-2.4,113.0,76.0,37.0,53.0,44.0,9.0,60.0,32.0,29.0,-1.8,"A Agriculture, forestry and fishing","Agriculture, forestry and fishing",3,2010
46,301000 ,2011JJ00,2896.0,2316.0,580.0,2846.0,2.7,1.4,3.1,38.1,30.5,37.5,21.3,17.0,21.0,3.6,2.3,4.0,2.7,1.4,3.1,76.0,136.0,157.0,154.0,3.0,-0.9,0.0,113.0,75.0,37.0,51.0,43.0,9.0,61.0,33.0,29.0,-0.7,"A Agriculture, forestry and fishing","Agriculture, forestry and fishing",3,2011
47,301000 ,2012JJ00,2967.0,2349.0,618.0,2924.0,2.4,1.4,2.7,39.4,31.2,38.8,22.0,17.4,21.7,3.2,2.3,3.5,3.3,2.3,3.6,75.0,135.0,157.0,154.0,3.0,-0.8,-0.9,112.0,75.0,37.0,51.0,42.0,9.0,61.0,33.0,28.0,-0.6,"A Agriculture, forestry and fishing","Agriculture, forestry and fishing",3,2012
48,301000 ,2013JJ00,3017.0,2400.0,617.0,2979.0,1.7,2.2,1.9,39.7,31.6,39.2,22.1,17.6,21.8,0.7,1.2,0.9,0.3,0.8,0.5,76.0,137.0,159.0,156.0,4.0,0.9,1.4,110.0,74.0,36.0,52.0,43.0,9.0,58.0,31.0,27.0,-1.3,"A Agriculture, forestry and fishing","Agriculture, forestry and fishing",3,2013
49,301000 ,2014JJ00,3025.0,2391.0,634.0,2999.0,0.3,-0.4,0.7,40.3,31.8,40.0,22.3,17.6,22.1,1.6,0.9,2.0,0.9,0.2,1.3,75.0,136.0,158.0,154.0,4.0,-1.3,-0.6,109.0,73.0,36.0,51.0,42.0,9.0,58.0,31.0,27.0,-1.1,"A Agriculture, forestry and fishing","Agriculture, forestry and fishing",3,2014
50,301000 ,2015JJ00,3009.0,2398.0,611.0,2982.0,-0.6,0.3,-0.6,40.6,32.4,40.3,22.6,18.0,22.4,0.8,1.7,0.8,1.4,2.3,1.3,74.0,133.0,156.0,152.0,4.0,-1.4,-1.9,107.0,72.0,36.0,50.0,41.0,9.0,57.0,30.0,27.0,-1.9,"A Agriculture, forestry and fishing","Agriculture, forestry and fishing",3,2015
51,301000 ,2016JJ00,3102.0,2464.0,638.0,3052.0,3.1,2.7,2.4,41.1,32.7,40.5,22.6,18.0,22.3,1.2,0.8,0.5,0.2,-0.2,-0.5,75.0,137.0,159.0,155.0,4.0,1.9,2.9,109.0,72.0,37.0,51.0,42.0,9.0,58.0,31.0,27.0,1.6,"A Agriculture, forestry and fishing","Agriculture, forestry and fishing",3,2016
52,301000 ,2017JJ00,3241.0,2590.0,651.0,3181.0,4.5,5.2,4.3,41.6,33.3,40.8,22.8,18.2,22.4,1.2,1.8,0.9,0.8,1.4,0.5,78.0,142.0,164.0,161.0,4.0,3.3,3.7,111.0,74.0,38.0,54.0,44.0,10.0,57.0,30.0,28.0,2.1,"A Agriculture, forestry and fishing","Agriculture, forestry and fishing",3,2017
53,301000 ,2018JJ00,3455.0,2743.0,712.0,3401.0,6.6,5.9,6.9,42.9,34.1,42.3,23.4,18.6,23.0,3.2,2.5,3.5,2.7,2.0,3.0,80.0,148.0,171.0,167.0,4.0,3.3,3.8,113.0,74.0,39.0,57.0,45.0,11.0,57.0,29.0,28.0,2.0,"A Agriculture, forestry and fishing","Agriculture, forestry and fishing",3,2018
54,301000 ,2019JJ00,3659.0,2877.0,782.0,3592.0,5.9,4.9,5.6,44.3,34.8,43.5,24.0,18.9,23.6,3.2,2.2,2.9,2.6,1.6,2.3,83.0,152.0,176.0,171.0,4.0,2.7,3.3,115.0,75.0,40.0,58.0,46.0,12.0,57.0,29.0,28.0,1.6,"A Agriculture, forestry and fishing","Agriculture, forestry and fishing",3,2019
55,301000 ,2020JJ00,3809.0,2996.0,813.0,3657.0,4.1,4.1,1.8,45.0,35.4,43.2,24.7,19.4,23.7,1.6,1.6,-0.7,2.7,2.8,0.5,85.0,154.0,181.0,177.0,4.0,2.5,1.3,117.0,76.0,41.0,59.0,47.0,12.0,58.0,29.0,29.0,1.7,"A Agriculture, forestry and fishing","Agriculture, forestry and fishing",3,2020
56,301000 ,2021JJ00,3937.0,3098.0,839.0,3802.0,3.4,3.4,4.0,46.1,36.3,44.6,25.1,19.8,24.3,2.6,2.6,3.2,1.9,1.9,2.5,85.0,157.0,182.0,178.0,4.0,0.8,1.4,119.0,76.0,42.0,60.0,47.0,13.0,59.0,30.0,30.0,1.4,"A Agriculture, forestry and fishing","Agriculture, forestry and fishing",3,2021
57,301000 ,2022JJ00,4120.0,3236.0,884.0,4022.0,4.7,4.4,5.8,48.5,38.1,47.4,26.5,20.8,25.8,5.2,4.9,6.3,5.3,5.0,6.4,85.0,156.0,181.0,177.0,4.0,-0.5,-0.6,116.0,75.0,42.0,60.0,46.0,13.0,57.0,28.0,29.0,-1.9,"A Agriculture, forestry and fishing","Agriculture, forestry and fishing",3,2022
58,301000 ,2023JJ00,4400.0,3450.0,950.0,4310.0,6.7,6.6,7.1,52.1,40.8,51.0,28.5,22.4,28.0,7.3,7.2,7.7,7.8,7.7,8.2,84.0,154.0,180.0,176.0,4.0,-0.5,-1.0,115.0,73.0,41.0,59.0,46.0,13.0,55.0,27.0,28.0,-1.6,"A Agriculture, forestry and fishing","Agriculture, forestry and fishing",3,2023
59,301000 ,2024JJ00,4773.0,3719.0,1054.0,4708.0,8.5,7.8,9.2,56.5,44.0,55.7,30.8,24.0,30.3,8.5,7.8,9.2,7.8,7.1,8.5,84.0,155.0,180.0,177.0,4.0,0.0,0.6,114.0,73.0,42.0,59.0,45.0,14.0,56.0,28.0,28.0,-0.3,"A Agriculture, forestry and fishing","Agriculture, forestry and fishing",3,2024
60,301100 ,1995JJ00,1640.0,1406.0,234.0,1632.0,,,,23.3,20.0,23.2,13.8,11.9,13.8,,,,,,,70.0,118.0,,,,,,105.0,73.0,32.0,,,,,,,,01 Agriculture,Agriculture and related service activities,6,1995
61,301100 ,1996JJ00,1716.0,1475.0,241.0,1695.0,4.6,4.8,3.8,24.1,20.7,23.8,14.2,12.2,14.0,3.4,3.6,2.6,2.5,2.8,1.8,71.0,121.0,,,,1.2,2.0,107.0,75.0,33.0,,,,,,,2.3,01 Agriculture,Agriculture and related service activities,6,1996
62,301100 ,1997JJ00,1780.0,1539.0,241.0,1736.0,3.8,4.4,2.5,24.4,21.1,23.8,14.5,12.5,14.2,1.3,1.8,0.0,2.3,2.8,1.0,73.0,123.0,,,,2.5,1.5,112.0,76.0,36.0,,,,,,,4.5,01 Agriculture,Agriculture and related service activities,6,1997
63,301100 ,1998JJ00,1857.0,1525.0,332.0,1803.0,4.3,-0.9,3.8,24.8,20.4,24.1,14.6,12.0,14.2,1.6,-3.4,1.1,0.8,-4.1,0.4,75.0,127.0,,,,2.6,3.4,114.0,74.0,39.0,,,,,,,1.7,01 Agriculture,Agriculture and related service activities,6,1998
64,301100 ,1999JJ00,1986.0,1611.0,375.0,1931.0,7.0,5.6,7.2,25.4,20.6,24.7,15.0,12.2,14.6,2.4,1.0,2.5,2.4,1.1,2.6,78.0,132.0,,,,4.5,4.5,120.0,77.0,43.0,,,,,,,5.7,01 Agriculture,Agriculture and related service activities,6,1999
65,301100 ,2000JJ00,2113.0,1683.0,430.0,2058.0,6.4,4.5,6.6,26.8,21.3,26.1,15.9,12.7,15.5,5.4,3.5,5.6,6.0,4.2,6.2,79.0,133.0,,,,0.9,0.3,120.0,78.0,42.0,,,,,,,-0.3,01 Agriculture,Agriculture and related service activities,6,2000
66,301100 ,2001JJ00,2229.0,1813.0,416.0,2170.0,5.5,7.7,5.4,27.8,22.6,27.1,16.1,13.1,15.6,3.8,6.1,3.8,1.2,3.3,1.1,80.0,139.0,,,,1.6,4.2,127.0,82.0,44.0,,,,,,,5.3,01 Agriculture,Agriculture and related service activities,6,2001
67,301100 ,2002JJ00,2394.0,1940.0,454.0,2331.0,7.5,7.0,7.5,29.7,24.1,28.9,17.2,13.9,16.7,6.8,6.4,6.8,6.7,6.3,6.7,81.0,140.0,,,,0.6,0.7,126.0,83.0,44.0,,,,,,,-0.3,01 Agriculture,Agriculture and related service activities,6,2002
68,301100 ,2003JJ00,2405.0,1920.0,485.0,2343.0,0.4,-1.0,0.5,30.9,24.7,30.1,17.8,14.2,17.3,4.2,2.6,4.2,3.5,2.0,3.6,78.0,135.0,,,,-3.6,-3.0,122.0,80.0,42.0,,,,,,,-3.5,01 Agriculture,Agriculture and related service activities,6,2003
69,301100 ,2004JJ00,2364.0,1905.0,459.0,2307.0,-1.6,-0.7,-1.5,31.1,25.1,30.4,17.7,14.3,17.3,0.7,1.7,0.9,-0.4,0.5,-0.2,76.0,134.0,,,,-2.4,-1.2,122.0,80.0,42.0,,,,,,,0.1,01 Agriculture,Agriculture and related service activities,6,2004
70,301100 ,2005JJ00,2355.0,1908.0,447.0,2306.0,-0.4,0.1,-0.1,31.0,25.1,30.3,17.7,14.4,17.4,-0.5,0.0,-0.2,0.2,0.7,0.5,76.0,133.0,,,,0.1,-0.6,118.0,78.0,40.0,,,,,,,-3.1,01 Agriculture,Agriculture and related service activities,6,2005
71,301100 ,2006JJ00,2403.0,1970.0,433.0,2356.0,2.0,3.3,2.1,31.3,25.7,30.7,18.0,14.7,17.6,1.0,2.2,1.1,1.5,2.7,1.6,77.0,134.0,,,,1.0,0.5,119.0,78.0,40.0,,,,,,,0.4,01 Agriculture,Agriculture and related service activities,6,2006
72,301100 ,2007JJ00,2521.0,2062.0,459.0,2473.0,4.9,4.7,5.0,32.4,26.5,31.8,18.6,15.2,18.2,3.5,3.2,3.5,3.4,3.1,3.5,78.0,136.0,,,,1.4,1.5,120.0,79.0,40.0,,,,,,,1.1,01 Agriculture,Agriculture and related service activities,6,2007
73,301100 ,2008JJ00,2604.0,2125.0,479.0,2554.0,3.3,3.0,3.2,34.1,27.8,33.4,19.5,15.9,19.1,5.3,5.1,5.3,4.9,4.6,4.9,76.0,133.0,,,,-1.9,-1.6,116.0,77.0,39.0,,,,,,,-3.2,01 Agriculture,Agriculture and related service activities,6,2008
74,301100 ,2009JJ00,2625.0,2134.0,491.0,2568.0,0.9,0.5,0.6,34.8,28.3,34.0,19.6,15.9,19.1,2.0,1.6,1.7,0.2,-0.2,0.0,75.0,134.0,,,,-1.1,0.6,112.0,75.0,38.0,,,,,,,-3.1,01 Agriculture,Agriculture and related service activities,6,2009
75,301100 ,2010JJ00,2669.0,2160.0,509.0,2611.0,1.7,1.2,1.7,36.1,29.2,35.3,20.4,16.5,19.9,3.7,3.3,3.7,4.2,3.7,4.2,74.0,131.0,153.0,150.0,3.0,-2.0,-2.4,110.0,74.0,37.0,51.0,42.0,8.0,59.0,31.0,28.0,-1.8,01 Agriculture,Agriculture and related service activities,6,2010
76,301100 ,2011JJ00,2744.0,2192.0,552.0,2695.0,2.9,1.6,3.3,37.4,29.9,36.8,20.9,16.7,20.6,3.8,2.5,4.2,2.8,1.5,3.2,73.0,131.0,152.0,149.0,3.0,-0.9,0.1,110.0,73.0,37.0,49.0,41.0,9.0,60.0,32.0,28.0,-0.7,01 Agriculture,Agriculture and related service activities,6,2011
77,301100 ,2012JJ00,2812.0,2228.0,584.0,2770.0,2.4,1.6,2.7,38.6,30.6,38.1,21.6,17.1,21.3,3.2,2.4,3.5,3.2,2.4,3.5,73.0,130.0,152.0,148.0,3.0,-0.8,-0.8,109.0,73.0,36.0,49.0,40.0,8.0,60.0,32.0,28.0,-0.6,01 Agriculture,Agriculture and related service activities,6,2012
78,301100 ,2013JJ00,2860.0,2274.0,586.0,2823.0,1.7,2.1,1.9,38.9,31.0,38.4,21.7,17.2,21.4,0.7,1.1,0.9,0.3,0.7,0.5,73.0,132.0,154.0,150.0,4.0,1.0,1.4,107.0,72.0,36.0,50.0,41.0,9.0,57.0,30.0,27.0,-1.3,01 Agriculture,Agriculture and related service activities,6,2013
79,301100 ,2014JJ00,2863.0,2261.0,602.0,2837.0,0.1,-0.6,0.5,39.5,31.2,39.2,21.9,17.3,21.7,1.5,0.7,1.9,0.8,0.1,1.2,72.0,131.0,152.0,149.0,4.0,-1.4,-0.7,106.0,71.0,35.0,49.0,40.0,9.0,57.0,31.0,27.0,-1.2,01 Agriculture,Agriculture and related service activities,6,2014
80,301100 ,2015JJ00,2850.0,2271.0,579.0,2823.0,-0.5,0.5,-0.5,39.9,31.8,39.5,22.2,17.7,22.0,1.0,1.9,0.9,1.5,2.4,1.4,71.0,128.0,150.0,146.0,4.0,-1.4,-1.9,104.0,69.0,35.0,48.0,39.0,9.0,56.0,30.0,26.0,-1.9,01 Agriculture,Agriculture and related service activities,6,2015
81,301100 ,2016JJ00,2937.0,2332.0,605.0,2887.0,3.1,2.7,2.3,40.3,32.0,39.7,22.2,17.6,21.8,1.1,0.7,0.4,0.1,-0.3,-0.7,73.0,132.0,153.0,149.0,4.0,1.9,3.0,106.0,70.0,36.0,49.0,40.0,9.0,57.0,30.0,27.0,1.6,01 Agriculture,Agriculture and related service activities,6,2016
82,301100 ,2017JJ00,3057.0,2442.0,615.0,2997.0,4.1,4.7,3.8,40.8,32.6,40.0,22.3,17.8,21.9,1.0,1.7,0.8,0.6,1.2,0.3,75.0,137.0,158.0,155.0,4.0,3.0,3.5,108.0,71.0,37.0,52.0,42.0,10.0,56.0,29.0,27.0,1.8,01 Agriculture,Agriculture and related service activities,6,2017
83,301100 ,2018JJ00,3259.0,2587.0,672.0,3205.0,6.6,6.0,7.0,42.1,33.4,41.4,22.9,18.2,22.6,3.2,2.6,3.5,2.8,2.1,3.1,77.0,142.0,165.0,160.0,4.0,3.3,3.7,110.0,72.0,38.0,54.0,43.0,11.0,56.0,28.0,27.0,1.9,01 Agriculture,Agriculture and related service activities,6,2018
84,301100 ,2019JJ00,3455.0,2716.0,739.0,3388.0,6.0,5.0,5.7,43.4,34.1,42.6,23.5,18.5,23.1,3.2,2.2,2.9,2.6,1.6,2.3,80.0,147.0,169.0,165.0,4.0,2.7,3.3,112.0,72.0,39.0,56.0,44.0,12.0,56.0,28.0,28.0,1.6,01 Agriculture,Agriculture and related service activities,6,2019
85,301100 ,2020JJ00,3591.0,2824.0,767.0,3447.0,3.9,4.0,1.7,44.0,34.6,42.3,24.1,19.0,23.1,1.4,1.4,-0.7,2.4,2.4,0.2,82.0,149.0,174.0,170.0,4.0,2.5,1.5,113.0,73.0,40.0,57.0,45.0,12.0,57.0,28.0,28.0,1.6,01 Agriculture,Agriculture and related service activities,6,2020
86,301100 ,2021JJ00,3713.0,2922.0,791.0,3586.0,3.4,3.5,4.1,45.2,35.6,43.7,24.6,19.4,23.8,2.7,2.8,3.3,2.0,2.1,2.7,82.0,151.0,175.0,171.0,4.0,0.7,1.3,115.0,74.0,41.0,57.0,45.0,13.0,58.0,29.0,29.0,1.3,01 Agriculture,Agriculture and related service activities,6,2021
87,301100 ,2022JJ00,3882.0,3050.0,832.0,3788.0,4.6,4.4,5.6,47.6,37.4,46.4,25.9,20.4,25.3,5.2,5.0,6.3,5.4,5.2,6.5,82.0,150.0,174.0,170.0,4.0,-0.6,-0.8,113.0,72.0,41.0,57.0,44.0,13.0,55.0,27.0,28.0,-2.1,01 Agriculture,Agriculture and related service activities,6,2022
88,301100 ,2023JJ00,4148.0,3253.0,895.0,4058.0,6.8,6.7,7.1,51.1,40.1,50.0,28.0,21.9,27.4,7.5,7.3,7.7,7.9,7.8,8.2,81.0,148.0,173.0,169.0,4.0,-0.6,-1.0,111.0,70.0,40.0,57.0,44.0,13.0,54.0,27.0,27.0,-1.7,01 Agriculture,Agriculture and related service activities,6,2023
89,301100 ,2024JJ00,4502.0,3506.0,996.0,4437.0,8.5,7.8,9.3,55.5,43.3,54.7,30.2,23.5,29.8,8.6,7.9,9.4,7.9,7.2,8.7,81.0,149.0,173.0,170.0,4.0,-0.1,0.6,110.0,70.0,41.0,56.0,43.0,13.0,54.0,27.0,27.0,-0.3,01 Agriculture,Agriculture and related service activities,6,2024
90,304300 ,1995JJ00,61.0,45.0,16.0,61.0,,,,45.4,33.4,45.4,23.3,17.1,23.3,,,,,,,1.0,3.0,,,,,,2.0,1.0,0.0,,,,,,,,02 Forestry and logging,Forestry and logging,6,1995
91,304300 ,1996JJ00,62.0,42.0,20.0,62.0,1.6,-6.5,1.6,46.1,31.2,46.1,23.5,15.9,23.5,1.6,-6.5,1.6,0.7,-7.3,0.7,1.0,3.0,,,,0.1,0.9,2.0,1.0,0.0,,,,,,,1.2,02 Forestry and logging,Forestry and logging,6,1996
92,304300 ,1997JJ00,58.0,45.0,13.0,58.0,-6.4,6.9,-6.4,42.6,32.9,42.6,21.9,16.9,21.9,-7.6,5.5,-7.6,-6.7,6.6,-6.7,1.0,3.0,,,,1.3,0.3,2.0,1.0,0.0,,,,,,,3.5,02 Forestry and logging,Forestry and logging,6,1997
93,304300 ,1998JJ00,57.0,45.0,12.0,57.0,-1.3,0.0,-1.3,41.3,32.3,41.3,21.1,16.5,21.1,-3.2,-1.9,-3.2,-3.8,-2.6,-3.8,1.0,3.0,,,,1.9,2.6,2.0,1.0,0.0,,,,,,,0.6,02 Forestry and logging,Forestry and logging,6,1998
94,304300 ,1999JJ00,61.0,49.0,12.0,61.0,7.6,9.7,7.6,42.8,34.2,42.8,21.9,17.5,21.9,3.8,5.9,3.8,3.9,6.0,3.9,1.0,3.0,,,,3.6,3.5,2.0,1.0,0.0,,,,,,,5.0,02 Forestry and logging,Forestry and logging,6,1999
95,304300 ,2000JJ00,66.0,49.0,17.0,66.0,7.5,0.0,7.5,45.8,34.0,45.8,23.6,17.5,23.6,6.9,-0.5,6.9,7.7,0.2,7.7,1.0,3.0,,,,0.5,-0.1,2.0,1.0,0.0,,,,,,,-0.1,02 Forestry and logging,Forestry and logging,6,2000
96,304300 ,2001JJ00,72.0,55.0,17.0,72.0,8.7,11.8,8.7,41.4,31.6,41.4,24.5,18.7,24.5,-9.7,-7.1,-9.7,4.0,6.9,4.0,2.0,3.0,,,,20.3,4.5,2.0,2.0,0.0,,,,,,,5.1,02 Forestry and logging,Forestry and logging,6,2001
97,304300 ,2002JJ00,72.0,55.0,17.0,72.0,-0.3,-0.2,-0.3,41.5,31.6,41.5,24.6,18.8,24.6,0.1,0.2,0.1,0.3,0.3,0.3,2.0,3.0,,,,-0.4,-0.6,2.0,2.0,0.0,,,,,,,1.8,02 Forestry and logging,Forestry and logging,6,2002
98,304300 ,2003JJ00,78.0,57.0,21.0,78.0,8.4,4.3,8.4,44.8,32.9,44.8,26.8,19.7,26.8,8.0,3.9,8.0,8.9,4.7,8.9,2.0,3.0,,,,0.3,-0.4,2.0,2.0,0.0,,,,,,,-0.1,02 Forestry and logging,Forestry and logging,6,2003
99,304300 ,2004JJ00,78.0,57.0,21.0,78.0,0.7,0.5,0.7,46.1,33.8,46.1,27.2,19.9,27.2,3.0,2.8,3.0,1.7,1.4,1.7,2.0,3.0,,,,-2.2,-1.0,2.0,1.0,0.0,,,,,,,-6.1,02 Forestry and logging,Forestry and logging,6,2004
100,304300 ,2005JJ00,68.0,51.0,17.0,68.0,-12.6,-10.4,-12.6,45.3,34.0,45.3,27.1,20.3,27.1,-1.8,0.7,-1.8,-0.6,1.9,-0.6,2.0,3.0,,,,-11.0,-12.1,2.0,1.0,0.0,,,,,,,-13.5,02 Forestry and logging,Forestry and logging,6,2005
101,304300 ,2006JJ00,69.0,52.0,17.0,69.0,1.2,2.1,1.2,46.2,35.0,46.2,27.8,21.1,27.8,2.1,3.0,2.1,2.8,3.7,2.8,1.0,2.0,,,,-0.9,-1.5,2.0,1.0,0.0,,,,,,,-0.4,02 Forestry and logging,Forestry and logging,6,2006
102,304300 ,2007JJ00,74.0,56.0,18.0,74.0,6.7,7.1,6.7,47.8,36.4,47.8,28.7,21.8,28.7,3.4,3.8,3.4,3.3,3.7,3.3,2.0,3.0,,,,3.2,3.3,2.0,1.0,0.0,,,,,,,2.5,02 Forestry and logging,Forestry and logging,6,2007
103,304300 ,2008JJ00,72.0,59.0,13.0,72.0,-2.6,5.1,-2.6,45.2,37.1,45.2,27.4,22.5,27.4,-5.4,2.1,-5.4,-4.7,2.8,-4.7,2.0,3.0,,,,2.9,2.2,2.0,1.0,0.0,,,,,,,3.0,02 Forestry and logging,Forestry and logging,6,2008
104,304300 ,2009JJ00,77.0,61.0,16.0,77.0,7.1,2.9,7.1,47.8,37.8,47.8,28.8,22.8,28.8,5.8,1.7,5.8,5.4,1.3,5.4,2.0,3.0,,,,1.2,1.6,2.0,1.0,0.0,,,,,,,1.8,02 Forestry and logging,Forestry and logging,6,2009
105,304300 ,2010JJ00,87.0,68.0,19.0,87.0,12.7,11.7,12.7,53.3,41.7,53.3,32.2,25.2,32.2,11.4,10.4,11.4,11.6,10.6,11.6,2.0,3.0,3.0,3.0,0.0,1.1,1.0,2.0,1.0,0.0,1.0,1.0,0.0,1.0,0.0,0.0,2.8,02 Forestry and logging,Forestry and logging,6,2010
106,304300 ,2011JJ00,84.0,65.0,19.0,84.0,-2.9,-4.4,-2.9,51.9,39.9,51.9,31.3,24.1,31.3,-2.7,-4.2,-2.7,-2.9,-4.4,-2.9,2.0,3.0,3.0,3.0,0.0,-0.2,0.0,2.0,1.0,0.0,1.0,1.0,0.0,1.0,0.0,0.0,1.2,02 Forestry and logging,Forestry and logging,6,2011
107,304300 ,2012JJ00,84.0,63.0,21.0,84.0,-0.5,-2.8,-0.5,54.9,41.3,54.9,33.2,24.9,33.2,5.8,3.3,5.8,6.1,3.7,6.1,2.0,3.0,3.0,3.0,0.0,-5.9,-6.2,2.0,1.0,0.0,1.0,1.0,0.0,1.0,0.0,0.0,-6.1,02 Forestry and logging,Forestry and logging,6,2012
108,304300 ,2013JJ00,84.0,65.0,19.0,84.0,-0.1,3.1,-0.1,56.9,44.2,56.9,34.5,26.8,34.5,3.6,7.0,3.6,3.9,7.3,3.9,1.0,2.0,3.0,3.0,0.0,-3.6,-3.9,2.0,1.0,0.0,1.0,1.0,0.0,1.0,0.0,0.0,-3.4,02 Forestry and logging,Forestry and logging,6,2013
109,304300 ,2014JJ00,83.0,64.0,19.0,83.0,-0.9,-1.8,-0.9,57.5,44.2,57.5,34.6,26.6,34.6,1.1,0.1,1.1,0.3,-0.7,0.3,1.0,2.0,3.0,3.0,0.0,-1.9,-1.2,2.0,1.0,0.0,1.0,1.0,0.0,1.0,0.0,0.0,-1.8,02 Forestry and logging,Forestry and logging,6,2014
110,304300 ,2015JJ00,83.0,64.0,19.0,83.0,-0.2,0.2,-0.2,55.1,42.6,55.1,33.4,25.8,33.4,-4.1,-3.7,-4.1,-3.5,-3.1,-3.5,2.0,2.0,3.0,3.0,0.0,4.0,3.4,2.0,1.0,0.0,1.0,1.0,0.0,1.0,0.0,0.0,3.8,02 Forestry and logging,Forestry and logging,6,2015
111,304300 ,2016JJ00,90.0,70.0,20.0,90.0,8.9,9.5,8.9,57.5,44.7,57.5,34.7,27.0,34.7,4.3,4.9,4.3,4.1,4.7,4.1,2.0,3.0,3.0,3.0,0.0,4.4,4.6,2.0,1.0,0.0,1.0,1.0,0.0,1.0,0.0,0.0,4.3,02 Forestry and logging,Forestry and logging,6,2016
112,304300 ,2017JJ00,99.0,77.0,22.0,99.0,10.5,10.5,10.5,58.3,45.3,58.3,35.5,27.6,35.5,1.4,1.4,1.4,2.3,2.3,2.3,2.0,3.0,3.0,3.0,0.0,9.0,8.1,2.0,1.0,1.0,1.0,1.0,0.0,1.0,0.0,0.0,8.6,02 Forestry and logging,Forestry and logging,6,2017
113,304300 ,2018JJ00,106.0,81.0,25.0,106.0,6.5,5.2,6.5,60.2,46.2,60.2,36.7,28.2,36.7,3.2,1.9,3.2,3.3,2.0,3.3,2.0,3.0,3.0,3.0,0.0,3.3,3.2,2.0,1.0,1.0,1.0,1.0,0.0,1.0,0.0,0.0,3.5,02 Forestry and logging,Forestry and logging,6,2018
114,304300 ,2019JJ00,112.0,85.0,27.0,112.0,6.0,4.9,6.0,62.1,47.2,62.1,37.9,28.8,37.9,3.3,2.2,3.3,3.2,2.1,3.2,2.0,3.0,3.0,3.0,0.0,2.7,2.8,2.0,1.0,1.0,1.0,1.0,0.0,1.0,0.0,0.0,2.6,02 Forestry and logging,Forestry and logging,6,2019
115,304300 ,2020JJ00,119.0,90.0,29.0,119.0,6.4,5.8,6.4,65.5,49.5,65.5,43.6,32.9,43.6,5.4,4.9,5.4,15.1,14.6,15.1,2.0,3.0,4.0,4.0,0.0,0.9,-7.6,2.0,1.0,1.0,1.0,1.0,0.0,1.0,0.0,0.0,1.8,02 Forestry and logging,Forestry and logging,6,2020
116,304300 ,2021JJ00,121.0,91.0,30.0,121.0,1.2,1.1,1.2,64.8,49.0,64.8,42.9,32.4,42.9,-1.1,-1.1,-1.1,-1.5,-1.6,-1.5,2.0,3.0,4.0,4.0,0.0,2.3,2.7,2.0,1.0,1.0,1.0,1.0,0.0,1.0,0.0,0.0,1.6,02 Forestry and logging,Forestry and logging,6,2021
117,304300 ,2022JJ00,130.0,97.0,33.0,130.0,7.2,6.3,7.2,66.7,50.0,66.7,41.4,31.0,41.4,2.9,2.1,2.9,-3.6,-4.4,-3.6,2.0,3.0,4.0,4.0,0.0,4.2,11.2,2.0,2.0,1.0,1.0,1.0,0.0,1.0,0.0,0.0,4.8,02 Forestry and logging,Forestry and logging,6,2022
118,304300 ,2023JJ00,140.0,106.0,34.0,140.0,7.9,9.1,7.9,70.2,53.2,70.2,44.3,33.5,44.3,5.3,6.5,5.3,7.0,8.2,7.0,2.0,3.0,4.0,4.0,0.0,2.5,0.9,2.0,2.0,1.0,1.0,1.0,0.0,1.0,0.0,0.0,1.8,02 Forestry and logging,Forestry and logging,6,2023
119,304300 ,2024JJ00,155.0,119.0,36.0,155.0,10.6,11.4,10.6,75.7,57.7,75.7,47.2,36.0,47.2,7.8,8.6,7.8,6.6,7.4,6.6,2.0,3.0,4.0,4.0,0.0,2.6,3.8,2.0,2.0,1.0,1.0,1.0,0.0,1.0,0.0,0.0,2.3,02 Forestry and logging,Forestry and logging,6,2024
120,305000 ,1995JJ00,115.0,103.0,12.0,115.0,,,,52.0,46.6,52.0,24.9,22.3,24.9,,,,,,,2.0,5.0,,,,,,3.0,2.0,0.0,,,,,,,,03 Fishing and aquaculture,Fishing and aquaculture,6,1995
121,305000 ,1996JJ00,103.0,93.0,10.0,103.0,-10.5,-9.7,-10.5,52.9,47.8,52.9,24.6,22.2,24.6,1.8,2.7,1.8,-1.3,-0.5,-1.3,2.0,4.0,,,,-12.0,-9.3,2.0,2.0,0.0,,,,,,,-11.1,03 Fishing and aquaculture,Fishing and aquaculture,6,1996
122,305000 ,1997JJ00,99.0,91.0,8.0,99.0,-3.1,-1.6,-3.1,54.4,49.9,54.4,25.3,23.2,25.3,2.9,4.4,2.9,2.8,4.3,2.8,2.0,4.0,,,,-5.8,-5.7,2.0,2.0,0.0,,,,,,,-3.7,03 Fishing and aquaculture,Fishing and aquaculture,6,1997
123,305000 ,1998JJ00,101.0,86.0,15.0,101.0,1.6,-5.5,1.6,56.1,47.9,56.1,25.8,22.0,25.8,3.2,-4.1,3.2,2.0,-5.1,2.0,2.0,4.0,,,,-1.5,-0.4,2.0,2.0,0.0,,,,,,,-3.1,03 Fishing and aquaculture,Fishing and aquaculture,6,1998
124,305000 ,1999JJ00,107.0,91.0,16.0,107.0,6.5,5.7,6.5,58.9,49.9,58.9,27.0,22.9,27.0,4.9,4.2,4.9,4.9,4.1,4.9,2.0,4.0,,,,1.5,1.6,2.0,2.0,0.0,,,,,,,2.8,03 Fishing and aquaculture,Fishing and aquaculture,6,1999
125,305000 ,2000JJ00,102.0,84.0,18.0,102.0,-5.8,-8.1,-5.8,62.5,51.6,62.5,28.1,23.2,28.1,6.0,3.4,6.0,4.0,1.4,4.0,2.0,4.0,,,,-11.1,-9.4,2.0,2.0,0.0,,,,,,,-11.3,03 Fishing and aquaculture,Fishing and aquaculture,6,2000
126,305000 ,2001JJ00,95.0,80.0,15.0,95.0,-7.3,-5.0,-7.3,54.0,45.6,54.0,28.0,23.7,28.0,-13.6,-11.5,-13.6,-0.5,1.9,-0.5,2.0,3.0,,,,7.3,-6.8,2.0,2.0,0.0,,,,,,,-10.3,03 Fishing and aquaculture,Fishing and aquaculture,6,2001
127,305000 ,2002JJ00,85.0,72.0,13.0,85.0,-9.8,-9.3,-9.8,53.8,45.7,53.8,28.5,24.3,28.5,-0.4,0.1,-0.4,2.0,2.6,2.0,2.0,3.0,,,,-9.4,-11.6,2.0,2.0,0.0,,,,,,,-6.3,03 Fishing and aquaculture,Fishing and aquaculture,6,2002
128,305000 ,2003JJ00,89.0,76.0,13.0,89.0,4.5,5.2,4.5,55.5,47.5,55.5,28.4,24.3,28.4,3.1,3.9,3.1,-0.7,0.1,-0.7,2.0,3.0,,,,1.3,5.1,2.0,1.0,0.0,,,,,,,1.7,03 Fishing and aquaculture,Fishing and aquaculture,6,2003
129,305000 ,2004JJ00,81.0,68.0,13.0,81.0,-9.6,-11.0,-9.6,55.3,46.7,55.3,29.1,24.6,29.1,-0.3,-1.8,-0.3,2.8,1.3,2.8,1.0,3.0,,,,-9.4,-12.1,2.0,1.0,0.0,,,,,,,-10.1,03 Fishing and aquaculture,Fishing and aquaculture,6,2004
130,305000 ,2005JJ00,72.0,61.0,11.0,71.0,-11.2,-10.4,-12.5,55.0,46.8,54.2,29.2,24.9,28.8,-0.5,0.4,-1.9,0.2,1.1,-1.2,1.0,2.0,,,,-10.8,-11.4,2.0,1.0,0.0,,,,,,,-4.7,03 Fishing and aquaculture,Fishing and aquaculture,6,2005
131,305000 ,2006JJ00,67.0,58.0,9.0,66.0,-6.6,-4.5,-6.7,55.9,48.6,55.0,29.8,26.0,29.4,1.5,3.8,1.4,2.2,4.5,2.1,1.0,2.0,,,,-7.9,-8.6,1.0,1.0,0.0,,,,,,,-7.9,03 Fishing and aquaculture,Fishing and aquaculture,6,2006
132,305000 ,2007JJ00,74.0,64.0,10.0,73.0,10.2,10.1,10.4,60.7,52.8,59.9,32.3,28.1,31.9,8.7,8.6,8.9,8.2,8.1,8.4,1.0,2.0,,,,1.4,1.9,1.0,1.0,0.0,,,,,,,4.4,03 Fishing and aquaculture,Fishing and aquaculture,6,2007
133,305000 ,2008JJ00,69.0,59.0,10.0,69.0,-6.1,-7.4,-4.8,59.5,51.0,59.5,30.4,26.1,30.4,-2.0,-3.4,-0.6,-5.8,-7.1,-4.5,1.0,2.0,,,,-4.1,-0.3,1.0,1.0,0.0,,,,,,,-1.9,03 Fishing and aquaculture,Fishing and aquaculture,6,2008
134,305000 ,2009JJ00,66.0,57.0,9.0,66.0,-4.1,-3.4,-4.1,56.2,48.6,56.2,28.4,24.5,28.4,-5.5,-4.8,-5.5,-6.6,-6.0,-6.6,1.0,2.0,,,,1.5,2.7,1.0,1.0,0.0,,,,,,,-0.9,03 Fishing and aquaculture,Fishing and aquaculture,6,2009
135,305000 ,2010JJ00,66.0,57.0,9.0,65.0,0.4,0.4,-1.2,60.9,52.6,60.0,30.6,26.5,30.2,8.4,8.4,6.7,7.7,7.8,6.1,1.0,2.0,3.0,3.0,0.0,-7.4,-6.9,1.0,1.0,0.0,1.0,1.0,0.0,0.0,0.0,0.0,-5.9,03 Fishing and aquaculture,Fishing and aquaculture,6,2010
136,305000 ,2011JJ00,68.0,59.0,9.0,67.0,2.5,2.9,2.5,65.2,56.6,64.3,32.7,28.4,32.2,7.1,7.5,7.2,6.9,7.3,6.9,1.0,2.0,2.0,2.0,0.0,-4.3,-4.1,1.0,1.0,0.0,1.0,1.0,0.0,0.0,0.0,0.0,-3.0,03 Fishing and aquaculture,Fishing and aquaculture,6,2011
137,305000 ,2012JJ00,71.0,58.0,13.0,70.0,4.1,-1.2,4.2,66.9,55.1,66.0,34.1,28.1,33.6,2.6,-2.6,2.7,4.3,-1.0,4.4,1.0,2.0,2.0,2.0,0.0,1.5,-0.2,1.0,1.0,0.0,1.0,1.0,0.0,0.0,0.0,0.0,2.5,03 Fishing and aquaculture,Fishing and aquaculture,6,2012
138,305000 ,2013JJ00,73.0,61.0,12.0,72.0,2.3,4.0,2.4,65.5,54.8,64.6,32.1,26.9,31.7,-2.1,-0.5,-2.1,-5.9,-4.4,-5.9,1.0,2.0,3.0,3.0,0.0,4.5,8.8,1.0,1.0,0.0,1.0,1.0,0.0,0.0,0.0,0.0,3.0,03 Fishing and aquaculture,Fishing and aquaculture,6,2013
139,305000 ,2014JJ00,79.0,66.0,13.0,79.0,8.5,8.8,10.1,68.1,57.2,68.1,32.8,27.5,32.8,4.0,4.3,5.4,2.0,2.3,3.5,1.0,2.0,3.0,3.0,0.0,4.4,6.4,1.0,1.0,0.0,1.0,1.0,0.0,0.0,0.0,0.0,5.8,03 Fishing and aquaculture,Fishing and aquaculture,6,2014
140,305000 ,2015JJ00,76.0,63.0,13.0,76.0,-3.8,-4.6,-3.8,69.8,58.0,69.8,33.4,27.8,33.4,2.4,1.6,2.4,1.9,1.1,1.9,1.0,2.0,3.0,3.0,0.0,-6.0,-5.6,1.0,1.0,0.0,1.0,1.0,0.0,0.0,0.0,0.0,-5.6,03 Fishing and aquaculture,Fishing and aquaculture,6,2015
141,305000 ,2016JJ00,75.0,62.0,13.0,75.0,-1.3,-1.7,-1.3,71.6,59.4,71.6,33.8,28.0,33.8,2.6,2.2,2.6,1.3,0.9,1.3,1.0,2.0,3.0,2.0,0.0,-3.9,-2.6,1.0,1.0,0.0,1.0,1.0,0.0,0.0,0.0,0.0,-1.7,03 Fishing and aquaculture,Fishing and aquaculture,6,2016
142,305000 ,2017JJ00,85.0,71.0,14.0,85.0,13.0,14.4,13.0,71.7,60.2,71.7,34.7,29.1,34.7,0.2,1.4,0.2,2.7,3.9,2.7,1.0,2.0,3.0,3.0,0.0,12.8,10.1,1.0,1.0,0.0,1.0,1.0,0.0,0.0,0.0,0.0,11.4,03 Fishing and aquaculture,Fishing and aquaculture,6,2017
143,305000 ,2018JJ00,90.0,75.0,15.0,90.0,6.2,5.7,6.2,72.0,60.1,72.0,34.1,28.5,34.1,0.4,-0.1,0.4,-1.7,-2.3,-1.7,1.0,3.0,3.0,3.0,0.0,5.8,8.1,2.0,1.0,0.0,1.0,1.0,0.0,1.0,0.0,0.0,6.0,03 Fishing and aquaculture,Fishing and aquaculture,6,2018
144,305000 ,2019JJ00,92.0,76.0,16.0,92.0,2.5,1.4,2.5,74.5,61.5,74.5,35.1,29.0,35.1,3.4,2.3,3.4,3.0,1.9,3.0,1.0,3.0,3.0,3.0,0.0,-0.9,-0.5,2.0,1.0,0.0,1.0,1.0,0.0,1.0,0.0,0.0,-0.3,03 Fishing and aquaculture,Fishing and aquaculture,6,2019
145,305000 ,2020JJ00,99.0,82.0,17.0,91.0,7.6,7.7,-1.1,76.7,63.4,70.5,37.3,30.8,34.3,3.0,3.1,-5.3,6.1,6.3,-2.5,1.0,3.0,3.0,3.0,0.0,4.5,1.4,2.0,1.0,0.0,1.0,1.0,0.0,1.0,0.0,0.0,4.8,03 Fishing and aquaculture,Fishing and aquaculture,6,2020
146,305000 ,2021JJ00,103.0,85.0,18.0,95.0,3.9,4.2,4.2,77.3,64.1,71.3,36.5,30.3,33.7,0.8,1.1,1.1,-2.2,-1.9,-1.8,1.0,3.0,3.0,3.0,0.0,3.1,6.2,2.0,1.0,0.0,1.0,1.0,0.0,1.0,0.0,0.0,3.3,03 Fishing and aquaculture,Fishing and aquaculture,6,2021
147,305000 ,2022JJ00,108.0,89.0,19.0,104.0,6.0,5.1,10.7,80.2,65.9,77.3,38.4,31.6,37.0,3.8,2.9,8.4,5.3,4.4,10.0,1.0,3.0,3.0,3.0,0.0,2.2,0.7,2.0,1.0,0.0,1.0,1.0,0.0,1.0,0.0,0.0,2.9,03 Fishing and aquaculture,Fishing and aquaculture,6,2022
148,305000 ,2023JJ00,112.0,91.0,21.0,112.0,2.9,2.2,6.9,82.3,67.2,82.3,40.2,32.8,40.2,2.6,1.9,6.5,4.7,3.9,8.7,1.0,3.0,3.0,3.0,0.0,0.3,-1.7,2.0,1.0,0.0,1.0,1.0,0.0,1.0,0.0,0.0,-0.8,03 Fishing and aquaculture,Fishing and aquaculture,6,2023
149,305000 ,2024JJ00,116.0,94.0,22.0,116.0,3.0,2.6,3.0,86.3,70.2,86.3,41.4,33.7,41.4,4.8,4.5,4.8,2.9,2.6,2.9,1.0,3.0,3.0,3.0,0.0,-1.8,0.0,2.0,1.0,0.0,1.0,1.0,0.0,1.0,0.0,0.0,-2.4,03 Fishing and aquaculture,Fishing and aquaculture,6,2024
150,305700 ,1995JJ00,760.0,577.0,183.0,759.0,,,,70.5,53.5,70.5,38.5,29.2,38.5,,,,,,,11.0,20.0,,,,,,11.0,10.0,1.0,,,,,,,,B Mining and quarrying,Mining and quarrying,3,1995
151,305700 ,1996JJ00,786.0,596.0,190.0,785.0,3.5,3.4,3.5,70.9,53.7,70.8,38.3,29.0,38.3,0.5,0.4,0.5,-0.5,-0.6,-0.5,11.0,21.0,,,,2.9,4.0,12.0,11.0,1.0,,,,,,,3.7,B Mining and quarrying,Mining and quarrying,3,1996
152,305700 ,1997JJ00,771.0,596.0,175.0,770.0,-2.0,0.0,-2.0,72.3,55.9,72.2,39.0,30.1,39.0,2.0,4.0,2.0,1.7,3.8,1.7,11.0,20.0,,,,-3.8,-3.6,11.0,10.0,1.0,,,,,,,-4.3,B Mining and quarrying,Mining and quarrying,3,1997
153,305700 ,1998JJ00,788.0,590.0,198.0,787.0,2.2,-1.1,2.2,71.5,53.5,71.5,38.2,28.6,38.2,-1.0,-4.2,-1.0,-2.0,-5.2,-2.0,11.0,21.0,,,,3.3,4.2,11.0,10.0,1.0,,,,,,,0.7,B Mining and quarrying,Mining and quarrying,3,1998
154,305700 ,1999JJ00,751.0,584.0,167.0,751.0,-4.7,-1.0,-4.6,71.0,55.2,71.0,38.1,29.6,38.1,-0.7,3.2,-0.6,-0.4,3.5,-0.3,11.0,20.0,,,,-4.1,-4.3,11.0,10.0,1.0,,,,,,,-3.8,B Mining and quarrying,Mining and quarrying,3,1999
155,305700 ,2000JJ00,833.0,576.0,257.0,833.0,10.9,-1.2,10.9,80.4,55.7,80.4,43.4,30.0,43.4,13.1,0.8,13.1,14.0,1.6,14.0,10.0,19.0,,,,-2.0,-2.7,11.0,9.0,1.0,,,,,,,-2.8,B Mining and quarrying,Mining and quarrying,3,2000
156,305700 ,2001JJ00,805.0,584.0,221.0,804.0,-3.5,1.2,-3.6,80.9,58.7,80.8,43.4,31.5,43.3,0.6,5.5,0.5,0.1,4.9,-0.1,10.0,19.0,,,,-4.1,-3.5,10.0,9.0,1.0,,,,,,,-4.1,B Mining and quarrying,Mining and quarrying,3,2001
157,305700 ,2002JJ00,896.0,646.0,250.0,895.0,11.2,10.5,11.2,85.3,61.6,85.2,45.4,32.8,45.4,5.5,4.9,5.5,4.7,4.1,4.7,10.0,20.0,,,,5.4,6.2,11.0,9.0,1.0,,,,,,,5.5,B Mining and quarrying,Mining and quarrying,3,2002
158,305700 ,2003JJ00,905.0,659.0,246.0,904.0,1.1,2.1,1.1,86.8,63.3,86.7,48.1,35.1,48.1,1.7,2.7,1.7,5.9,6.9,5.9,10.0,19.0,,,,-0.6,-4.5,11.0,9.0,1.0,,,,,,,-0.6,B Mining and quarrying,Mining and quarrying,3,2003
159,305700 ,2004JJ00,937.0,673.0,264.0,936.0,3.6,2.1,3.6,91.7,65.9,91.6,50.4,36.2,50.3,5.7,4.2,5.7,4.7,3.2,4.7,10.0,19.0,,,,-2.0,-1.0,10.0,9.0,1.0,,,,,,,-2.1,B Mining and quarrying,Mining and quarrying,3,2004
160,305700 ,2005JJ00,770.0,563.0,207.0,769.0,-17.8,-16.2,-17.8,91.2,66.8,91.1,50.8,37.2,50.8,-0.5,1.3,-0.5,0.9,2.8,0.9,8.0,15.0,,,,-17.4,-18.5,9.0,8.0,1.0,,,,,,,-16.3,B Mining and quarrying,Mining and quarrying,3,2005
161,305700 ,2006JJ00,762.0,567.0,195.0,761.0,-1.1,0.6,-1.1,93.4,69.5,93.3,52.2,38.8,52.1,2.4,4.1,2.4,2.7,4.4,2.7,8.0,15.0,,,,-3.4,-3.6,8.0,7.0,1.0,,,,,,,-3.0,B Mining and quarrying,Mining and quarrying,3,2006
162,305700 ,2007JJ00,799.0,595.0,204.0,798.0,4.9,5.0,4.9,98.3,73.2,98.2,55.0,40.9,54.9,5.2,5.3,5.2,5.4,5.5,5.4,8.0,15.0,,,,-0.3,-0.5,9.0,7.0,1.0,,,,,,,1.0,B Mining and quarrying,Mining and quarrying,3,2007
163,305700 ,2008JJ00,850.0,625.0,225.0,849.0,6.3,4.9,6.3,104.2,76.6,104.1,58.0,42.7,58.0,6.1,4.7,6.1,5.6,4.2,5.6,8.0,15.0,,,,0.2,0.7,9.0,7.0,1.0,,,,,,,0.6,B Mining and quarrying,Mining and quarrying,3,2008
164,305700 ,2009JJ00,858.0,638.0,220.0,857.0,0.9,2.2,0.9,104.2,77.5,104.0,57.7,43.0,57.7,-0.1,1.2,-0.1,-0.6,0.7,-0.6,8.0,15.0,,,,1.0,1.5,9.0,7.0,1.0,,,,,,,1.1,B Mining and quarrying,Mining and quarrying,3,2009
165,305700 ,2010JJ00,905.0,666.0,239.0,902.0,5.5,4.3,5.3,109.9,80.9,109.6,61.4,45.2,61.2,5.5,4.4,5.3,6.3,5.2,6.1,8.0,15.0,17.0,17.0,0.0,0.0,-0.8,9.0,7.0,1.0,7.0,6.0,1.0,2.0,1.0,1.0,0.5,B Mining and quarrying,Mining and quarrying,3,2010
166,305700 ,2011JJ00,1007.0,728.0,279.0,1003.0,11.3,9.4,11.2,114.2,82.6,113.7,64.2,46.4,63.9,3.9,2.1,3.8,4.5,2.7,4.5,9.0,16.0,18.0,18.0,0.0,7.1,6.5,9.0,8.0,1.0,8.0,7.0,1.0,2.0,1.0,1.0,7.4,B Mining and quarrying,Mining and quarrying,3,2011
167,305700 ,2012JJ00,1072.0,741.0,331.0,1068.0,6.5,1.8,6.5,119.2,82.4,118.8,66.8,46.2,66.5,4.4,-0.2,4.4,4.1,-0.5,4.1,9.0,16.0,19.0,18.0,0.0,2.0,2.3,10.0,8.0,1.0,8.0,7.0,1.0,2.0,1.0,1.0,1.7,B Mining and quarrying,Mining and quarrying,3,2012
168,305700 ,2013JJ00,1158.0,809.0,349.0,1159.0,8.0,9.2,8.5,120.4,84.1,120.5,62.6,43.8,62.7,0.9,2.0,1.4,-6.2,-5.2,-5.8,10.0,18.0,21.0,21.0,0.0,7.0,15.2,10.0,9.0,2.0,8.0,8.0,1.0,2.0,1.0,1.0,6.6,B Mining and quarrying,Mining and quarrying,3,2013
169,305700 ,2014JJ00,1284.0,877.0,407.0,1301.0,10.9,8.4,12.3,124.5,85.1,126.2,64.3,43.9,65.1,3.5,1.1,4.7,2.6,0.3,3.9,10.0,20.0,23.0,22.0,0.0,7.2,8.0,11.0,9.0,2.0,9.0,8.0,1.0,2.0,1.0,1.0,7.4,B Mining and quarrying,Mining and quarrying,3,2014
170,305700 ,2015JJ00,1327.0,981.0,346.0,1323.0,3.4,11.9,1.7,126.8,93.7,126.4,66.6,49.3,66.4,1.8,10.2,0.2,3.6,12.1,1.9,10.0,20.0,23.0,23.0,0.0,1.5,-0.2,11.0,9.0,2.0,9.0,8.0,1.0,2.0,1.0,1.0,1.6,B Mining and quarrying,Mining and quarrying,3,2015
171,305700 ,2016JJ00,1260.0,983.0,277.0,1255.0,-5.1,0.1,-5.2,129.4,101.0,128.9,67.5,52.6,67.2,2.1,7.7,2.0,1.3,6.9,1.2,10.0,19.0,22.0,21.0,0.0,-7.1,-6.3,10.0,9.0,2.0,8.0,7.0,1.0,2.0,1.0,1.0,-7.1,B Mining and quarrying,Mining and quarrying,3,2016
172,305700 ,2017JJ00,977.0,798.0,179.0,973.0,-22.3,-18.7,-22.3,119.6,97.7,119.1,61.6,50.3,61.3,-7.6,-3.3,-7.6,-8.7,-4.4,-8.7,8.0,16.0,18.0,18.0,0.0,-15.9,-14.9,9.0,7.0,1.0,7.0,6.0,1.0,2.0,1.0,1.0,-16.3,B Mining and quarrying,Mining and quarrying,3,2017
173,305700 ,2018JJ00,977.0,758.0,219.0,979.0,-0.1,-5.1,0.5,126.7,98.3,127.0,65.6,50.9,65.7,6.0,0.6,6.6,6.5,1.2,7.2,8.0,15.0,17.0,17.0,0.0,-5.8,-6.2,8.0,7.0,1.0,7.0,6.0,1.0,2.0,1.0,1.0,-5.2,B Mining and quarrying,Mining and quarrying,3,2018
174,305700 ,2019JJ00,935.0,770.0,165.0,934.0,-4.3,1.7,-4.6,120.8,99.5,120.7,64.0,52.7,63.9,-4.7,1.2,-5.0,-2.4,3.6,-2.7,8.0,15.0,17.0,17.0,0.0,0.4,-1.9,8.0,7.0,1.0,7.0,6.0,1.0,2.0,1.0,1.0,0.5,B Mining and quarrying,Mining and quarrying,3,2019
175,305700 ,2020JJ00,999.0,754.0,245.0,979.0,6.9,-2.0,4.9,130.9,98.8,128.3,74.2,56.0,72.7,8.4,-0.7,6.3,15.9,6.2,13.7,8.0,13.0,16.0,16.0,0.0,-1.3,-7.7,8.0,7.0,1.0,6.0,6.0,1.0,2.0,1.0,1.0,-1.5,B Mining and quarrying,Mining and quarrying,3,2020
176,305700 ,2021JJ00,907.0,692.0,215.0,894.0,-9.3,-8.3,-8.8,126.6,96.6,124.8,69.3,52.8,68.3,-3.3,-2.3,-2.7,-6.6,-5.6,-6.1,7.0,13.0,15.0,15.0,0.0,-6.2,-2.9,8.0,6.0,1.0,6.0,5.0,1.0,2.0,1.0,1.0,-6.2,B Mining and quarrying,Mining and quarrying,3,2021
177,305700 ,2022JJ00,974.0,694.0,280.0,969.0,7.3,0.2,8.3,132.7,94.6,132.0,73.7,52.5,73.3,4.8,-2.0,5.8,6.4,-0.6,7.4,7.0,13.0,16.0,15.0,0.0,2.3,0.8,8.0,6.0,1.0,6.0,6.0,1.0,2.0,1.0,1.0,2.3,B Mining and quarrying,Mining and quarrying,3,2022
178,305700 ,2023JJ00,941.0,756.0,185.0,934.0,-3.4,8.9,-3.6,123.8,99.4,122.9,69.3,55.6,68.7,-6.7,5.1,-7.0,-6.0,5.9,-6.2,8.0,14.0,16.0,16.0,0.0,3.6,2.8,8.0,7.0,1.0,6.0,6.0,1.0,2.0,1.0,1.0,3.8,B Mining and quarrying,Mining and quarrying,3,2023
179,305700 ,2024JJ00,1004.0,801.0,203.0,998.0,6.5,6.0,6.7,131.0,104.7,130.2,72.5,58.0,72.1,5.8,5.3,6.0,4.7,4.2,4.8,8.0,14.0,16.0,16.0,0.0,0.7,1.8,8.0,7.0,1.0,6.0,6.0,1.0,2.0,1.0,1.0,1.0,B Mining and quarrying,Mining and quarrying,3,2024
180,300002 ,1995JJ00,28799.0,24282.0,4517.0,28711.0,,,,36.4,30.7,36.3,20.5,17.3,20.5,,,,,,,792.0,1401.0,,,,,,854.0,704.0,150.0,,,,,,,,"B-E Industry (no construction), energy","Industry (no construction) and energy 
This category is made up of the categories: 
B Mining and quarrying 
C Manufacturing 
D Electricity and gas supply 
E Water supply and waste management",4,1995
181,300002 ,1996JJ00,28979.0,24387.0,4592.0,28804.0,0.6,0.4,0.3,37.0,31.2,36.8,20.7,17.5,20.6,1.8,1.7,1.5,0.9,0.8,0.6,782.0,1397.0,,,,-1.2,-0.3,846.0,697.0,149.0,,,,,,,-1.0,"B-E Industry (no construction), energy","Industry (no construction) and energy 
This category is made up of the categories: 
B Mining and quarrying 
C Manufacturing 
D Electricity and gas supply 
E Water supply and waste management",4,1996
182,300002 ,1997JJ00,29583.0,25220.0,4363.0,29337.0,2.1,3.4,1.9,37.6,32.1,37.3,21.2,18.1,21.1,1.6,3.0,1.4,2.4,3.8,2.2,786.0,1392.0,,,,0.5,-0.3,848.0,695.0,152.0,,,,,,,0.2,"B-E Industry (no construction), energy","Industry (no construction) and energy 
This category is made up of the categories: 
B Mining and quarrying 
C Manufacturing 
D Electricity and gas supply 
E Water supply and waste management",4,1997
183,300002 ,1998JJ00,30749.0,24638.0,6111.0,30411.0,4.0,-2.3,3.7,38.9,31.2,38.5,21.9,17.6,21.7,3.4,-2.8,3.1,3.2,-3.0,2.9,790.0,1402.0,,,,0.6,0.7,855.0,696.0,158.0,,,,,,,0.9,"B-E Industry (no construction), energy","Industry (no construction) and energy 
This category is made up of the categories: 
B Mining and quarrying 
C Manufacturing 
D Electricity and gas supply 
E Water supply and waste management",4,1998
184,300002 ,1999JJ00,32079.0,25652.0,6427.0,31750.0,4.3,4.1,4.4,40.5,32.4,40.1,22.8,18.2,22.5,4.2,3.9,4.2,3.8,3.5,3.8,791.0,1410.0,,,,0.1,0.5,862.0,696.0,166.0,,,,,,,0.8,"B-E Industry (no construction), energy","Industry (no construction) and energy 
This category is made up of the categories: 
B Mining and quarrying 
C Manufacturing 
D Electricity and gas supply 
E Water supply and waste management",4,1999
185,300002 ,2000JJ00,34049.0,26694.0,7355.0,33716.0,6.1,4.1,6.2,43.1,33.8,42.7,24.4,19.1,24.2,6.4,4.4,6.5,7.2,5.1,7.3,789.0,1396.0,,,,-0.3,-1.0,865.0,695.0,170.0,,,,,,,0.4,"B-E Industry (no construction), energy","Industry (no construction) and energy 
This category is made up of the categories: 
B Mining and quarrying 
C Manufacturing 
D Electricity and gas supply 
E Water supply and waste management",4,2000
186,300002 ,2001JJ00,34810.0,27826.0,6984.0,34446.0,2.2,4.2,2.2,43.9,35.1,43.4,24.8,19.8,24.6,1.7,3.7,1.7,1.7,3.7,1.6,793.0,1403.0,,,,0.5,0.5,867.0,692.0,175.0,,,,,,,0.2,"B-E Industry (no construction), energy","Industry (no construction) and energy 
This category is made up of the categories: 
B Mining and quarrying 
C Manufacturing 
D Electricity and gas supply 
E Water supply and waste management",4,2001
187,300002 ,2002JJ00,35895.0,28356.0,7539.0,35505.0,3.1,1.9,3.1,46.3,36.6,45.8,26.2,20.7,25.9,5.5,4.2,5.4,5.7,4.5,5.7,775.0,1368.0,,,,-2.2,-2.4,848.0,679.0,169.0,,,,,,,-2.1,"B-E Industry (no construction), energy","Industry (no construction) and energy 
This category is made up of the categories: 
B Mining and quarrying 
C Manufacturing 
D Electricity and gas supply 
E Water supply and waste management",4,2002
188,300002 ,2003JJ00,35784.0,28292.0,7492.0,35458.0,-0.3,-0.2,-0.1,48.1,38.1,47.7,27.1,21.4,26.9,4.0,4.1,4.2,3.4,3.5,3.6,743.0,1319.0,,,,-4.1,-3.6,814.0,654.0,160.0,,,,,,,-4.0,"B-E Industry (no construction), energy","Industry (no construction) and energy 
This category is made up of the categories: 
B Mining and quarrying 
C Manufacturing 
D Electricity and gas supply 
E Water supply and waste management",4,2003
189,300002 ,2004JJ00,35767.0,28116.0,7651.0,35368.0,-0.1,-0.6,-0.3,50.0,39.3,49.5,28.0,22.0,27.7,3.9,3.4,3.7,3.1,2.6,2.9,714.0,1278.0,,,,-3.9,-3.1,785.0,630.0,154.0,,,,,,,-3.6,"B-E Industry (no construction), energy","Industry (no construction) and energy 
This category is made up of the categories: 
B Mining and quarrying 
C Manufacturing 
D Electricity and gas supply 
E Water supply and waste management",4,2004
190,300002 ,2005JJ00,35315.0,27954.0,7361.0,34983.0,-1.2,-0.6,-1.1,50.7,40.1,50.2,28.5,22.6,28.3,1.3,2.0,1.5,1.9,2.6,2.1,697.0,1238.0,,,,-2.5,-3.1,766.0,617.0,149.0,,,,,,,-2.3,"B-E Industry (no construction), energy","Industry (no construction) and energy 
This category is made up of the categories: 
B Mining and quarrying 
C Manufacturing 
D Electricity and gas supply 
E Water supply and waste management",4,2005
191,300002 ,2006JJ00,35738.0,28516.0,7222.0,35404.0,1.2,2.0,1.2,51.8,41.3,51.3,29.3,23.3,29.0,2.1,2.9,2.1,2.6,3.4,2.6,690.0,1222.0,,,,-0.9,-1.3,761.0,608.0,153.0,,,,,,,-0.7,"B-E Industry (no construction), energy","Industry (no construction) and energy 
This category is made up of the categories: 
B Mining and quarrying 
C Manufacturing 
D Electricity and gas supply 
E Water supply and waste management",4,2006
192,300002 ,2007JJ00,37174.0,29700.0,7474.0,36810.0,4.0,4.2,4.0,53.6,42.8,53.1,30.2,24.1,29.9,3.5,3.7,3.5,3.2,3.3,3.1,694.0,1232.0,,,,0.5,0.8,766.0,613.0,154.0,,,,,,,0.7,"B-E Industry (no construction), energy","Industry (no construction) and energy 
This category is made up of the categories: 
B Mining and quarrying 
C Manufacturing 
D Electricity and gas supply 
E Water supply and waste management",4,2007
193,300002 ,2008JJ00,39426.0,30815.0,8611.0,39026.0,6.0,3.7,6.0,56.4,44.1,55.8,31.9,24.9,31.5,5.2,2.9,5.2,5.6,3.3,5.5,699.0,1237.0,,,,0.8,0.5,774.0,615.0,159.0,,,,,,,1.0,"B-E Industry (no construction), energy","Industry (no construction) and energy 
This category is made up of the categories: 
B Mining and quarrying 
C Manufacturing 
D Electricity and gas supply 
E Water supply and waste management",4,2008
194,300002 ,2009JJ00,39995.0,30322.0,9673.0,39073.0,1.5,-1.6,0.1,59.2,44.9,57.9,34.2,25.9,33.4,5.0,1.9,3.7,7.2,4.0,5.8,675.0,1171.0,,,,-3.4,-5.4,747.0,594.0,154.0,,,,,,,-3.5,"B-E Industry (no construction), energy","Industry (no construction) and energy 
This category is made up of the categories: 
B Mining and quarrying 
C Manufacturing 
D Electricity and gas supply 
E Water supply and waste management",4,2009
195,300002 ,2010JJ00,38085.0,30234.0,7851.0,37408.0,-4.8,-0.3,-4.3,58.1,46.1,57.0,32.9,26.1,32.3,-2.0,2.7,-1.4,-3.7,0.8,-3.2,656.0,1158.0,1358.0,1330.0,27.0,-2.9,-1.1,725.0,577.0,148.0,558.0,505.0,52.0,167.0,71.0,96.0,-3.0,"B-E Industry (no construction), energy","Industry (no construction) and energy 
This category is made up of the categories: 
B Mining and quarrying 
C Manufacturing 
D Electricity and gas supply 
E Water supply and waste management",4,2010
196,300002 ,2011JJ00,39141.0,30899.0,8242.0,38610.0,2.8,2.2,3.2,60.2,47.5,59.4,33.8,26.6,33.3,3.7,3.1,4.1,2.6,2.1,3.1,650.0,1159.0,1341.0,1313.0,29.0,-0.9,0.2,722.0,575.0,147.0,540.0,490.0,50.0,182.0,85.0,97.0,-0.4,"B-E Industry (no construction), energy","Industry (no construction) and energy 
This category is made up of the categories: 
B Mining and quarrying 
C Manufacturing 
D Electricity and gas supply 
E Water supply and waste management",4,2011
197,300002 ,2012JJ00,39734.0,31108.0,8626.0,39309.0,1.5,0.7,1.8,61.8,48.4,61.2,34.8,27.3,34.5,2.7,1.8,3.0,3.2,2.3,3.5,643.0,1141.0,1332.0,1305.0,27.0,-1.1,-1.6,713.0,567.0,146.0,532.0,482.0,50.0,182.0,85.0,96.0,-1.2,"B-E Industry (no construction), energy","Industry (no construction) and energy 
This category is made up of the categories: 
B Mining and quarrying 
C Manufacturing 
D Electricity and gas supply 
E Water supply and waste management",4,2012
198,300002 ,2013JJ00,40240.0,31782.0,8458.0,39880.0,1.3,2.2,1.5,63.1,49.8,62.5,35.2,27.8,34.9,2.1,3.0,2.3,1.0,1.9,1.2,638.0,1144.0,1333.0,1303.0,29.0,-0.8,0.3,705.0,560.0,145.0,531.0,482.0,50.0,173.0,78.0,95.0,-1.2,"B-E Industry (no construction), energy","Industry (no construction) and energy 
This category is made up of the categories: 
B Mining and quarrying 
C Manufacturing 
D Electricity and gas supply 
E Water supply and waste management",4,2013
199,300002 ,2014JJ00,41534.0,31966.0,9568.0,41280.0,3.2,0.6,3.5,65.8,50.7,65.4,36.4,28.0,36.2,4.3,1.6,4.6,3.4,0.8,3.7,631.0,1142.0,1320.0,1291.0,29.0,-1.0,-0.2,698.0,555.0,143.0,522.0,472.0,49.0,176.0,83.0,94.0,-1.0,"B-E Industry (no construction), energy","Industry (no construction) and energy 
This category is made up of the categories: 
B Mining and quarrying 
C Manufacturing 
D Electricity and gas supply 
E Water supply and waste management",4,2014
200,300002 ,2015JJ00,41442.0,32742.0,8700.0,41144.0,-0.2,2.4,-0.3,65.4,51.6,64.9,36.5,28.8,36.2,-0.7,2.0,-0.8,0.2,2.9,0.1,634.0,1137.0,1323.0,1294.0,29.0,0.5,-0.4,701.0,556.0,144.0,521.0,471.0,50.0,180.0,85.0,95.0,0.4,"B-E Industry (no construction), energy","Industry (no construction) and energy 
This category is made up of the categories: 
B Mining and quarrying 
C Manufacturing 
D Electricity and gas supply 
E Water supply and waste management",4,2015
201,300002 ,2016JJ00,42919.0,33684.0,9235.0,42358.0,3.6,2.9,3.0,66.9,52.5,66.0,37.3,29.3,36.9,2.3,1.6,1.7,2.4,1.7,1.8,642.0,1149.0,1339.0,1310.0,29.0,1.2,1.1,709.0,561.0,147.0,530.0,479.0,51.0,178.0,83.0,96.0,1.1,"B-E Industry (no construction), energy","Industry (no construction) and energy 
This category is made up of the categories: 
B Mining and quarrying 
C Manufacturing 
D Electricity and gas supply 
E Water supply and waste management",4,2016
202,300002 ,2017JJ00,43987.0,34654.0,9333.0,43445.0,2.5,2.9,2.6,67.5,53.2,66.7,37.9,29.8,37.4,0.9,1.3,1.0,1.4,1.8,1.5,652.0,1161.0,1356.0,1327.0,30.0,1.6,1.0,719.0,569.0,151.0,536.0,483.0,52.0,184.0,85.0,98.0,1.5,"B-E Industry (no construction), energy","Industry (no construction) and energy 
This category is made up of the categories: 
B Mining and quarrying 
C Manufacturing 
D Electricity and gas supply 
E Water supply and waste management",4,2017
203,300002 ,2018JJ00,46117.0,36036.0,10081.0,45671.0,4.9,4.0,5.1,68.7,53.7,68.1,38.7,30.3,38.4,1.9,1.0,2.1,2.3,1.4,2.5,671.0,1191.0,1401.0,1371.0,30.0,2.9,2.5,740.0,584.0,156.0,549.0,494.0,55.0,191.0,90.0,101.0,2.9,"B-E Industry (no construction), energy","Industry (no construction) and energy 
This category is made up of the categories: 
B Mining and quarrying 
C Manufacturing 
D Electricity and gas supply 
E Water supply and waste management",4,2018
204,300002 ,2019JJ00,48467.0,37675.0,10792.0,47977.0,5.1,4.5,5.0,70.4,54.7,69.7,39.7,30.9,39.3,2.4,1.9,2.4,2.5,1.9,2.4,688.0,1221.0,1434.0,1405.0,29.0,2.6,2.6,759.0,598.0,161.0,561.0,503.0,58.0,198.0,94.0,104.0,2.6,"B-E Industry (no construction), energy","Industry (no construction) and energy 
This category is made up of the categories: 
B Mining and quarrying 
C Manufacturing 
D Electricity and gas supply 
E Water supply and waste management",4,2019
205,300002 ,2020JJ00,50132.0,38460.0,11672.0,48132.0,3.4,2.1,0.3,72.6,55.7,69.7,42.6,32.7,40.9,3.1,1.7,0.0,7.3,5.9,4.1,691.0,1177.0,1439.0,1415.0,24.0,0.3,-3.6,761.0,596.0,165.0,556.0,497.0,59.0,205.0,99.0,106.0,0.2,"B-E Industry (no construction), energy","Industry (no construction) and energy 
This category is made up of the categories: 
B Mining and quarrying 
C Manufacturing 
D Electricity and gas supply 
E Water supply and waste management",4,2020
206,300002 ,2021JJ00,51527.0,39837.0,11690.0,50234.0,2.8,3.6,4.4,74.3,57.4,72.4,42.4,32.8,41.3,2.3,3.1,3.9,-0.4,0.3,1.1,694.0,1215.0,1441.0,1416.0,25.0,0.4,3.2,766.0,597.0,169.0,557.0,494.0,62.0,209.0,102.0,107.0,0.6,"B-E Industry (no construction), energy","Industry (no construction) and energy 
This category is made up of the categories: 
B Mining and quarrying 
C Manufacturing 
D Electricity and gas supply 
E Water supply and waste management",4,2021
207,300002 ,2022JJ00,54428.0,41600.0,12828.0,53571.0,5.6,4.4,6.6,76.6,58.6,75.4,44.2,33.8,43.5,3.2,2.0,4.2,4.1,3.0,5.1,710.0,1232.0,1469.0,1445.0,24.0,2.4,1.4,785.0,608.0,177.0,566.0,498.0,67.0,220.0,109.0,110.0,2.5,"B-E Industry (no construction), energy","Industry (no construction) and energy 
This category is made up of the categories: 
B Mining and quarrying 
C Manufacturing 
D Electricity and gas supply 
E Water supply and waste management",4,2022
208,300002 ,2023JJ00,58826.0,45265.0,13561.0,58256.0,8.1,8.8,8.7,80.8,62.2,80.0,46.8,36.0,46.3,5.5,6.2,6.1,5.9,6.6,6.6,728.0,1257.0,1503.0,1480.0,23.0,2.5,2.0,804.0,619.0,185.0,575.0,502.0,73.0,229.0,117.0,112.0,2.3,"B-E Industry (no construction), energy","Industry (no construction) and energy 
This category is made up of the categories: 
B Mining and quarrying 
C Manufacturing 
D Electricity and gas supply 
E Water supply and waste management",4,2023
209,300002 ,2024JJ00,62832.0,48294.0,14538.0,62171.0,6.8,6.7,6.7,85.7,65.9,84.8,49.4,38.0,48.9,6.1,6.0,6.0,5.6,5.5,5.5,733.0,1272.0,1522.0,1500.0,22.0,0.7,1.2,810.0,620.0,190.0,565.0,491.0,75.0,244.0,129.0,115.0,0.8,"B-E Industry (no construction), energy","Industry (no construction) and energy 
This category is made up of the categories: 
B Mining and quarrying 
C Manufacturing 
D Electricity and gas supply 
E Water supply and waste management",4,2024
210,307500 ,1995JJ00,25864.0,21964.0,3900.0,25783.0,,,,35.5,30.1,35.4,20.1,17.0,20.0,,,,,,,729.0,1289.0,,,,,,789.0,649.0,141.0,,,,,,,,C Manufacturing,Manufacturing,3,1995
211,307500 ,1996JJ00,26038.0,22069.0,3969.0,25877.0,0.7,0.5,0.4,36.2,30.6,35.9,20.2,17.2,20.1,1.9,1.7,1.5,0.9,0.7,0.6,720.0,1286.0,,,,-1.2,-0.2,781.0,642.0,139.0,,,,,,,-1.0,C Manufacturing,Manufacturing,3,1996
212,307500 ,1997JJ00,26573.0,22827.0,3746.0,26350.0,2.1,3.4,1.8,36.7,31.5,36.4,20.7,17.8,20.5,1.5,2.8,1.2,2.2,3.6,2.0,724.0,1284.0,,,,0.6,-0.2,783.0,641.0,142.0,,,,,,,0.3,C Manufacturing,Manufacturing,3,1997
213,307500 ,1998JJ00,27580.0,22278.0,5302.0,27274.0,3.8,-2.4,3.5,37.9,30.6,37.5,21.3,17.2,21.1,3.3,-2.9,3.0,3.1,-3.1,2.8,728.0,1293.0,,,,0.5,0.7,790.0,643.0,148.0,,,,,,,0.9,C Manufacturing,Manufacturing,3,1998
214,307500 ,1999JJ00,28768.0,23168.0,5600.0,28476.0,4.3,4.0,4.4,39.4,31.7,39.0,22.1,17.8,21.9,4.0,3.7,4.1,3.6,3.3,3.7,730.0,1302.0,,,,0.3,0.7,798.0,643.0,155.0,,,,,,,1.0,C Manufacturing,Manufacturing,3,1999
215,307500 ,2000JJ00,30558.0,24177.0,6381.0,30265.0,6.2,4.4,6.3,41.9,33.2,41.5,23.7,18.7,23.5,6.4,4.5,6.4,7.2,5.3,7.2,729.0,1290.0,,,,-0.2,-0.9,802.0,643.0,159.0,,,,,,,0.5,C Manufacturing,Manufacturing,3,2000
216,307500 ,2001JJ00,31225.0,25166.0,6059.0,30908.0,2.2,4.1,2.1,42.8,34.5,42.3,24.2,19.5,23.9,2.0,3.9,2.0,2.1,4.0,2.0,730.0,1291.0,,,,0.1,0.1,801.0,638.0,163.0,,,,,,,-0.2,C Manufacturing,Manufacturing,3,2001
217,307500 ,2002JJ00,32031.0,25499.0,6532.0,31687.0,2.6,1.3,2.5,45.1,35.9,44.6,25.5,20.3,25.3,5.4,4.1,5.3,5.6,4.3,5.6,710.0,1254.0,,,,-2.6,-2.9,780.0,622.0,158.0,,,,,,,-2.5,C Manufacturing,Manufacturing,3,2002
218,307500 ,2003JJ00,31797.0,25343.0,6454.0,31514.0,-0.7,-0.6,-0.6,46.9,37.4,46.5,26.4,21.0,26.2,4.0,4.1,4.2,3.4,3.5,3.5,678.0,1204.0,,,,-4.5,-4.0,746.0,597.0,149.0,,,,,,,-4.4,C Manufacturing,Manufacturing,3,2003
219,307500 ,2004JJ00,31773.0,25190.0,6583.0,31426.0,-0.1,-0.6,-0.3,48.7,38.6,48.2,27.2,21.6,26.9,3.9,3.4,3.7,3.1,2.6,2.9,652.0,1167.0,,,,-3.9,-3.1,718.0,575.0,143.0,,,,,,,-3.7,C Manufacturing,Manufacturing,3,2004
220,307500 ,2005JJ00,31448.0,25078.0,6370.0,31165.0,-1.0,-0.4,-0.8,49.5,39.5,49.1,27.9,22.2,27.6,1.7,2.2,1.9,2.5,3.0,2.7,635.0,1127.0,,,,-2.6,-3.4,701.0,564.0,138.0,,,,,,,-2.4,C Manufacturing,Manufacturing,3,2005
221,307500 ,2006JJ00,31892.0,25603.0,6289.0,31607.0,1.4,2.1,1.4,50.6,40.6,50.2,28.6,23.0,28.4,2.2,2.9,2.2,2.6,3.3,2.6,630.0,1114.0,,,,-0.8,-1.2,697.0,557.0,141.0,,,,,,,-0.5,C Manufacturing,Manufacturing,3,2006
222,307500 ,2007JJ00,33147.0,26656.0,6491.0,32833.0,3.9,4.1,3.9,52.4,42.1,51.9,29.5,23.7,29.2,3.5,3.7,3.4,3.1,3.3,3.1,633.0,1122.0,,,,0.4,0.8,702.0,560.0,142.0,,,,,,,0.6,C Manufacturing,Manufacturing,3,2007
223,307500 ,2008JJ00,35154.0,27605.0,7549.0,34805.0,6.0,3.6,6.0,55.1,43.3,54.6,31.2,24.5,30.9,5.3,2.8,5.2,5.7,3.2,5.6,638.0,1126.0,,,,0.7,0.4,709.0,563.0,146.0,,,,,,,1.0,C Manufacturing,Manufacturing,3,2008
224,307500 ,2009JJ00,35559.0,26972.0,8587.0,34692.0,1.2,-2.3,-0.3,58.0,44.0,56.6,33.6,25.5,32.8,5.2,1.6,3.6,7.6,4.0,6.1,613.0,1059.0,,,,-3.8,-6.0,681.0,541.0,140.0,,,,,,,-3.9,C Manufacturing,Manufacturing,3,2009
225,307500 ,2010JJ00,33462.0,26775.0,6687.0,32845.0,-5.9,-0.7,-5.3,56.5,45.2,55.4,32.1,25.7,31.5,-2.6,2.7,-2.0,-4.5,0.7,-4.0,593.0,1043.0,1226.0,1202.0,23.0,-3.4,-1.4,658.0,523.0,135.0,505.0,458.0,47.0,153.0,65.0,88.0,-3.5,C Manufacturing,Manufacturing,3,2010
226,307500 ,2011JJ00,34412.0,27272.0,7140.0,33928.0,2.9,1.9,3.3,58.7,46.5,57.9,33.0,26.1,32.5,4.0,3.0,4.4,2.8,1.8,3.3,586.0,1044.0,1208.0,1183.0,25.0,-1.1,0.1,653.0,519.0,134.0,489.0,444.0,45.0,165.0,76.0,89.0,-0.6,C Manufacturing,Manufacturing,3,2011
227,307500 ,2012JJ00,34912.0,27483.0,7429.0,34526.0,1.4,0.8,1.8,60.2,47.4,59.6,34.0,26.7,33.6,2.6,1.9,2.9,3.1,2.4,3.4,580.0,1027.0,1200.0,1177.0,24.0,-1.1,-1.6,646.0,513.0,133.0,481.0,437.0,44.0,164.0,76.0,88.0,-1.2,C Manufacturing,Manufacturing,3,2012
228,307500 ,2013JJ00,35170.0,27981.0,7189.0,34829.0,0.7,1.8,0.9,61.4,48.8,60.8,34.3,27.3,34.0,1.9,3.0,2.1,1.0,2.0,1.1,573.0,1025.0,1195.0,1170.0,25.0,-1.2,-0.2,636.0,505.0,131.0,479.0,434.0,44.0,157.0,70.0,87.0,-1.5,C Manufacturing,Manufacturing,3,2013
229,307500 ,2014JJ00,36363.0,28091.0,8272.0,36097.0,3.4,0.4,3.6,64.2,49.6,63.7,35.6,27.5,35.3,4.6,1.6,4.9,3.7,0.7,4.0,566.0,1022.0,1182.0,1158.0,25.0,-1.2,-0.3,629.0,499.0,130.0,470.0,425.0,44.0,159.0,74.0,86.0,-1.1,C Manufacturing,Manufacturing,3,2014
230,307500 ,2015JJ00,36311.0,28751.0,7560.0,36029.0,-0.1,2.4,-0.2,63.8,50.5,63.3,35.7,28.2,35.4,-0.6,1.8,-0.7,0.2,2.7,0.2,569.0,1018.0,1186.0,1161.0,25.0,0.5,-0.3,631.0,501.0,131.0,469.0,425.0,44.0,162.0,76.0,87.0,0.4,C Manufacturing,Manufacturing,3,2015
231,307500 ,2016JJ00,37808.0,29664.0,8144.0,37266.0,4.1,3.2,3.4,65.5,51.4,64.5,36.6,28.7,36.1,2.6,1.7,1.9,2.7,1.8,2.1,578.0,1032.0,1203.0,1178.0,25.0,1.5,1.4,640.0,507.0,133.0,479.0,433.0,46.0,161.0,74.0,87.0,1.3,C Manufacturing,Manufacturing,3,2016
232,307500 ,2017JJ00,39038.0,30746.0,8292.0,38509.0,3.2,3.6,3.3,66.4,52.3,65.5,37.4,29.5,36.9,1.4,1.8,1.5,2.2,2.6,2.2,588.0,1043.0,1220.0,1194.0,26.0,1.8,1.1,651.0,514.0,137.0,484.0,437.0,47.0,168.0,78.0,90.0,1.8,C Manufacturing,Manufacturing,3,2017
233,307500 ,2018JJ00,40951.0,32035.0,8916.0,40506.0,4.9,4.2,5.2,67.6,52.9,66.9,38.3,29.9,37.9,1.8,1.1,2.1,2.2,1.6,2.5,606.0,1070.0,1261.0,1236.0,26.0,3.0,2.6,671.0,529.0,142.0,496.0,447.0,50.0,174.0,82.0,93.0,3.0,C Manufacturing,Manufacturing,3,2018
234,307500 ,2019JJ00,43136.0,33539.0,9597.0,42653.0,5.3,4.7,5.3,69.3,53.9,68.5,39.2,30.5,38.8,2.5,1.9,2.5,2.4,1.8,2.4,622.0,1101.0,1294.0,1269.0,25.0,2.8,2.8,689.0,541.0,147.0,508.0,455.0,53.0,181.0,86.0,95.0,2.7,C Manufacturing,Manufacturing,3,2019
235,307500 ,2020JJ00,44613.0,34244.0,10369.0,42664.0,3.4,2.1,0.0,71.4,54.8,68.3,42.2,32.4,40.4,3.1,1.8,-0.3,7.7,6.3,4.1,624.0,1057.0,1299.0,1278.0,21.0,0.3,-3.9,690.0,540.0,150.0,504.0,450.0,54.0,185.0,90.0,96.0,0.1,C Manufacturing,Manufacturing,3,2020
236,307500 ,2021JJ00,45860.0,35508.0,10352.0,44610.0,2.8,3.7,4.6,73.3,56.7,71.3,42.0,32.5,40.9,2.6,3.5,4.3,-0.4,0.4,1.3,626.0,1092.0,1298.0,1276.0,22.0,0.2,3.2,692.0,539.0,152.0,504.0,447.0,57.0,188.0,92.0,95.0,0.3,C Manufacturing,Manufacturing,3,2021
237,307500 ,2022JJ00,48295.0,37008.0,11287.0,47460.0,5.3,4.2,6.4,75.5,57.9,74.2,43.7,33.5,42.9,3.1,2.0,4.1,3.9,2.9,5.0,640.0,1106.0,1321.0,1300.0,21.0,2.2,1.3,707.0,548.0,159.0,511.0,450.0,61.0,196.0,98.0,98.0,2.3,C Manufacturing,Manufacturing,3,2022
238,307500 ,2023JJ00,52080.0,40128.0,11952.0,51544.0,7.8,8.4,8.6,79.7,61.4,78.9,46.3,35.7,45.8,5.6,6.1,6.3,6.0,6.6,6.8,653.0,1125.0,1346.0,1326.0,20.0,2.2,1.7,722.0,556.0,166.0,518.0,452.0,66.0,204.0,104.0,100.0,2.1,C Manufacturing,Manufacturing,3,2023
239,307500 ,2024JJ00,55286.0,42541.0,12745.0,54664.0,6.1,6.0,6.0,84.6,65.1,83.6,48.9,37.6,48.4,6.1,5.9,6.0,5.6,5.5,5.5,654.0,1131.0,1355.0,1336.0,19.0,0.1,0.5,723.0,554.0,170.0,506.0,439.0,67.0,217.0,115.0,102.0,0.1,C Manufacturing,Manufacturing,3,2024
240,307610 ,1995JJ00,4447.0,3770.0,677.0,4439.0,,,,34.9,29.6,34.8,20.3,17.2,20.3,,,,,,,127.0,219.0,,,,,,147.0,106.0,41.0,,,,,,,,10-12 Manufacture of food and beverages,"Manufacture of food products, beverages and tobacco 
This category is made up of the categories: 
10 Manufacture of food products 
11 Manufacture of beverages 
12 Manufacture of tobacco products",24,1995
241,307610 ,1996JJ00,4335.0,3668.0,667.0,4312.0,-2.5,-2.7,-2.8,35.6,30.1,35.4,20.5,17.3,20.4,1.9,1.8,1.6,0.7,0.5,0.4,122.0,212.0,,,,-4.3,-3.2,141.0,101.0,40.0,,,,,,,-4.3,10-12 Manufacture of food and beverages,"Manufacture of food products, beverages and tobacco 
This category is made up of the categories: 
10 Manufacture of food products 
11 Manufacture of beverages 
12 Manufacture of tobacco products",24,1996
242,307610 ,1997JJ00,4424.0,3784.0,640.0,4392.0,2.0,3.2,1.8,36.4,31.1,36.1,20.8,17.8,20.7,2.2,3.4,2.0,1.8,2.9,1.6,122.0,212.0,,,,-0.2,0.3,140.0,99.0,41.0,,,,,,,-0.3,10-12 Manufacture of food and beverages,"Manufacture of food products, beverages and tobacco 
This category is made up of the categories: 
10 Manufacture of food products 
11 Manufacture of beverages 
12 Manufacture of tobacco products",24,1997
243,307610 ,1998JJ00,4527.0,3664.0,863.0,4484.0,2.4,-3.1,2.2,37.4,30.3,37.0,21.4,17.4,21.2,2.8,-2.7,2.6,2.9,-2.6,2.7,121.0,211.0,,,,-0.4,-0.5,142.0,99.0,43.0,,,,,,,1.3,10-12 Manufacture of food and beverages,"Manufacture of food products, beverages and tobacco 
This category is made up of the categories: 
10 Manufacture of food products 
11 Manufacture of beverages 
12 Manufacture of tobacco products",24,1998
244,307610 ,1999JJ00,4792.0,3862.0,930.0,4753.0,5.9,5.3,6.0,39.1,31.5,38.8,22.3,18.0,22.1,4.7,4.2,4.8,4.1,3.6,4.2,122.0,215.0,,,,1.1,1.7,145.0,100.0,45.0,,,,,,,2.2,10-12 Manufacture of food and beverages,"Manufacture of food products, beverages and tobacco 
This category is made up of the categories: 
10 Manufacture of food products 
11 Manufacture of beverages 
12 Manufacture of tobacco products",24,1999
245,307610 ,2000JJ00,5070.0,4019.0,1051.0,5029.0,5.8,4.1,5.8,41.3,32.7,40.9,23.7,18.8,23.5,5.5,3.8,5.5,6.2,4.5,6.2,123.0,214.0,,,,0.3,-0.4,145.0,99.0,46.0,,,,,,,-0.2,10-12 Manufacture of food and beverages,"Manufacture of food products, beverages and tobacco 
This category is made up of the categories: 
10 Manufacture of food products 
11 Manufacture of beverages 
12 Manufacture of tobacco products",24,2000
246,307610 ,2001JJ00,5176.0,4181.0,995.0,5132.0,2.1,4.0,2.1,42.5,34.3,42.1,24.4,19.7,24.2,3.0,4.9,2.9,2.9,4.8,2.9,122.0,212.0,,,,-0.8,-0.8,144.0,97.0,47.0,,,,,,,-1.0,10-12 Manufacture of food and beverages,"Manufacture of food products, beverages and tobacco 
This category is made up of the categories: 
10 Manufacture of food products 
11 Manufacture of beverages 
12 Manufacture of tobacco products",24,2001
247,307610 ,2002JJ00,5261.0,4192.0,1069.0,5213.0,1.6,0.2,1.5,44.4,35.3,44.0,25.8,20.5,25.5,4.4,3.0,4.3,5.7,4.3,5.6,119.0,204.0,,,,-2.7,-3.9,141.0,95.0,47.0,,,,,,,-1.7,10-12 Manufacture of food and beverages,"Manufacture of food products, beverages and tobacco 
This category is made up of the categories: 
10 Manufacture of food products 
11 Manufacture of beverages 
12 Manufacture of tobacco products",24,2002
248,307610 ,2003JJ00,5295.0,4235.0,1060.0,5256.0,0.7,1.0,0.9,46.2,37.0,45.9,26.6,21.2,26.4,4.2,4.6,4.4,3.1,3.4,3.3,115.0,199.0,,,,-3.4,-2.3,136.0,92.0,44.0,,,,,,,-3.9,10-12 Manufacture of food and beverages,"Manufacture of food products, beverages and tobacco 
This category is made up of the categories: 
10 Manufacture of food products 
11 Manufacture of beverages 
12 Manufacture of tobacco products",24,2003
249,307610 ,2004JJ00,5273.0,4217.0,1056.0,5225.0,-0.4,-0.4,-0.6,47.8,38.3,47.4,27.2,21.8,27.0,3.4,3.5,3.3,2.5,2.5,2.3,110.0,194.0,,,,-3.8,-2.9,131.0,89.0,43.0,,,,,,,-3.3,10-12 Manufacture of food and beverages,"Manufacture of food products, beverages and tobacco 
This category is made up of the categories: 
10 Manufacture of food products 
11 Manufacture of beverages 
12 Manufacture of tobacco products",24,2004
250,307610 ,2005JJ00,5196.0,4200.0,996.0,5162.0,-1.4,-0.4,-1.2,48.4,39.1,48.1,27.6,22.3,27.4,1.2,2.2,1.4,1.4,2.5,1.7,107.0,188.0,,,,-2.6,-2.8,128.0,86.0,42.0,,,,,,,-2.3,10-12 Manufacture of food and beverages,"Manufacture of food products, beverages and tobacco 
This category is made up of the categories: 
10 Manufacture of food products 
11 Manufacture of beverages 
12 Manufacture of tobacco products",24,2005
251,307610 ,2006JJ00,5377.0,4295.0,1082.0,5344.0,3.5,2.3,3.5,50.5,40.4,50.2,28.9,23.1,28.8,4.4,3.2,4.5,4.8,3.6,4.9,106.0,186.0,,,,-0.9,-1.3,127.0,85.0,42.0,,,,,,,-0.7,10-12 Manufacture of food and beverages,"Manufacture of food products, beverages and tobacco 
This category is made up of the categories: 
10 Manufacture of food products 
11 Manufacture of beverages 
12 Manufacture of tobacco products",24,2006
252,307610 ,2007JJ00,5465.0,4424.0,1041.0,5428.0,1.6,3.0,1.6,52.2,42.3,51.9,29.8,24.2,29.6,3.3,4.7,3.3,3.1,4.5,3.0,105.0,183.0,,,,-1.7,-1.4,126.0,84.0,41.0,,,,,,,-1.4,10-12 Manufacture of food and beverages,"Manufacture of food products, beverages and tobacco 
This category is made up of the categories: 
10 Manufacture of food products 
11 Manufacture of beverages 
12 Manufacture of tobacco products",24,2007
253,307610 ,2008JJ00,5490.0,4391.0,1099.0,5450.0,0.5,-0.7,0.4,51.9,41.5,51.5,29.7,23.8,29.5,-0.6,-1.8,-0.7,-0.3,-1.5,-0.3,106.0,185.0,,,,1.1,0.7,127.0,85.0,43.0,,,,,,,1.4,10-12 Manufacture of food and beverages,"Manufacture of food products, beverages and tobacco 
This category is made up of the categories: 
10 Manufacture of food products 
11 Manufacture of beverages 
12 Manufacture of tobacco products",24,2008
254,307610 ,2009JJ00,5539.0,4444.0,1095.0,5487.0,0.9,1.2,0.7,52.2,41.9,51.7,29.8,23.9,29.5,0.6,0.9,0.4,0.2,0.5,0.0,106.0,186.0,,,,0.3,0.7,128.0,85.0,43.0,,,,,,,0.7,10-12 Manufacture of food and beverages,"Manufacture of food products, beverages and tobacco 
This category is made up of the categories: 
10 Manufacture of food products 
11 Manufacture of beverages 
12 Manufacture of tobacco products",24,2009
255,307610 ,2010JJ00,5607.0,4503.0,1104.0,5550.0,1.2,1.3,1.1,53.3,42.8,52.7,30.3,24.3,29.9,2.0,2.1,1.9,1.5,1.6,1.4,105.0,185.0,215.0,210.0,5.0,-0.8,-0.3,127.0,84.0,43.0,83.0,70.0,13.0,44.0,14.0,31.0,-1.0,10-12 Manufacture of food and beverages,"Manufacture of food products, beverages and tobacco 
This category is made up of the categories: 
10 Manufacture of food products 
11 Manufacture of beverages 
12 Manufacture of tobacco products",24,2010
256,307610 ,2011JJ00,5616.0,4489.0,1127.0,5568.0,0.2,-0.3,0.4,54.2,43.3,53.8,30.7,24.6,30.5,1.8,1.3,2.0,1.6,1.1,1.7,104.0,183.0,211.0,207.0,5.0,-1.6,-1.4,126.0,82.0,43.0,79.0,66.0,12.0,47.0,16.0,31.0,-1.0,10-12 Manufacture of food and beverages,"Manufacture of food products, beverages and tobacco 
This category is made up of the categories: 
10 Manufacture of food products 
11 Manufacture of beverages 
12 Manufacture of tobacco products",24,2011
257,307610 ,2012JJ00,5813.0,4569.0,1244.0,5763.0,3.5,1.8,3.5,56.0,44.0,55.5,31.8,25.0,31.6,3.3,1.5,3.3,3.6,1.9,3.6,104.0,183.0,213.0,208.0,5.0,0.2,-0.1,126.0,82.0,44.0,78.0,66.0,12.0,48.0,16.0,31.0,0.3,10-12 Manufacture of food and beverages,"Manufacture of food products, beverages and tobacco 
This category is made up of the categories: 
10 Manufacture of food products 
11 Manufacture of beverages 
12 Manufacture of tobacco products",24,2012
258,307610 ,2013JJ00,5963.0,4757.0,1206.0,5930.0,2.6,4.1,2.9,57.2,45.6,56.9,32.2,25.7,32.1,2.2,3.7,2.5,1.3,2.8,1.6,104.0,185.0,215.0,210.0,5.0,0.4,1.3,126.0,82.0,43.0,79.0,67.0,12.0,46.0,16.0,31.0,-0.3,10-12 Manufacture of food and beverages,"Manufacture of food products, beverages and tobacco 
This category is made up of the categories: 
10 Manufacture of food products 
11 Manufacture of beverages 
12 Manufacture of tobacco products",24,2013
259,307610 ,2014JJ00,6106.0,4815.0,1291.0,6099.0,2.4,1.2,2.9,58.4,46.1,58.4,32.7,25.8,32.7,2.1,0.9,2.6,1.5,0.3,2.0,105.0,187.0,216.0,211.0,5.0,0.3,0.9,126.0,83.0,43.0,79.0,66.0,13.0,47.0,16.0,31.0,0.2,10-12 Manufacture of food and beverages,"Manufacture of food products, beverages and tobacco 
This category is made up of the categories: 
10 Manufacture of food products 
11 Manufacture of beverages 
12 Manufacture of tobacco products",24,2014
260,307610 ,2015JJ00,6149.0,4873.0,1276.0,6131.0,0.7,1.2,0.5,58.9,46.7,58.7,33.1,26.3,33.0,0.8,1.3,0.6,1.3,1.8,1.1,104.0,186.0,215.0,210.0,5.0,-0.1,-0.6,126.0,82.0,44.0,78.0,65.0,13.0,48.0,17.0,31.0,0.0,10-12 Manufacture of food and beverages,"Manufacture of food products, beverages and tobacco 
This category is made up of the categories: 
10 Manufacture of food products 
11 Manufacture of beverages 
12 Manufacture of tobacco products",24,2015
261,307610 ,2016JJ00,6466.0,5079.0,1387.0,6437.0,5.2,4.2,5.0,60.9,47.8,60.6,34.3,27.0,34.2,3.4,2.4,3.2,3.6,2.7,3.5,106.0,188.0,219.0,214.0,5.0,1.7,1.5,128.0,83.0,45.0,80.0,66.0,14.0,48.0,16.0,32.0,1.4,10-12 Manufacture of food and beverages,"Manufacture of food products, beverages and tobacco 
This category is made up of the categories: 
10 Manufacture of food products 
11 Manufacture of beverages 
12 Manufacture of tobacco products",24,2016
262,307610 ,2017JJ00,6676.0,5224.0,1452.0,6634.0,3.3,2.9,3.1,61.5,48.1,61.1,34.8,27.3,34.6,1.0,0.7,0.9,1.4,1.1,1.3,109.0,192.0,223.0,218.0,5.0,2.2,1.8,131.0,84.0,47.0,81.0,67.0,14.0,50.0,17.0,33.0,2.2,10-12 Manufacture of food and beverages,"Manufacture of food products, beverages and tobacco 
This category is made up of the categories: 
10 Manufacture of food products 
11 Manufacture of beverages 
12 Manufacture of tobacco products",24,2017
263,307610 ,2018JJ00,7013.0,5456.0,1557.0,6988.0,5.1,4.5,5.4,63.3,49.3,63.1,36.0,28.0,35.9,2.9,2.3,3.2,3.5,2.8,3.7,111.0,195.0,229.0,223.0,5.0,2.1,1.6,133.0,85.0,48.0,82.0,68.0,15.0,51.0,18.0,33.0,1.9,10-12 Manufacture of food and beverages,"Manufacture of food products, beverages and tobacco 
This category is made up of the categories: 
10 Manufacture of food products 
11 Manufacture of beverages 
12 Manufacture of tobacco products",24,2018
264,307610 ,2019JJ00,7491.0,5787.0,1704.0,7464.0,6.8,6.1,6.8,65.2,50.4,65.0,37.1,28.6,36.9,3.0,2.3,3.0,2.8,2.2,2.8,115.0,202.0,237.0,231.0,5.0,3.7,3.8,137.0,88.0,49.0,85.0,69.0,16.0,52.0,18.0,34.0,3.1,10-12 Manufacture of food and beverages,"Manufacture of food products, beverages and tobacco 
This category is made up of the categories: 
10 Manufacture of food products 
11 Manufacture of beverages 
12 Manufacture of tobacco products",24,2019
265,307610 ,2020JJ00,7797.0,6001.0,1796.0,7652.0,4.1,3.7,2.5,66.5,51.2,65.2,38.5,29.6,37.8,1.9,1.5,0.4,3.8,3.4,2.2,117.0,203.0,242.0,237.0,5.0,2.1,0.3,139.0,89.0,51.0,86.0,70.0,16.0,53.0,19.0,34.0,1.5,10-12 Manufacture of food and beverages,"Manufacture of food products, beverages and tobacco 
This category is made up of the categories: 
10 Manufacture of food products 
11 Manufacture of beverages 
12 Manufacture of tobacco products",24,2020
266,307610 ,2021JJ00,7964.0,6147.0,1817.0,7849.0,2.2,2.4,2.6,68.4,52.8,67.4,39.4,30.4,38.8,2.9,3.2,3.4,2.4,2.7,2.9,116.0,202.0,239.0,235.0,5.0,-0.7,-0.2,138.0,87.0,51.0,85.0,68.0,17.0,53.0,19.0,34.0,-0.8,10-12 Manufacture of food and beverages,"Manufacture of food products, beverages and tobacco 
This category is made up of the categories: 
10 Manufacture of food products 
11 Manufacture of beverages 
12 Manufacture of tobacco products",24,2021
267,307610 ,2022JJ00,8242.0,6291.0,1951.0,8199.0,3.5,2.4,4.4,70.0,53.5,69.7,40.8,31.1,40.6,2.4,1.3,3.3,3.6,2.4,4.5,118.0,202.0,241.0,236.0,5.0,1.1,-0.1,140.0,88.0,52.0,86.0,68.0,18.0,54.0,20.0,34.0,1.2,10-12 Manufacture of food and beverages,"Manufacture of food products, beverages and tobacco 
This category is made up of the categories: 
10 Manufacture of food products 
11 Manufacture of beverages 
12 Manufacture of tobacco products",24,2022
268,307610 ,2023JJ00,9049.0,6945.0,2104.0,9018.0,9.8,10.3,10.0,74.9,57.5,74.6,43.7,33.6,43.6,6.9,7.5,7.1,7.2,7.7,7.4,121.0,207.0,247.0,243.0,4.0,2.7,2.4,143.0,89.0,54.0,88.0,69.0,19.0,56.0,21.0,35.0,2.4,10-12 Manufacture of food and beverages,"Manufacture of food products, beverages and tobacco 
This category is made up of the categories: 
10 Manufacture of food products 
11 Manufacture of beverages 
12 Manufacture of tobacco products",24,2023
269,307610 ,2024JJ00,9592.0,7347.0,2245.0,9555.0,6.0,5.8,6.0,79.2,60.7,78.9,46.1,35.4,46.0,5.8,5.6,5.7,5.5,5.4,5.5,121.0,208.0,249.0,245.0,4.0,0.2,0.5,144.0,89.0,55.0,86.0,66.0,20.0,58.0,23.0,35.0,0.5,10-12 Manufacture of food and beverages,"Manufacture of food products, beverages and tobacco 
This category is made up of the categories: 
10 Manufacture of food products 
11 Manufacture of beverages 
12 Manufacture of tobacco products",24,2024
270,312505 ,1995JJ00,825.0,692.0,133.0,823.0,,,,29.3,24.6,29.2,17.0,14.3,17.0,,,,,,,28.0,49.0,,,,,,32.0,18.0,14.0,,,,,,,,"13-15 Man. of textile-, leatherproducts","Manufacture of textiles and textile products and of leather and leather products 
This category is made up of the categories: 
13 Manufacture of textiles 
14 Manufacture of wearing apparel 
15 Manufacture of leather, products of leather and footwear",24,1995
271,312505 ,1996JJ00,768.0,640.0,128.0,765.0,-6.9,-7.5,-7.0,30.0,25.0,29.9,17.5,14.5,17.4,2.5,1.8,2.3,2.6,2.0,2.5,26.0,44.0,,,,-9.1,-9.3,29.0,16.0,13.0,,,,,,,-8.2,"13-15 Man. of textile-, leatherproducts","Manufacture of textiles and textile products and of leather and leather products 
This category is made up of the categories: 
13 Manufacture of textiles 
14 Manufacture of wearing apparel 
15 Manufacture of leather, products of leather and footwear",24,1996
272,312505 ,1997JJ00,766.0,653.0,113.0,762.0,-0.3,2.1,-0.4,29.9,25.5,29.7,17.6,15.0,17.5,-0.3,2.0,-0.4,0.7,3.0,0.6,26.0,44.0,,,,0.1,-0.9,29.0,16.0,12.0,,,,,,,-2.3,"13-15 Man. of textile-, leatherproducts","Manufacture of textiles and textile products and of leather and leather products 
This category is made up of the categories: 
13 Manufacture of textiles 
14 Manufacture of wearing apparel 
15 Manufacture of leather, products of leather and footwear",24,1997
273,312505 ,1998JJ00,779.0,618.0,161.0,773.0,1.7,-5.4,1.4,31.0,24.6,30.8,18.3,14.5,18.1,3.7,-3.5,3.5,3.9,-3.3,3.6,25.0,43.0,,,,-2.0,-2.1,29.0,16.0,12.0,,,,,,,-0.1,"13-15 Man. of textile-, leatherproducts","Manufacture of textiles and textile products and of leather and leather products 
This category is made up of the categories: 
13 Manufacture of textiles 
14 Manufacture of wearing apparel 
15 Manufacture of leather, products of leather and footwear",24,1998
274,312505 ,1999JJ00,805.0,636.0,169.0,798.0,3.3,2.8,3.2,32.7,25.8,32.4,19.2,15.2,19.0,5.5,5.0,5.4,5.1,4.6,5.0,25.0,42.0,,,,-2.0,-1.7,28.0,16.0,12.0,,,,,,,-0.2,"13-15 Man. of textile-, leatherproducts","Manufacture of textiles and textile products and of leather and leather products 
This category is made up of the categories: 
13 Manufacture of textiles 
14 Manufacture of wearing apparel 
15 Manufacture of leather, products of leather and footwear",24,1999
275,312505 ,2000JJ00,836.0,649.0,187.0,830.0,3.8,2.0,3.9,35.6,27.6,35.3,20.9,16.2,20.8,8.7,6.8,8.8,9.0,7.1,9.1,23.0,40.0,,,,-4.5,-4.8,28.0,16.0,12.0,,,,,,,-3.4,"13-15 Man. of textile-, leatherproducts","Manufacture of textiles and textile products and of leather and leather products 
This category is made up of the categories: 
13 Manufacture of textiles 
14 Manufacture of wearing apparel 
15 Manufacture of leather, products of leather and footwear",24,2000
276,312505 ,2001JJ00,812.0,647.0,165.0,805.0,-2.9,-0.3,-3.0,36.0,28.7,35.7,21.1,16.8,20.9,1.2,3.9,1.0,0.9,3.6,0.7,23.0,38.0,,,,-4.0,-3.7,27.0,15.0,11.0,,,,,,,-3.5,"13-15 Man. of textile-, leatherproducts","Manufacture of textiles and textile products and of leather and leather products 
This category is made up of the categories: 
13 Manufacture of textiles 
14 Manufacture of wearing apparel 
15 Manufacture of leather, products of leather and footwear",24,2001
277,312505 ,2002JJ00,791.0,622.0,169.0,784.0,-2.5,-3.9,-2.6,38.0,29.9,37.7,22.5,17.7,22.3,5.6,4.2,5.6,6.5,5.0,6.5,21.0,35.0,,,,-7.7,-8.5,24.0,14.0,10.0,,,,,,,-8.0,"13-15 Man. of textile-, leatherproducts","Manufacture of textiles and textile products and of leather and leather products 
This category is made up of the categories: 
13 Manufacture of textiles 
14 Manufacture of wearing apparel 
15 Manufacture of leather, products of leather and footwear",24,2002
278,312505 ,2003JJ00,762.0,600.0,162.0,755.0,-3.7,-3.5,-3.7,40.3,31.7,39.9,23.5,18.5,23.3,6.1,6.2,6.0,4.5,4.7,4.5,19.0,32.0,,,,-9.2,-7.9,22.0,13.0,9.0,,,,,,,-9.3,"13-15 Man. of textile-, leatherproducts","Manufacture of textiles and textile products and of leather and leather products 
This category is made up of the categories: 
13 Manufacture of textiles 
14 Manufacture of wearing apparel 
15 Manufacture of leather, products of leather and footwear",24,2003
279,312505 ,2004JJ00,699.0,546.0,153.0,690.0,-8.2,-9.0,-8.6,41.7,32.6,41.1,24.1,18.8,23.8,3.5,2.6,3.1,2.6,1.8,2.2,17.0,29.0,,,,-11.3,-10.6,20.0,12.0,8.0,,,,,,,-11.6,"13-15 Man. of textile-, leatherproducts","Manufacture of textiles and textile products and of leather and leather products 
This category is made up of the categories: 
13 Manufacture of textiles 
14 Manufacture of wearing apparel 
15 Manufacture of leather, products of leather and footwear",24,2004
280,312505 ,2005JJ00,650.0,513.0,137.0,641.0,-6.9,-5.9,-7.0,42.1,33.3,41.5,24.7,19.5,24.4,1.0,2.1,0.9,2.7,3.8,2.6,15.0,26.0,,,,-7.9,-9.4,18.0,11.0,7.0,,,,,,,-7.1,"13-15 Man. of textile-, leatherproducts","Manufacture of textiles and textile products and of leather and leather products 
This category is made up of the categories: 
13 Manufacture of textiles 
14 Manufacture of wearing apparel 
15 Manufacture of leather, products of leather and footwear",24,2005
281,312505 ,2006JJ00,648.0,512.0,136.0,640.0,-0.4,-0.3,-0.2,42.3,33.5,41.8,25.0,19.7,24.7,0.5,0.6,0.7,1.0,1.1,1.1,15.0,26.0,,,,-0.9,-1.4,18.0,11.0,7.0,,,,,,,-0.8,"13-15 Man. of textile-, leatherproducts","Manufacture of textiles and textile products and of leather and leather products 
This category is made up of the categories: 
13 Manufacture of textiles 
14 Manufacture of wearing apparel 
15 Manufacture of leather, products of leather and footwear",24,2006
282,312505 ,2007JJ00,669.0,528.0,141.0,661.0,3.3,3.2,3.4,44.5,35.1,43.9,26.2,20.7,25.9,5.0,4.9,5.1,5.0,4.8,5.0,15.0,26.0,,,,-1.6,-1.6,18.0,11.0,7.0,,,,,,,-1.0,"13-15 Man. of textile-, leatherproducts","Manufacture of textiles and textile products and of leather and leather products 
This category is made up of the categories: 
13 Manufacture of textiles 
14 Manufacture of wearing apparel 
15 Manufacture of leather, products of leather and footwear",24,2007
283,312505 ,2008JJ00,682.0,531.0,151.0,673.0,1.8,0.5,1.7,46.5,36.2,45.9,27.8,21.6,27.4,4.7,3.3,4.5,5.8,4.4,5.7,15.0,25.0,,,,-2.7,-3.8,17.0,10.0,7.0,,,,,,,-2.9,"13-15 Man. of textile-, leatherproducts","Manufacture of textiles and textile products and of leather and leather products 
This category is made up of the categories: 
13 Manufacture of textiles 
14 Manufacture of wearing apparel 
15 Manufacture of leather, products of leather and footwear",24,2008
284,312505 ,2009JJ00,640.0,506.0,134.0,627.0,-6.2,-4.7,-6.9,47.4,37.5,46.4,28.6,22.6,28.0,1.8,3.4,1.1,3.0,4.7,2.3,13.0,22.0,,,,-7.8,-8.9,16.0,10.0,6.0,,,,,,,-7.6,"13-15 Man. of textile-, leatherproducts","Manufacture of textiles and textile products and of leather and leather products 
This category is made up of the categories: 
13 Manufacture of textiles 
14 Manufacture of wearing apparel 
15 Manufacture of leather, products of leather and footwear",24,2009
285,312505 ,2010JJ00,639.0,502.0,137.0,628.0,-0.1,-0.8,0.2,49.0,38.5,48.2,29.3,23.0,28.7,3.5,2.8,3.8,2.3,1.6,2.6,13.0,22.0,26.0,26.0,0.0,-3.5,-2.4,15.0,10.0,6.0,10.0,8.0,2.0,5.0,1.0,4.0,-3.8,"13-15 Man. of textile-, leatherproducts","Manufacture of textiles and textile products and of leather and leather products 
This category is made up of the categories: 
13 Manufacture of textiles 
14 Manufacture of wearing apparel 
15 Manufacture of leather, products of leather and footwear",24,2010
286,312505 ,2011JJ00,653.0,508.0,145.0,644.0,2.3,1.3,2.7,50.5,39.3,49.8,29.7,23.1,29.3,2.9,2.0,3.3,1.5,0.5,1.8,13.0,22.0,26.0,26.0,0.0,-0.6,0.8,15.0,10.0,6.0,10.0,8.0,2.0,5.0,1.0,4.0,-0.6,"13-15 Man. of textile-, leatherproducts","Manufacture of textiles and textile products and of leather and leather products 
This category is made up of the categories: 
13 Manufacture of textiles 
14 Manufacture of wearing apparel 
15 Manufacture of leather, products of leather and footwear",24,2011
287,312505 ,2012JJ00,663.0,513.0,150.0,655.0,1.4,0.9,1.6,52.2,40.4,51.6,30.7,23.8,30.3,3.5,2.9,3.6,3.4,2.8,3.6,13.0,22.0,26.0,25.0,0.0,-2.0,-1.9,15.0,9.0,6.0,10.0,8.0,2.0,5.0,2.0,4.0,-1.9,"13-15 Man. of textile-, leatherproducts","Manufacture of textiles and textile products and of leather and leather products 
This category is made up of the categories: 
13 Manufacture of textiles 
14 Manufacture of wearing apparel 
15 Manufacture of leather, products of leather and footwear",24,2012
288,312505 ,2013JJ00,671.0,523.0,148.0,666.0,1.2,2.0,1.7,52.6,41.0,52.2,30.2,23.5,30.0,0.6,1.4,1.1,-1.7,-1.0,-1.2,13.0,22.0,26.0,26.0,0.0,0.6,3.0,15.0,9.0,6.0,10.0,8.0,2.0,6.0,1.0,4.0,1.7,"13-15 Man. of textile-, leatherproducts","Manufacture of textiles and textile products and of leather and leather products 
This category is made up of the categories: 
13 Manufacture of textiles 
14 Manufacture of wearing apparel 
15 Manufacture of leather, products of leather and footwear",24,2013
289,312505 ,2014JJ00,673.0,518.0,155.0,671.0,0.2,-1.0,0.7,54.3,41.8,54.2,31.2,24.0,31.1,3.4,2.1,3.8,3.2,1.9,3.7,12.0,22.0,25.0,25.0,0.0,-3.0,-2.9,15.0,9.0,5.0,9.0,8.0,2.0,5.0,1.0,4.0,-4.8,"13-15 Man. of textile-, leatherproducts","Manufacture of textiles and textile products and of leather and leather products 
This category is made up of the categories: 
13 Manufacture of textiles 
14 Manufacture of wearing apparel 
15 Manufacture of leather, products of leather and footwear",24,2014
290,312505 ,2015JJ00,661.0,519.0,142.0,657.0,-1.6,0.3,-1.9,53.9,42.3,53.6,31.4,24.7,31.2,-0.8,1.1,-1.1,0.9,2.8,0.6,12.0,21.0,25.0,25.0,0.0,-0.8,-2.5,14.0,9.0,5.0,9.0,8.0,2.0,5.0,2.0,4.0,-0.9,"13-15 Man. of textile-, leatherproducts","Manufacture of textiles and textile products and of leather and leather products 
This category is made up of the categories: 
13 Manufacture of textiles 
14 Manufacture of wearing apparel 
15 Manufacture of leather, products of leather and footwear",24,2015
291,312505 ,2016JJ00,672.0,525.0,147.0,667.0,1.6,1.1,1.5,55.4,43.2,54.9,32.1,25.1,31.9,2.7,2.2,2.6,2.2,1.6,2.0,12.0,21.0,25.0,24.0,0.0,-1.1,-0.5,14.0,9.0,5.0,9.0,8.0,2.0,5.0,1.0,4.0,-1.3,"13-15 Man. of textile-, leatherproducts","Manufacture of textiles and textile products and of leather and leather products 
This category is made up of the categories: 
13 Manufacture of textiles 
14 Manufacture of wearing apparel 
15 Manufacture of leather, products of leather and footwear",24,2016
292,312505 ,2017JJ00,680.0,527.0,153.0,674.0,1.2,0.4,1.0,56.1,43.5,55.6,32.6,25.3,32.4,1.3,0.6,1.2,1.7,0.9,1.5,12.0,21.0,25.0,24.0,0.0,-0.2,-0.5,14.0,9.0,5.0,9.0,8.0,2.0,5.0,1.0,4.0,-0.6,"13-15 Man. of textile-, leatherproducts","Manufacture of textiles and textile products and of leather and leather products 
This category is made up of the categories: 
13 Manufacture of textiles 
14 Manufacture of wearing apparel 
15 Manufacture of leather, products of leather and footwear",24,2017
293,312505 ,2018JJ00,743.0,572.0,171.0,739.0,9.2,8.5,9.6,57.9,44.6,57.6,33.6,25.9,33.4,3.2,2.5,3.5,3.0,2.4,3.4,13.0,22.0,26.0,26.0,0.0,5.8,6.0,15.0,10.0,5.0,10.0,8.0,2.0,5.0,2.0,4.0,5.4,"13-15 Man. of textile-, leatherproducts","Manufacture of textiles and textile products and of leather and leather products 
This category is made up of the categories: 
13 Manufacture of textiles 
14 Manufacture of wearing apparel 
15 Manufacture of leather, products of leather and footwear",24,2018
294,312505 ,2019JJ00,756.0,580.0,176.0,752.0,1.8,1.4,1.8,59.1,45.3,58.8,34.4,26.4,34.2,2.1,1.7,2.1,2.2,1.8,2.2,13.0,22.0,26.0,26.0,0.0,-0.3,-0.4,15.0,10.0,5.0,10.0,8.0,2.0,5.0,2.0,4.0,-0.3,"13-15 Man. of textile-, leatherproducts","Manufacture of textiles and textile products and of leather and leather products 
This category is made up of the categories: 
13 Manufacture of textiles 
14 Manufacture of wearing apparel 
15 Manufacture of leather, products of leather and footwear",24,2019
295,312505 ,2020JJ00,759.0,579.0,180.0,709.0,0.4,-0.1,-5.7,60.2,45.9,56.2,35.7,27.2,33.3,1.9,1.4,-4.3,3.8,3.3,-2.5,13.0,21.0,26.0,26.0,0.0,-1.5,-3.3,15.0,9.0,5.0,9.0,8.0,2.0,5.0,2.0,4.0,-1.7,"13-15 Man. of textile-, leatherproducts","Manufacture of textiles and textile products and of leather and leather products 
This category is made up of the categories: 
13 Manufacture of textiles 
14 Manufacture of wearing apparel 
15 Manufacture of leather, products of leather and footwear",24,2020
296,312505 ,2021JJ00,785.0,598.0,187.0,757.0,3.5,3.3,6.8,61.6,46.9,59.4,35.9,27.3,34.6,2.3,2.1,5.6,0.5,0.3,3.7,13.0,22.0,26.0,26.0,0.0,1.1,3.0,15.0,9.0,5.0,9.0,8.0,2.0,5.0,2.0,4.0,1.2,"13-15 Man. of textile-, leatherproducts","Manufacture of textiles and textile products and of leather and leather products 
This category is made up of the categories: 
13 Manufacture of textiles 
14 Manufacture of wearing apparel 
15 Manufacture of leather, products of leather and footwear",24,2021
297,312505 ,2022JJ00,800.0,605.0,195.0,795.0,1.8,1.2,4.9,63.1,47.7,62.7,37.5,28.4,37.3,2.4,1.7,5.5,4.5,3.9,7.7,13.0,21.0,26.0,25.0,0.0,-0.6,-2.6,15.0,9.0,5.0,9.0,7.0,2.0,6.0,2.0,4.0,-0.7,"13-15 Man. of textile-, leatherproducts","Manufacture of textiles and textile products and of leather and leather products 
This category is made up of the categories: 
13 Manufacture of textiles 
14 Manufacture of wearing apparel 
15 Manufacture of leather, products of leather and footwear",24,2022
298,312505 ,2023JJ00,855.0,649.0,206.0,847.0,7.0,7.3,6.7,67.9,51.5,67.3,40.4,30.7,40.0,7.6,8.0,7.3,7.8,8.1,7.4,13.0,21.0,26.0,25.0,0.0,-0.6,-0.7,15.0,9.0,5.0,9.0,7.0,2.0,6.0,2.0,4.0,-0.7,"13-15 Man. of textile-, leatherproducts","Manufacture of textiles and textile products and of leather and leather products 
This category is made up of the categories: 
13 Manufacture of textiles 
14 Manufacture of wearing apparel 
15 Manufacture of leather, products of leather and footwear",24,2023
299,312505 ,2024JJ00,895.0,680.0,215.0,887.0,4.4,4.6,4.4,71.7,54.5,71.1,42.3,32.2,41.9,5.6,5.9,5.7,4.7,5.0,4.8,12.0,21.0,25.0,25.0,0.0,-1.2,-0.4,14.0,9.0,5.0,9.0,7.0,2.0,6.0,2.0,4.0,-1.7,"13-15 Man. of textile-, leatherproducts","Manufacture of textiles and textile products and of leather and leather products 
This category is made up of the categories: 
13 Manufacture of textiles 
14 Manufacture of wearing apparel 
15 Manufacture of leather, products of leather and footwear",24,2024
300,315810 ,1995JJ00,2815.0,2354.0,461.0,2810.0,,,,32.3,27.0,32.3,18.8,15.7,18.7,,,,,,,87.0,150.0,,,,,,97.0,78.0,19.0,,,,,,,,"16-18 Man. wood en paperprod., printing","Manufacturing of wood and paper and of products of wood and paper; printing 
This category is made up of the categories: 
16 Manufacture of wood and of products of wood and cork, except furniture; manufacture of articles of straw and plaiting materials 
17 Manufacture of paper and paper products 
18 Printing and reproduction of recorded media",24,1995
301,315810 ,1996JJ00,2861.0,2384.0,477.0,2848.0,1.7,1.3,1.4,33.1,27.6,33.0,19.0,15.8,18.9,2.4,2.1,2.2,1.3,0.9,1.0,86.0,151.0,,,,-0.7,0.4,97.0,78.0,19.0,,,,,,,-0.4,"16-18 Man. wood en paperprod., printing","Manufacturing of wood and paper and of products of wood and paper; printing 
This category is made up of the categories: 
16 Manufacture of wood and of products of wood and cork, except furniture; manufacture of articles of straw and plaiting materials 
17 Manufacture of paper and paper products 
18 Printing and reproduction of recorded media",24,1996
302,315810 ,1997JJ00,2818.0,2403.0,415.0,2797.0,-1.5,0.8,-1.8,33.9,28.9,33.6,19.5,16.6,19.3,2.3,4.7,2.0,2.4,4.8,2.1,83.0,145.0,,,,-3.7,-3.8,93.0,75.0,18.0,,,,,,,-3.7,"16-18 Man. wood en paperprod., printing","Manufacturing of wood and paper and of products of wood and paper; printing 
This category is made up of the categories: 
16 Manufacture of wood and of products of wood and cork, except furniture; manufacture of articles of straw and plaiting materials 
17 Manufacture of paper and paper products 
18 Printing and reproduction of recorded media",24,1997
303,315810 ,1998JJ00,2961.0,2350.0,611.0,2932.0,5.1,-2.2,4.8,35.6,28.3,35.3,20.4,16.2,20.2,5.2,-2.2,4.9,4.8,-2.5,4.5,83.0,145.0,,,,-0.1,0.3,91.0,73.0,17.0,,,,,,,-2.5,"16-18 Man. wood en paperprod., printing","Manufacturing of wood and paper and of products of wood and paper; printing 
This category is made up of the categories: 
16 Manufacture of wood and of products of wood and cork, except furniture; manufacture of articles of straw and plaiting materials 
17 Manufacture of paper and paper products 
18 Printing and reproduction of recorded media",24,1998
304,315810 ,1999JJ00,3059.0,2410.0,649.0,3029.0,3.3,2.5,3.3,36.9,29.1,36.6,21.1,16.6,20.9,3.7,2.9,3.7,3.3,2.6,3.3,83.0,145.0,,,,-0.3,0.0,90.0,72.0,18.0,,,,,,,-0.5,"16-18 Man. wood en paperprod., printing","Manufacturing of wood and paper and of products of wood and paper; printing 
This category is made up of the categories: 
16 Manufacture of wood and of products of wood and cork, except furniture; manufacture of articles of straw and plaiting materials 
17 Manufacture of paper and paper products 
18 Printing and reproduction of recorded media",24,1999
305,315810 ,2000JJ00,3197.0,2491.0,706.0,3165.0,4.5,3.4,4.5,39.0,30.4,38.6,22.5,17.5,22.2,5.5,4.3,5.5,6.6,5.4,6.6,82.0,142.0,,,,-0.9,-1.9,90.0,71.0,19.0,,,,,,,-0.8,"16-18 Man. wood en paperprod., printing","Manufacturing of wood and paper and of products of wood and paper; printing 
This category is made up of the categories: 
16 Manufacture of wood and of products of wood and cork, except furniture; manufacture of articles of straw and plaiting materials 
17 Manufacture of paper and paper products 
18 Printing and reproduction of recorded media",24,2000
306,315810 ,2001JJ00,3201.0,2549.0,652.0,3167.0,0.1,2.3,0.1,39.5,31.4,39.1,22.8,18.2,22.6,1.3,3.6,1.3,1.6,3.8,1.5,81.0,140.0,,,,-1.2,-1.4,88.0,70.0,18.0,,,,,,,-1.8,"16-18 Man. wood en paperprod., printing","Manufacturing of wood and paper and of products of wood and paper; printing 
This category is made up of the categories: 
16 Manufacture of wood and of products of wood and cork, except furniture; manufacture of articles of straw and plaiting materials 
17 Manufacture of paper and paper products 
18 Printing and reproduction of recorded media",24,2001
307,315810 ,2002JJ00,3222.0,2559.0,663.0,3185.0,0.6,0.4,0.5,41.1,32.6,40.6,24.0,19.1,23.8,4.0,3.7,3.9,5.3,5.0,5.2,78.0,134.0,,,,-3.2,-4.4,85.0,68.0,17.0,,,,,,,-3.7,"16-18 Man. wood en paperprod., printing","Manufacturing of wood and paper and of products of wood and paper; printing 
This category is made up of the categories: 
16 Manufacture of wood and of products of wood and cork, except furniture; manufacture of articles of straw and plaiting materials 
17 Manufacture of paper and paper products 
18 Printing and reproduction of recorded media",24,2002
308,315810 ,2003JJ00,3139.0,2485.0,654.0,3108.0,-2.6,-2.9,-2.4,42.5,33.6,42.1,24.9,19.7,24.7,3.5,3.1,3.6,3.7,3.4,3.9,74.0,126.0,,,,-5.9,-6.1,81.0,64.0,16.0,,,,,,,-4.7,"16-18 Man. wood en paperprod., printing","Manufacturing of wood and paper and of products of wood and paper; printing 
This category is made up of the categories: 
16 Manufacture of wood and of products of wood and cork, except furniture; manufacture of articles of straw and plaiting materials 
17 Manufacture of paper and paper products 
18 Printing and reproduction of recorded media",24,2003
309,315810 ,2004JJ00,3146.0,2492.0,654.0,3106.0,0.2,0.3,-0.1,44.2,35.0,43.7,25.6,20.3,25.2,4.1,4.1,3.8,2.6,2.6,2.3,71.0,123.0,,,,-3.7,-2.3,78.0,62.0,15.0,,,,,,,-3.9,"16-18 Man. wood en paperprod., printing","Manufacturing of wood and paper and of products of wood and paper; printing 
This category is made up of the categories: 
16 Manufacture of wood and of products of wood and cork, except furniture; manufacture of articles of straw and plaiting materials 
17 Manufacture of paper and paper products 
18 Printing and reproduction of recorded media",24,2004
310,315810 ,2005JJ00,3040.0,2438.0,602.0,3009.0,-3.4,-2.2,-3.1,44.5,35.7,44.0,25.8,20.7,25.6,0.6,1.8,0.8,1.0,2.3,1.3,68.0,118.0,,,,-3.9,-4.3,75.0,61.0,15.0,,,,,,,-3.1,"16-18 Man. wood en paperprod., printing","Manufacturing of wood and paper and of products of wood and paper; printing 
This category is made up of the categories: 
16 Manufacture of wood and of products of wood and cork, except furniture; manufacture of articles of straw and plaiting materials 
17 Manufacture of paper and paper products 
18 Printing and reproduction of recorded media",24,2005
311,315810 ,2006JJ00,3035.0,2445.0,590.0,3006.0,-0.1,0.3,-0.1,45.2,36.4,44.8,26.4,21.2,26.1,1.7,2.1,1.7,2.1,2.5,2.2,67.0,115.0,,,,-1.8,-2.2,74.0,59.0,15.0,,,,,,,-1.5,"16-18 Man. wood en paperprod., printing","Manufacturing of wood and paper and of products of wood and paper; printing 
This category is made up of the categories: 
16 Manufacture of wood and of products of wood and cork, except furniture; manufacture of articles of straw and plaiting materials 
17 Manufacture of paper and paper products 
18 Printing and reproduction of recorded media",24,2006
312,315810 ,2007JJ00,3106.0,2498.0,608.0,3075.0,2.4,2.2,2.3,46.1,37.1,45.6,26.9,21.6,26.6,1.9,1.8,1.9,1.9,1.7,1.8,67.0,116.0,,,,0.4,0.5,74.0,59.0,15.0,,,,,,,0.4,"16-18 Man. wood en paperprod., printing","Manufacturing of wood and paper and of products of wood and paper; printing 
This category is made up of the categories: 
16 Manufacture of wood and of products of wood and cork, except furniture; manufacture of articles of straw and plaiting materials 
17 Manufacture of paper and paper products 
18 Printing and reproduction of recorded media",24,2007
313,315810 ,2008JJ00,3165.0,2505.0,660.0,3134.0,1.9,0.3,1.9,47.9,37.9,47.4,28.0,22.2,27.7,3.8,2.2,3.9,4.2,2.6,4.2,66.0,113.0,,,,-1.9,-2.3,73.0,58.0,15.0,,,,,,,-2.0,"16-18 Man. wood en paperprod., printing","Manufacturing of wood and paper and of products of wood and paper; printing 
This category is made up of the categories: 
16 Manufacture of wood and of products of wood and cork, except furniture; manufacture of articles of straw and plaiting materials 
17 Manufacture of paper and paper products 
18 Printing and reproduction of recorded media",24,2008
314,315810 ,2009JJ00,2953.0,2362.0,591.0,2907.0,-6.7,-5.7,-7.2,48.7,38.9,47.9,28.8,23.0,28.3,1.7,2.8,1.1,2.8,3.9,2.2,61.0,103.0,,,,-8.3,-9.2,67.0,53.0,14.0,,,,,,,-8.5,"16-18 Man. wood en paperprod., printing","Manufacturing of wood and paper and of products of wood and paper; printing 
This category is made up of the categories: 
16 Manufacture of wood and of products of wood and cork, except furniture; manufacture of articles of straw and plaiting materials 
17 Manufacture of paper and paper products 
18 Printing and reproduction of recorded media",24,2009
315,315810 ,2010JJ00,2843.0,2270.0,573.0,2797.0,-3.8,-3.9,-3.8,50.5,40.4,49.7,29.6,23.6,29.1,3.8,3.6,3.7,2.8,2.6,2.7,56.0,96.0,113.0,111.0,2.0,-7.3,-6.4,62.0,50.0,13.0,48.0,44.0,5.0,14.0,6.0,8.0,-6.9,"16-18 Man. wood en paperprod., printing","Manufacturing of wood and paper and of products of wood and paper; printing 
This category is made up of the categories: 
16 Manufacture of wood and of products of wood and cork, except furniture; manufacture of articles of straw and plaiting materials 
17 Manufacture of paper and paper products 
18 Printing and reproduction of recorded media",24,2010
316,315810 ,2011JJ00,2740.0,2170.0,570.0,2708.0,-3.6,-4.4,-3.1,51.4,40.7,50.8,29.7,23.6,29.4,1.7,0.8,2.1,0.5,-0.3,1.0,53.0,92.0,107.0,105.0,2.0,-5.2,-4.1,59.0,47.0,12.0,45.0,41.0,4.0,14.0,6.0,8.0,-5.1,"16-18 Man. wood en paperprod., printing","Manufacturing of wood and paper and of products of wood and paper; printing 
This category is made up of the categories: 
16 Manufacture of wood and of products of wood and cork, except furniture; manufacture of articles of straw and plaiting materials 
17 Manufacture of paper and paper products 
18 Printing and reproduction of recorded media",24,2011
317,315810 ,2012JJ00,2684.0,2097.0,587.0,2654.0,-2.1,-3.4,-2.0,53.2,41.6,52.6,31.0,24.2,30.7,3.6,2.2,3.6,4.3,2.9,4.3,50.0,87.0,101.0,99.0,2.0,-5.4,-6.1,56.0,45.0,11.0,42.0,38.0,4.0,14.0,7.0,7.0,-5.3,"16-18 Man. wood en paperprod., printing","Manufacturing of wood and paper and of products of wood and paper; printing 
This category is made up of the categories: 
16 Manufacture of wood and of products of wood and cork, except furniture; manufacture of articles of straw and plaiting materials 
17 Manufacture of paper and paper products 
18 Printing and reproduction of recorded media",24,2012
318,315810 ,2013JJ00,2567.0,2038.0,529.0,2543.0,-4.4,-2.8,-4.2,53.8,42.8,53.3,30.9,24.6,30.6,1.2,2.8,1.4,-0.3,1.3,-0.1,48.0,83.0,96.0,94.0,2.0,-5.5,-4.1,53.0,42.0,11.0,40.0,36.0,4.0,13.0,6.0,7.0,-5.6,"16-18 Man. wood en paperprod., printing","Manufacturing of wood and paper and of products of wood and paper; printing 
This category is made up of the categories: 
16 Manufacture of wood and of products of wood and cork, except furniture; manufacture of articles of straw and plaiting materials 
17 Manufacture of paper and paper products 
18 Printing and reproduction of recorded media",24,2013
319,315810 ,2014JJ00,2472.0,1943.0,529.0,2457.0,-3.7,-4.7,-3.4,55.1,43.3,54.7,31.3,24.6,31.1,2.3,1.2,2.6,1.3,0.3,1.7,45.0,79.0,91.0,89.0,2.0,-5.8,-5.0,50.0,40.0,10.0,37.0,34.0,4.0,12.0,6.0,6.0,-6.0,"16-18 Man. wood en paperprod., printing","Manufacturing of wood and paper and of products of wood and paper; printing 
This category is made up of the categories: 
16 Manufacture of wood and of products of wood and cork, except furniture; manufacture of articles of straw and plaiting materials 
17 Manufacture of paper and paper products 
18 Printing and reproduction of recorded media",24,2014
320,315810 ,2015JJ00,2371.0,1883.0,488.0,2357.0,-4.0,-3.0,-4.0,54.4,43.2,54.1,31.0,24.7,30.9,-1.1,-0.1,-1.1,-1.0,0.1,-0.9,44.0,76.0,88.0,87.0,2.0,-2.9,-3.1,48.0,39.0,10.0,36.0,32.0,4.0,12.0,6.0,6.0,-2.8,"16-18 Man. wood en paperprod., printing","Manufacturing of wood and paper and of products of wood and paper; printing 
This category is made up of the categories: 
16 Manufacture of wood and of products of wood and cork, except furniture; manufacture of articles of straw and plaiting materials 
17 Manufacture of paper and paper products 
18 Printing and reproduction of recorded media",24,2015
321,315810 ,2016JJ00,2438.0,1931.0,507.0,2422.0,2.8,2.5,2.8,55.5,44.0,55.2,31.7,25.1,31.5,2.0,1.7,1.9,2.1,1.8,2.1,44.0,77.0,89.0,87.0,2.0,0.8,0.7,49.0,39.0,10.0,37.0,33.0,4.0,12.0,6.0,6.0,0.6,"16-18 Man. wood en paperprod., printing","Manufacturing of wood and paper and of products of wood and paper; printing 
This category is made up of the categories: 
16 Manufacture of wood and of products of wood and cork, except furniture; manufacture of articles of straw and plaiting materials 
17 Manufacture of paper and paper products 
18 Printing and reproduction of recorded media",24,2016
322,315810 ,2017JJ00,2418.0,1910.0,508.0,2405.0,-0.8,-1.0,-0.7,55.5,43.8,55.2,32.1,25.4,31.9,0.0,-0.3,0.1,1.3,1.1,1.4,44.0,75.0,88.0,86.0,2.0,-0.8,-2.1,48.0,39.0,10.0,35.0,32.0,4.0,13.0,7.0,6.0,-0.5,"16-18 Man. wood en paperprod., printing","Manufacturing of wood and paper and of products of wood and paper; printing 
This category is made up of the categories: 
16 Manufacture of wood and of products of wood and cork, except furniture; manufacture of articles of straw and plaiting materials 
17 Manufacture of paper and paper products 
18 Printing and reproduction of recorded media",24,2017
323,315810 ,2018JJ00,2457.0,1915.0,542.0,2447.0,1.6,0.2,1.7,56.7,44.2,56.5,32.9,25.6,32.8,2.1,0.8,2.3,2.4,1.1,2.6,43.0,75.0,88.0,86.0,2.0,-0.5,-0.8,48.0,38.0,10.0,35.0,32.0,4.0,13.0,7.0,6.0,-0.6,"16-18 Man. wood en paperprod., printing","Manufacturing of wood and paper and of products of wood and paper; printing 
This category is made up of the categories: 
16 Manufacture of wood and of products of wood and cork, except furniture; manufacture of articles of straw and plaiting materials 
17 Manufacture of paper and paper products 
18 Printing and reproduction of recorded media",24,2018
324,315810 ,2019JJ00,2513.0,1953.0,560.0,2503.0,2.3,2.0,2.3,58.0,45.1,57.8,33.6,26.1,33.5,2.3,2.0,2.3,2.1,1.8,2.2,43.0,75.0,88.0,86.0,2.0,0.0,0.1,48.0,38.0,10.0,35.0,32.0,4.0,13.0,7.0,6.0,-0.2,"16-18 Man. wood en paperprod., printing","Manufacturing of wood and paper and of products of wood and paper; printing 
This category is made up of the categories: 
16 Manufacture of wood and of products of wood and cork, except furniture; manufacture of articles of straw and plaiting materials 
17 Manufacture of paper and paper products 
18 Printing and reproduction of recorded media",24,2019
325,315810 ,2020JJ00,2539.0,1969.0,570.0,2432.0,1.0,0.8,-2.9,58.7,45.5,56.2,35.7,27.6,34.2,1.2,1.0,-2.7,6.1,5.9,2.1,43.0,71.0,88.0,87.0,1.0,-0.2,-4.8,48.0,38.0,10.0,35.0,31.0,4.0,13.0,7.0,6.0,-0.4,"16-18 Man. wood en paperprod., printing","Manufacturing of wood and paper and of products of wood and paper; printing 
This category is made up of the categories: 
16 Manufacture of wood and of products of wood and cork, except furniture; manufacture of articles of straw and plaiting materials 
17 Manufacture of paper and paper products 
18 Printing and reproduction of recorded media",24,2020
326,315810 ,2021JJ00,2609.0,2030.0,579.0,2543.0,2.8,3.1,4.6,60.3,46.9,58.7,35.0,27.2,34.1,2.7,3.0,4.5,-1.9,-1.6,-0.2,43.0,75.0,88.0,86.0,2.0,0.1,4.8,48.0,38.0,10.0,35.0,31.0,4.0,13.0,7.0,6.0,0.3,"16-18 Man. wood en paperprod., printing","Manufacturing of wood and paper and of products of wood and paper; printing 
This category is made up of the categories: 
16 Manufacture of wood and of products of wood and cork, except furniture; manufacture of articles of straw and plaiting materials 
17 Manufacture of paper and paper products 
18 Printing and reproduction of recorded media",24,2021
327,315810 ,2022JJ00,2698.0,2076.0,622.0,2678.0,3.4,2.3,5.3,61.5,47.3,61.1,36.4,28.0,36.1,2.1,0.9,3.9,4.0,2.9,6.0,44.0,74.0,89.0,87.0,1.0,1.3,-0.6,49.0,38.0,10.0,35.0,31.0,4.0,14.0,7.0,6.0,1.5,"16-18 Man. wood en paperprod., printing","Manufacturing of wood and paper and of products of wood and paper; printing 
This category is made up of the categories: 
16 Manufacture of wood and of products of wood and cork, except furniture; manufacture of articles of straw and plaiting materials 
17 Manufacture of paper and paper products 
18 Printing and reproduction of recorded media",24,2022
328,315810 ,2023JJ00,2866.0,2215.0,651.0,2852.0,6.2,6.6,6.4,64.8,50.1,64.5,38.6,29.9,38.4,5.4,5.9,5.7,6.2,6.7,6.5,44.0,74.0,89.0,88.0,1.0,0.7,0.0,49.0,38.0,11.0,35.0,31.0,4.0,14.0,7.0,6.0,0.6,"16-18 Man. wood en paperprod., printing","Manufacturing of wood and paper and of products of wood and paper; printing 
This category is made up of the categories: 
16 Manufacture of wood and of products of wood and cork, except furniture; manufacture of articles of straw and plaiting materials 
17 Manufacture of paper and paper products 
18 Printing and reproduction of recorded media",24,2023
329,315810 ,2024JJ00,2979.0,2292.0,687.0,2954.0,3.9,3.5,3.6,69.0,53.1,68.4,40.9,31.5,40.6,6.4,6.0,6.0,5.9,5.5,5.5,43.0,73.0,87.0,86.0,1.0,-2.3,-1.9,48.0,37.0,10.0,34.0,29.0,4.0,14.0,8.0,6.0,-2.2,"16-18 Man. wood en paperprod., printing","Manufacturing of wood and paper and of products of wood and paper; printing 
This category is made up of the categories: 
16 Manufacture of wood and of products of wood and cork, except furniture; manufacture of articles of straw and plaiting materials 
17 Manufacture of paper and paper products 
18 Printing and reproduction of recorded media",24,2024
330,315800 ,1995JJ00,521.0,442.0,79.0,519.0,,,,26.9,22.8,26.7,16.0,13.6,15.9,,,,,,,19.0,33.0,,,,,,19.0,18.0,2.0,,,,,,,,16 Manufacture of wood products,"Manufacture of wood and of products of wood and cork, except furniture; manufacture of articles of straw and plaiting materials",7,1995
331,315800 ,1996JJ00,519.0,440.0,79.0,515.0,-0.3,-0.3,-0.7,26.7,22.6,26.4,15.6,13.2,15.5,-0.8,-0.8,-1.1,-2.7,-2.8,-3.1,19.0,33.0,,,,0.5,2.5,19.0,18.0,2.0,,,,,,,0.5,16 Manufacture of wood products,"Manufacture of wood and of products of wood and cork, except furniture; manufacture of articles of straw and plaiting materials",7,1996
332,315800 ,1997JJ00,527.0,460.0,67.0,520.0,1.6,4.6,1.0,26.8,23.4,26.4,15.9,13.9,15.7,0.4,3.4,-0.2,1.9,4.9,1.3,20.0,33.0,,,,1.2,-0.3,20.0,18.0,2.0,,,,,,,1.1,16 Manufacture of wood products,"Manufacture of wood and of products of wood and cork, except furniture; manufacture of articles of straw and plaiting materials",7,1997
333,315800 ,1998JJ00,569.0,459.0,110.0,560.0,7.9,-0.3,7.6,28.5,23.0,28.0,16.9,13.6,16.6,6.5,-1.5,6.2,6.4,-1.6,6.1,20.0,34.0,,,,1.3,1.4,20.0,18.0,2.0,,,,,,,1.3,16 Manufacture of wood products,"Manufacture of wood and of products of wood and cork, except furniture; manufacture of articles of straw and plaiting materials",7,1998
334,315800 ,1999JJ00,604.0,478.0,126.0,593.0,6.2,4.1,5.9,29.9,23.7,29.4,17.8,14.1,17.5,5.0,3.0,4.7,5.3,3.3,5.1,20.0,34.0,,,,1.1,0.8,20.0,18.0,2.0,,,,,,,1.1,16 Manufacture of wood products,"Manufacture of wood and of products of wood and cork, except furniture; manufacture of articles of straw and plaiting materials",7,1999
335,315800 ,2000JJ00,639.0,501.0,138.0,627.0,6.0,4.9,5.9,31.2,24.5,30.6,18.8,14.8,18.5,4.3,3.3,4.2,6.0,5.0,5.9,21.0,34.0,,,,1.6,0.0,20.0,18.0,2.0,,,,,,,1.6,16 Manufacture of wood products,"Manufacture of wood and of products of wood and cork, except furniture; manufacture of articles of straw and plaiting materials",7,2000
336,315800 ,2001JJ00,645.0,515.0,130.0,632.0,0.8,2.7,0.7,33.6,26.8,32.9,19.1,15.2,18.7,7.6,9.5,7.4,1.1,3.0,1.0,19.0,34.0,,,,-6.2,-0.3,20.0,18.0,2.0,,,,,,,-0.4,16 Manufacture of wood products,"Manufacture of wood and of products of wood and cork, except furniture; manufacture of articles of straw and plaiting materials",7,2001
337,315800 ,2002JJ00,664.0,532.0,132.0,651.0,3.0,3.3,3.0,35.3,28.3,34.6,20.4,16.4,20.0,5.1,5.5,5.2,7.2,7.6,7.2,19.0,33.0,,,,-2.0,-3.9,20.0,17.0,2.0,,,,,,,-2.8,16 Manufacture of wood products,"Manufacture of wood and of products of wood and cork, except furniture; manufacture of articles of straw and plaiting materials",7,2002
338,315800 ,2003JJ00,645.0,512.0,133.0,634.0,-3.0,-3.9,-2.7,37.1,29.5,36.5,21.6,17.2,21.3,5.2,4.3,5.5,6.0,5.0,6.2,17.0,30.0,,,,-7.8,-8.4,18.0,16.0,2.0,,,,,,,-6.9,16 Manufacture of wood products,"Manufacture of wood and of products of wood and cork, except furniture; manufacture of articles of straw and plaiting materials",7,2003
339,315800 ,2004JJ00,657.0,520.0,137.0,645.0,1.9,1.6,1.8,38.5,30.5,37.8,22.1,17.5,21.7,3.8,3.5,3.7,2.1,1.8,2.0,17.0,30.0,,,,-1.9,-0.2,18.0,16.0,2.0,,,,,,,-1.6,16 Manufacture of wood products,"Manufacture of wood and of products of wood and cork, except furniture; manufacture of articles of straw and plaiting materials",7,2004
340,315800 ,2005JJ00,652.0,520.0,132.0,640.0,-0.7,0.0,-0.7,39.2,31.3,38.5,22.6,18.0,22.2,1.8,2.6,1.8,2.4,3.2,2.4,17.0,29.0,,,,-2.5,-3.1,18.0,16.0,2.0,,,,,,,0.0,16 Manufacture of wood products,"Manufacture of wood and of products of wood and cork, except furniture; manufacture of articles of straw and plaiting materials",7,2005
341,315800 ,2006JJ00,649.0,519.0,130.0,638.0,-0.4,-0.1,-0.3,39.9,31.9,39.2,23.1,18.4,22.7,1.7,2.0,1.9,1.8,2.1,2.0,16.0,28.0,,,,-2.1,-2.2,18.0,16.0,2.0,,,,,,,-1.8,16 Manufacture of wood products,"Manufacture of wood and of products of wood and cork, except furniture; manufacture of articles of straw and plaiting materials",7,2006
342,315800 ,2007JJ00,691.0,550.0,141.0,679.0,6.4,5.9,6.4,41.1,32.7,40.4,23.7,18.8,23.3,3.0,2.6,3.0,2.6,2.2,2.6,17.0,29.0,,,,3.3,3.7,18.0,16.0,2.0,,,,,,,3.0,16 Manufacture of wood products,"Manufacture of wood and of products of wood and cork, except furniture; manufacture of articles of straw and plaiting materials",7,2007
343,315800 ,2008JJ00,726.0,570.0,156.0,715.0,5.1,3.7,5.3,43.1,33.8,42.5,24.6,19.3,24.3,4.8,3.4,5.1,4.2,2.8,4.4,17.0,29.0,,,,0.3,0.9,18.0,16.0,2.0,,,,,,,-0.2,16 Manufacture of wood products,"Manufacture of wood and of products of wood and cork, except furniture; manufacture of articles of straw and plaiting materials",7,2008
344,315800 ,2009JJ00,670.0,533.0,137.0,653.0,-7.7,-6.5,-8.6,43.9,34.9,42.8,25.5,20.3,24.9,1.8,3.2,0.8,3.5,4.9,2.4,15.0,26.0,,,,-9.3,-10.8,17.0,15.0,2.0,,,,,,,-9.9,16 Manufacture of wood products,"Manufacture of wood and of products of wood and cork, except furniture; manufacture of articles of straw and plaiting materials",7,2009
345,315800 ,2010JJ00,630.0,500.0,130.0,611.0,-6.0,-6.3,-6.5,46.0,36.5,44.6,26.5,21.0,25.7,4.8,4.5,4.3,4.0,3.7,3.5,14.0,24.0,28.0,28.0,1.0,-10.4,-9.6,15.0,13.0,2.0,12.0,12.0,0.0,3.0,2.0,1.0,-8.6,16 Manufacture of wood products,"Manufacture of wood and of products of wood and cork, except furniture; manufacture of articles of straw and plaiting materials",7,2010
346,315800 ,2011JJ00,603.0,475.0,128.0,591.0,-4.2,-4.9,-3.2,46.4,36.6,45.5,26.1,20.5,25.6,0.9,0.2,2.0,-1.6,-2.3,-0.6,13.0,23.0,27.0,26.0,1.0,-5.0,-2.6,14.0,13.0,2.0,12.0,11.0,0.0,3.0,2.0,1.0,-5.0,16 Manufacture of wood products,"Manufacture of wood and of products of wood and cork, except furniture; manufacture of articles of straw and plaiting materials",7,2011
347,315800 ,2012JJ00,569.0,443.0,126.0,560.0,-5.6,-6.7,-5.2,47.9,37.3,47.2,27.3,21.3,26.9,3.2,2.0,3.6,4.7,3.5,5.2,12.0,21.0,25.0,24.0,0.0,-8.6,-9.9,13.0,12.0,2.0,10.0,10.0,0.0,3.0,2.0,1.0,-8.1,16 Manufacture of wood products,"Manufacture of wood and of products of wood and cork, except furniture; manufacture of articles of straw and plaiting materials",7,2012
348,315800 ,2013JJ00,514.0,404.0,110.0,506.0,-9.8,-9.0,-9.8,48.1,37.8,47.4,27.3,21.4,26.8,0.5,1.4,0.5,-0.2,0.7,-0.2,11.0,19.0,22.0,22.0,0.0,-10.2,-9.6,12.0,11.0,1.0,9.0,9.0,0.0,3.0,2.0,1.0,-9.6,16 Manufacture of wood products,"Manufacture of wood and of products of wood and cork, except furniture; manufacture of articles of straw and plaiting materials",7,2013
349,315800 ,2014JJ00,497.0,382.0,115.0,493.0,-3.4,-5.5,-2.6,48.9,37.6,48.6,27.4,21.0,27.1,1.7,-0.5,2.4,0.4,-1.8,1.1,10.0,18.0,21.0,21.0,0.0,-4.9,-3.7,11.0,10.0,1.0,9.0,8.0,0.0,3.0,2.0,1.0,-4.8,16 Manufacture of wood products,"Manufacture of wood and of products of wood and cork, except furniture; manufacture of articles of straw and plaiting materials",7,2014
350,315800 ,2015JJ00,502.0,392.0,110.0,497.0,1.1,2.8,0.9,48.0,37.4,47.5,26.8,21.0,26.6,-2.0,-0.4,-2.2,-2.0,-0.4,-2.2,10.0,19.0,22.0,21.0,1.0,3.2,3.1,12.0,10.0,1.0,9.0,8.0,0.0,3.0,2.0,1.0,3.3,16 Manufacture of wood products,"Manufacture of wood and of products of wood and cork, except furniture; manufacture of articles of straw and plaiting materials",7,2015
351,315800 ,2016JJ00,532.0,419.0,113.0,528.0,5.9,6.8,6.2,48.5,38.2,48.1,27.1,21.3,26.9,1.1,1.9,1.4,0.9,1.8,1.2,11.0,20.0,23.0,22.0,1.0,4.8,4.9,12.0,11.0,1.0,9.0,9.0,0.0,3.0,2.0,1.0,4.7,16 Manufacture of wood products,"Manufacture of wood and of products of wood and cork, except furniture; manufacture of articles of straw and plaiting materials",7,2016
352,315800 ,2017JJ00,556.0,438.0,118.0,552.0,4.5,4.6,4.5,48.4,38.1,48.0,27.6,21.7,27.4,-0.3,-0.2,-0.2,1.7,1.8,1.8,12.0,20.0,24.0,23.0,0.0,4.8,2.7,13.0,11.0,1.0,10.0,10.0,0.0,3.0,2.0,1.0,4.1,16 Manufacture of wood products,"Manufacture of wood and of products of wood and cork, except furniture; manufacture of articles of straw and plaiting materials",7,2017
353,315800 ,2018JJ00,578.0,453.0,125.0,576.0,3.9,3.3,4.3,49.2,38.6,49.1,28.1,22.0,28.0,1.8,1.2,2.2,2.0,1.4,2.4,12.0,21.0,24.0,24.0,1.0,2.1,1.9,13.0,12.0,1.0,10.0,10.0,0.0,3.0,2.0,1.0,1.8,16 Manufacture of wood products,"Manufacture of wood and of products of wood and cork, except furniture; manufacture of articles of straw and plaiting materials",7,2018
354,315800 ,2019JJ00,616.0,480.0,136.0,614.0,6.6,6.0,6.6,50.7,39.5,50.5,28.8,22.4,28.7,2.9,2.3,2.9,2.5,2.0,2.6,12.0,21.0,25.0,25.0,1.0,3.6,4.0,14.0,12.0,2.0,11.0,10.0,0.0,3.0,2.0,1.0,3.7,16 Manufacture of wood products,"Manufacture of wood and of products of wood and cork, except furniture; manufacture of articles of straw and plaiting materials",7,2019
355,315800 ,2020JJ00,660.0,511.0,149.0,643.0,7.1,6.4,4.7,51.7,40.0,50.4,29.8,23.0,29.0,2.0,1.4,-0.3,3.3,2.6,1.0,13.0,22.0,26.0,26.0,0.0,5.0,3.7,14.0,13.0,2.0,11.0,10.0,0.0,3.0,2.0,1.0,5.0,16 Manufacture of wood products,"Manufacture of wood and of products of wood and cork, except furniture; manufacture of articles of straw and plaiting materials",7,2020
356,315800 ,2021JJ00,713.0,550.0,163.0,699.0,8.1,7.8,8.8,53.0,40.8,51.9,30.3,23.4,29.7,2.4,2.1,3.1,1.7,1.4,2.4,13.0,24.0,28.0,27.0,1.0,5.5,6.3,15.0,13.0,2.0,12.0,11.0,1.0,3.0,2.0,1.0,5.6,16 Manufacture of wood products,"Manufacture of wood and of products of wood and cork, except furniture; manufacture of articles of straw and plaiting materials",7,2021
357,315800 ,2022JJ00,762.0,582.0,180.0,755.0,6.9,5.8,8.0,54.8,41.9,54.3,31.9,24.4,31.6,3.5,2.5,4.6,5.4,4.4,6.6,14.0,24.0,29.0,28.0,0.0,3.2,1.4,15.0,14.0,2.0,12.0,11.0,1.0,4.0,2.0,1.0,3.2,16 Manufacture of wood products,"Manufacture of wood and of products of wood and cork, except furniture; manufacture of articles of straw and plaiting materials",7,2022
358,315800 ,2023JJ00,812.0,625.0,187.0,805.0,6.5,7.3,6.5,57.8,44.5,57.3,33.9,26.1,33.6,5.5,6.3,5.5,6.1,6.9,6.2,14.0,24.0,29.0,28.0,0.0,0.9,0.3,16.0,14.0,2.0,12.0,11.0,1.0,4.0,2.0,1.0,0.9,16 Manufacture of wood products,"Manufacture of wood and of products of wood and cork, except furniture; manufacture of articles of straw and plaiting materials",7,2023
359,315800 ,2024JJ00,848.0,651.0,197.0,839.0,4.4,4.3,4.2,61.5,47.2,60.8,35.8,27.5,35.4,6.3,6.2,6.1,5.6,5.5,5.3,14.0,24.0,28.0,28.0,0.0,-1.8,-1.1,15.0,13.0,2.0,11.0,11.0,1.0,4.0,2.0,1.0,-1.6,16 Manufacture of wood products,"Manufacture of wood and of products of wood and cork, except furniture; manufacture of articles of straw and plaiting materials",7,2024
360,317100 ,1995JJ00,897.0,745.0,152.0,894.0,,,,36.9,30.7,36.8,21.5,17.8,21.4,,,,,,,24.0,42.0,,,,,,25.0,22.0,4.0,,,,,,,,17 Manufacture of paper,Manufacture of paper and paper products,7,1995
361,317100 ,1996JJ00,922.0,770.0,152.0,917.0,2.8,3.4,2.6,38.1,31.8,37.9,22.1,18.4,22.0,3.1,3.6,2.9,2.8,3.4,2.6,24.0,42.0,,,,-0.2,0.1,25.0,22.0,4.0,,,,,,,0.0,17 Manufacture of paper,Manufacture of paper and paper products,7,1996
362,317100 ,1997JJ00,912.0,777.0,135.0,903.0,-1.1,0.9,-1.6,38.8,33.1,38.5,22.2,18.9,22.0,2.0,4.1,1.6,0.7,2.8,0.3,23.0,41.0,,,,-3.1,-1.8,25.0,21.0,4.0,,,,,,,-3.2,17 Manufacture of paper,Manufacture of paper and paper products,7,1997
363,317100 ,1998JJ00,962.0,769.0,193.0,950.0,5.5,-1.0,5.2,40.3,32.2,39.8,23.0,18.4,22.7,3.7,-2.8,3.4,3.3,-3.1,3.1,24.0,42.0,,,,1.8,2.1,25.0,21.0,4.0,,,,,,,1.6,17 Manufacture of paper,Manufacture of paper and paper products,7,1998
364,317100 ,1999JJ00,999.0,793.0,206.0,986.0,3.8,3.1,3.8,42.1,33.4,41.5,23.9,19.0,23.6,4.5,3.8,4.4,4.1,3.4,4.1,24.0,42.0,,,,-0.6,-0.3,25.0,21.0,4.0,,,,,,,0.2,17 Manufacture of paper,Manufacture of paper and paper products,7,1999
365,317100 ,2000JJ00,1038.0,814.0,224.0,1024.0,3.8,2.6,3.8,44.3,34.7,43.7,25.4,19.9,25.1,5.3,4.0,5.2,6.2,5.0,6.2,23.0,41.0,,,,-1.3,-2.2,25.0,21.0,4.0,,,,,,,-0.4,17 Manufacture of paper,Manufacture of paper and paper products,7,2000
366,317100 ,2001JJ00,1045.0,838.0,207.0,1030.0,0.7,3.0,0.6,45.1,36.2,44.4,25.8,20.7,25.5,1.8,4.1,1.7,1.7,4.0,1.6,23.0,40.0,,,,-1.1,-0.9,25.0,21.0,4.0,,,,,,,-0.7,17 Manufacture of paper,Manufacture of paper and paper products,7,2001
367,317100 ,2002JJ00,1047.0,838.0,209.0,1032.0,0.2,0.0,0.2,46.6,37.3,46.0,26.9,21.6,26.6,3.4,3.2,3.4,4.3,4.0,4.3,22.0,39.0,,,,-3.1,-3.9,24.0,20.0,4.0,,,,,,,-3.2,17 Manufacture of paper,Manufacture of paper and paper products,7,2002
368,317100 ,2003JJ00,1046.0,835.0,211.0,1031.0,-0.1,-0.3,-0.1,47.7,38.1,47.0,27.7,22.1,27.3,2.3,2.0,2.3,2.8,2.5,2.8,22.0,38.0,,,,-2.3,-2.7,23.0,20.0,4.0,,,,,,,-2.2,17 Manufacture of paper,Manufacture of paper and paper products,7,2003
369,317100 ,2004JJ00,1046.0,834.0,212.0,1029.0,0.0,-0.1,-0.2,49.8,39.8,49.0,28.5,22.7,28.0,4.5,4.4,4.3,2.9,2.8,2.7,21.0,37.0,,,,-4.3,-2.9,22.0,19.0,4.0,,,,,,,-4.9,17 Manufacture of paper,Manufacture of paper and paper products,7,2004
370,317100 ,2005JJ00,1022.0,823.0,199.0,1007.0,-2.3,-1.3,-2.1,50.5,40.7,49.8,28.6,23.0,28.2,1.4,2.4,1.5,0.3,1.3,0.5,20.0,36.0,,,,-3.6,-2.6,21.0,18.0,3.0,,,,,,,-3.4,17 Manufacture of paper,Manufacture of paper and paper products,7,2005
371,317100 ,2006JJ00,1017.0,824.0,193.0,1002.0,-0.4,0.1,-0.4,51.1,41.4,50.4,29.0,23.5,28.6,1.2,1.7,1.2,1.6,2.1,1.6,20.0,35.0,,,,-1.6,-2.0,21.0,18.0,3.0,,,,,,,-1.3,17 Manufacture of paper,Manufacture of paper and paper products,7,2006
372,317100 ,2007JJ00,1008.0,816.0,192.0,992.0,-0.8,-0.9,-0.9,52.6,42.5,51.7,29.9,24.2,29.5,2.9,2.8,2.7,3.1,3.0,3.0,19.0,34.0,,,,-3.6,-3.8,20.0,17.0,3.0,,,,,,,-3.7,17 Manufacture of paper,Manufacture of paper and paper products,7,2007
373,317100 ,2008JJ00,1008.0,798.0,210.0,992.0,-0.1,-2.3,-0.1,55.0,43.5,54.1,31.5,24.9,31.0,4.5,2.3,4.5,5.2,3.0,5.2,18.0,32.0,,,,-4.4,-5.1,19.0,16.0,3.0,,,,,,,-4.5,17 Manufacture of paper,Manufacture of paper and paper products,7,2008
374,317100 ,2009JJ00,944.0,759.0,185.0,921.0,-6.3,-4.8,-7.1,55.7,44.8,54.3,32.5,26.1,31.7,1.3,2.9,0.5,3.2,4.8,2.3,17.0,29.0,,,,-7.5,-9.2,18.0,15.0,3.0,,,,,,,-7.6,17 Manufacture of paper,Manufacture of paper and paper products,7,2009
375,317100 ,2010JJ00,985.0,788.0,197.0,964.0,4.3,3.8,4.6,57.7,46.2,56.5,33.4,26.8,32.7,3.6,3.1,3.9,2.8,2.3,3.1,17.0,29.0,34.0,34.0,1.0,0.7,1.4,18.0,15.0,3.0,15.0,14.0,1.0,3.0,1.0,2.0,0.8,17 Manufacture of paper,Manufacture of paper and paper products,7,2010
376,317100 ,2011JJ00,1013.0,803.0,210.0,998.0,2.8,1.9,3.5,59.5,47.2,58.6,34.2,27.1,33.7,3.1,2.1,3.8,2.2,1.3,2.9,17.0,30.0,34.0,33.0,1.0,-0.3,0.6,18.0,15.0,3.0,15.0,13.0,1.0,3.0,2.0,2.0,0.0,17 Manufacture of paper,Manufacture of paper and paper products,7,2011
377,317100 ,2012JJ00,1018.0,798.0,220.0,1005.0,0.5,-0.6,0.7,61.2,48.0,60.4,35.2,27.6,34.8,2.9,1.8,3.1,3.1,2.0,3.3,17.0,29.0,33.0,33.0,1.0,-2.3,-2.5,18.0,15.0,3.0,14.0,13.0,1.0,4.0,2.0,2.0,-2.4,17 Manufacture of paper,Manufacture of paper and paper products,7,2012
378,317100 ,2013JJ00,1029.0,816.0,213.0,1019.0,1.2,2.3,1.5,62.3,49.4,61.7,35.5,28.2,35.2,1.8,3.0,2.1,0.9,2.1,1.2,17.0,29.0,33.0,33.0,1.0,-0.6,0.3,18.0,15.0,3.0,14.0,13.0,1.0,3.0,2.0,2.0,-0.9,17 Manufacture of paper,Manufacture of paper and paper products,7,2013
379,317100 ,2014JJ00,1043.0,827.0,216.0,1037.0,1.3,1.3,1.7,63.8,50.6,63.5,36.4,28.9,36.2,2.4,2.4,2.8,2.5,2.5,2.9,16.0,29.0,33.0,32.0,1.0,-1.1,-1.1,17.0,15.0,3.0,14.0,13.0,1.0,3.0,2.0,2.0,-1.3,17 Manufacture of paper,Manufacture of paper and paper products,7,2014
380,317100 ,2015JJ00,1003.0,805.0,198.0,997.0,-3.8,-2.6,-3.8,63.0,50.6,62.6,36.0,28.9,35.8,-1.3,-0.1,-1.3,-1.0,0.2,-1.0,16.0,28.0,32.0,31.0,1.0,-2.6,-2.8,17.0,14.0,3.0,14.0,12.0,1.0,3.0,2.0,2.0,-2.5,17 Manufacture of paper,Manufacture of paper and paper products,7,2015
381,317100 ,2016JJ00,1035.0,821.0,214.0,1027.0,3.2,1.9,3.0,64.6,51.2,64.1,37.1,29.4,36.8,2.5,1.2,2.3,3.0,1.7,2.8,16.0,28.0,32.0,31.0,1.0,0.7,0.2,17.0,14.0,3.0,14.0,13.0,1.0,3.0,1.0,1.0,0.1,17 Manufacture of paper,Manufacture of paper and paper products,7,2016
382,317100 ,2017JJ00,1035.0,820.0,215.0,1030.0,0.1,0.0,0.4,64.9,51.4,64.6,37.3,29.6,37.2,0.5,0.4,0.8,0.6,0.5,0.9,16.0,28.0,32.0,31.0,1.0,-0.5,-0.5,17.0,14.0,3.0,13.0,12.0,1.0,4.0,2.0,2.0,0.4,17 Manufacture of paper,Manufacture of paper and paper products,7,2017
383,317100 ,2018JJ00,1124.0,872.0,252.0,1118.0,8.5,6.3,8.5,66.1,51.3,65.7,37.9,29.4,37.7,1.7,-0.3,1.7,1.5,-0.5,1.5,17.0,30.0,35.0,34.0,1.0,6.7,6.9,18.0,15.0,3.0,14.0,12.0,1.0,4.0,3.0,2.0,7.2,17 Manufacture of paper,Manufacture of paper and paper products,7,2018
384,317100 ,2019JJ00,1173.0,910.0,263.0,1167.0,4.4,4.3,4.4,67.6,52.4,67.2,38.8,30.1,38.6,2.3,2.3,2.3,2.4,2.3,2.4,17.0,30.0,35.0,35.0,1.0,2.0,2.0,19.0,15.0,3.0,14.0,12.0,1.0,5.0,3.0,2.0,2.1,17 Manufacture of paper,Manufacture of paper and paper products,7,2019
385,317100 ,2020JJ00,1169.0,908.0,261.0,1136.0,-0.4,-0.3,-2.7,68.0,52.8,66.1,41.7,32.4,40.5,0.7,0.8,-1.7,7.3,7.5,4.8,17.0,28.0,35.0,34.0,1.0,-1.1,-7.2,18.0,15.0,3.0,14.0,13.0,2.0,4.0,2.0,2.0,-1.6,17 Manufacture of paper,Manufacture of paper and paper products,7,2020
386,317100 ,2021JJ00,1199.0,941.0,258.0,1185.0,2.6,3.7,4.4,70.6,55.4,69.7,40.7,31.9,40.2,3.7,4.8,5.5,-2.4,-1.4,-0.7,17.0,29.0,35.0,34.0,1.0,-1.1,5.1,18.0,15.0,3.0,14.0,12.0,2.0,4.0,3.0,2.0,-1.1,17 Manufacture of paper,Manufacture of paper and paper products,7,2021
387,317100 ,2022JJ00,1222.0,947.0,275.0,1216.0,2.0,0.6,2.7,71.7,55.6,71.4,42.3,32.8,42.1,1.6,0.3,2.3,4.0,2.6,4.7,17.0,29.0,34.0,34.0,1.0,0.3,-2.0,18.0,15.0,3.0,14.0,12.0,2.0,5.0,3.0,2.0,0.3,17 Manufacture of paper,Manufacture of paper and paper products,7,2022
388,317100 ,2023JJ00,1329.0,1032.0,297.0,1322.0,8.7,9.0,8.6,75.4,58.5,75.0,44.9,34.9,44.7,5.1,5.4,5.0,6.3,6.6,6.3,18.0,30.0,35.0,35.0,1.0,3.4,2.2,19.0,15.0,4.0,14.0,12.0,2.0,5.0,3.0,2.0,3.3,17 Manufacture of paper,Manufacture of paper and paper products,7,2023
389,317100 ,2024JJ00,1387.0,1071.0,316.0,1371.0,4.4,3.8,3.7,80.9,62.5,80.0,48.0,37.1,47.5,7.4,6.8,6.7,6.8,6.3,6.2,17.0,29.0,35.0,34.0,1.0,-2.8,-2.3,18.0,15.0,4.0,13.0,12.0,2.0,5.0,3.0,2.0,-2.7,17 Manufacture of paper,Manufacture of paper and paper products,7,2024
390,318600 ,1995JJ00,1397.0,1167.0,230.0,1397.0,,,,32.2,26.9,32.2,18.5,15.4,18.5,,,,,,,43.0,76.0,,,,,,53.0,39.0,13.0,,,,,,,,18 Printing and reproduction,Printing and reproduction of recorded media,7,1995
391,318600 ,1996JJ00,1420.0,1174.0,246.0,1416.0,1.7,0.6,1.4,33.3,27.5,33.2,18.8,15.6,18.8,3.3,2.2,3.0,1.9,0.8,1.6,43.0,75.0,,,,-1.6,-0.3,52.0,39.0,13.0,,,,,,,-0.9,18 Printing and reproduction,Printing and reproduction of recorded media,7,1996
392,318600 ,1997JJ00,1379.0,1166.0,213.0,1374.0,-2.9,-0.6,-3.0,34.5,29.2,34.4,19.5,16.5,19.5,3.7,6.1,3.6,3.8,6.2,3.7,40.0,71.0,,,,-6.3,-6.4,49.0,37.0,12.0,,,,,,,-5.8,18 Printing and reproduction,Printing and reproduction of recorded media,7,1997
393,318600 ,1998JJ00,1430.0,1122.0,308.0,1422.0,3.7,-3.8,3.5,36.5,28.6,36.3,20.5,16.1,20.4,5.7,-2.0,5.5,5.1,-2.5,4.9,39.0,70.0,,,,-1.9,-1.3,46.0,34.0,12.0,,,,,,,-6.1,18 Printing and reproduction,Printing and reproduction of recorded media,7,1998
394,318600 ,1999JJ00,1456.0,1139.0,317.0,1450.0,1.8,1.5,2.0,37.5,29.3,37.3,21.0,16.4,20.9,2.8,2.5,2.9,2.1,1.8,2.3,39.0,69.0,,,,-0.9,-0.3,45.0,33.0,12.0,,,,,,,-1.7,18 Printing and reproduction,Printing and reproduction of recorded media,7,1999
395,318600 ,2000JJ00,1520.0,1176.0,344.0,1514.0,4.4,3.3,4.4,39.9,30.8,39.7,22.5,17.4,22.4,6.5,5.3,6.5,7.3,6.1,7.3,38.0,68.0,,,,-1.9,-2.7,44.0,32.0,12.0,,,,,,,-2.1,18 Printing and reproduction,Printing and reproduction of recorded media,7,2000
396,318600 ,2001JJ00,1511.0,1196.0,315.0,1505.0,-0.6,1.7,-0.6,39.1,30.9,38.9,22.9,18.1,22.8,-2.0,0.3,-2.0,1.8,4.1,1.8,39.0,66.0,,,,1.4,-2.3,43.0,31.0,12.0,,,,,,,-3.0,18 Printing and reproduction,Printing and reproduction of recorded media,7,2001
397,318600 ,2002JJ00,1511.0,1189.0,322.0,1502.0,-0.1,-0.6,-0.3,40.7,32.0,40.4,24.1,19.0,24.0,4.0,3.4,3.8,5.2,4.6,5.0,37.0,63.0,,,,-3.9,-5.0,41.0,30.0,11.0,,,,,,,-4.5,18 Printing and reproduction,Printing and reproduction of recorded media,7,2002
398,318600 ,2003JJ00,1448.0,1138.0,310.0,1443.0,-4.2,-4.3,-3.9,41.9,32.9,41.8,24.8,19.5,24.7,3.1,2.9,3.3,3.0,2.8,3.2,35.0,58.0,,,,-7.0,-6.9,39.0,29.0,10.0,,,,,,,-5.2,18 Printing and reproduction,Printing and reproduction of recorded media,7,2003
399,318600 ,2004JJ00,1443.0,1138.0,305.0,1432.0,-0.3,0.0,-0.7,43.6,34.4,43.3,25.5,20.1,25.3,4.0,4.4,3.6,2.7,3.1,2.3,33.0,57.0,,,,-4.2,-3.0,37.0,28.0,10.0,,,,,,,-4.4,18 Printing and reproduction,Printing and reproduction of recorded media,7,2004
400,318600 ,2005JJ00,1366.0,1095.0,271.0,1362.0,-5.3,-3.8,-4.9,43.4,34.7,43.2,25.7,20.6,25.6,-0.5,1.1,-0.1,0.8,2.4,1.3,32.0,53.0,,,,-4.8,-6.0,36.0,26.0,9.0,,,,,,,-4.5,18 Printing and reproduction,Printing and reproduction of recorded media,7,2005
401,318600 ,2006JJ00,1369.0,1102.0,267.0,1366.0,0.2,0.6,0.3,44.2,35.6,44.1,26.4,21.2,26.3,2.0,2.4,2.1,2.6,3.0,2.7,31.0,52.0,,,,-1.8,-2.4,35.0,26.0,9.0,,,,,,,-1.5,18 Printing and reproduction,Printing and reproduction of recorded media,7,2006
402,318600 ,2007JJ00,1407.0,1132.0,275.0,1404.0,2.8,2.7,2.8,44.8,36.0,44.7,26.7,21.4,26.6,1.2,1.2,1.3,1.1,1.1,1.1,31.0,53.0,,,,1.5,1.6,36.0,26.0,10.0,,,,,,,1.7,18 Printing and reproduction,Printing and reproduction of recorded media,7,2007
403,318600 ,2008JJ00,1431.0,1137.0,294.0,1427.0,1.7,0.4,1.6,46.2,36.7,46.1,27.7,22.0,27.7,3.3,2.0,3.2,4.0,2.7,3.9,31.0,52.0,,,,-1.5,-2.2,35.0,26.0,10.0,,,,,,,-1.4,18 Printing and reproduction,Printing and reproduction of recorded media,7,2008
404,318600 ,2009JJ00,1339.0,1070.0,269.0,1333.0,-6.4,-5.9,-6.6,47.1,37.6,46.9,28.3,22.6,28.2,1.8,2.4,1.7,2.1,2.7,1.9,28.0,47.0,,,,-8.1,-8.3,32.0,23.0,9.0,,,,,,,-8.2,18 Printing and reproduction,Printing and reproduction of recorded media,7,2009
405,318600 ,2010JJ00,1228.0,982.0,246.0,1222.0,-8.3,-8.2,-8.4,48.2,38.5,47.9,28.6,22.9,28.5,2.3,2.4,2.3,1.2,1.3,1.2,25.0,43.0,50.0,49.0,1.0,-10.4,-9.4,29.0,21.0,8.0,21.0,18.0,3.0,8.0,3.0,5.0,-10.4,18 Printing and reproduction,Printing and reproduction of recorded media,7,2010
406,318600 ,2011JJ00,1124.0,892.0,232.0,1119.0,-8.4,-9.1,-8.4,48.2,38.3,48.0,28.6,22.7,28.4,0.1,-0.7,0.2,-0.3,-1.1,-0.2,23.0,39.0,46.0,45.0,1.0,-8.5,-8.2,26.0,19.0,7.0,19.0,16.0,3.0,7.0,3.0,5.0,-8.4,18 Printing and reproduction,Printing and reproduction of recorded media,7,2011
407,318600 ,2012JJ00,1097.0,856.0,241.0,1089.0,-2.4,-4.0,-2.7,50.0,39.1,49.7,29.8,23.3,29.6,3.7,2.0,3.4,4.4,2.6,4.1,22.0,37.0,43.0,42.0,1.0,-5.9,-6.5,25.0,18.0,7.0,18.0,15.0,2.0,7.0,3.0,4.0,-5.7,18 Printing and reproduction,Printing and reproduction of recorded media,7,2012
408,318600 ,2013JJ00,1024.0,818.0,206.0,1018.0,-6.7,-4.5,-6.6,50.0,39.9,49.7,29.1,23.2,28.9,-0.1,2.3,0.1,-2.5,-0.2,-2.3,20.0,35.0,41.0,40.0,1.0,-6.6,-4.3,23.0,17.0,6.0,16.0,14.0,2.0,7.0,3.0,4.0,-6.7,18 Printing and reproduction,Printing and reproduction of recorded media,7,2013
409,318600 ,2014JJ00,932.0,734.0,198.0,927.0,-8.9,-10.3,-8.9,50.7,39.9,50.4,29.1,22.9,28.9,1.3,-0.1,1.4,-0.1,-1.5,0.0,18.0,32.0,37.0,36.0,1.0,-10.1,-8.8,21.0,15.0,6.0,15.0,13.0,2.0,6.0,2.0,4.0,-10.1,18 Printing and reproduction,Printing and reproduction of recorded media,7,2014
410,318600 ,2015JJ00,866.0,686.0,180.0,863.0,-7.1,-6.5,-6.9,50.4,40.0,50.3,29.0,23.0,28.9,-0.4,0.2,-0.2,-0.1,0.5,0.1,17.0,30.0,35.0,34.0,1.0,-6.7,-6.9,20.0,14.0,6.0,13.0,11.0,2.0,6.0,3.0,4.0,-6.2,18 Printing and reproduction,Printing and reproduction of recorded media,7,2015
411,318600 ,2016JJ00,871.0,691.0,180.0,867.0,0.6,0.7,0.5,51.5,40.8,51.3,29.6,23.5,29.5,2.1,2.2,2.0,2.1,2.2,2.0,17.0,29.0,34.0,33.0,1.0,-1.4,-1.5,19.0,14.0,6.0,13.0,11.0,2.0,6.0,3.0,4.0,-1.4,18 Printing and reproduction,Printing and reproduction of recorded media,7,2016
412,318600 ,2017JJ00,827.0,652.0,175.0,823.0,-5.1,-5.7,-5.1,51.3,40.4,51.0,30.2,23.8,30.0,-0.4,-1.0,-0.5,1.8,1.2,1.8,16.0,27.0,32.0,32.0,0.0,-4.7,-6.8,19.0,13.0,5.0,12.0,10.0,2.0,6.0,3.0,4.0,-4.2,18 Printing and reproduction,Printing and reproduction of recorded media,7,2017
413,318600 ,2018JJ00,755.0,590.0,165.0,753.0,-8.7,-9.5,-8.5,51.7,40.4,51.6,30.8,24.1,30.7,0.9,0.0,1.1,2.1,1.2,2.4,15.0,25.0,29.0,29.0,0.0,-9.5,-10.6,17.0,12.0,5.0,11.0,9.0,2.0,6.0,2.0,3.0,-9.5,18 Printing and reproduction,Printing and reproduction of recorded media,7,2018
414,318600 ,2019JJ00,724.0,563.0,161.0,722.0,-4.2,-4.6,-4.2,52.4,40.7,52.2,31.2,24.2,31.1,1.3,0.7,1.3,1.2,0.7,1.2,14.0,23.0,27.0,27.0,0.0,-5.3,-5.3,16.0,11.0,5.0,11.0,9.0,2.0,5.0,2.0,3.0,-5.6,18 Printing and reproduction,Printing and reproduction of recorded media,7,2019
415,318600 ,2020JJ00,710.0,550.0,160.0,653.0,-1.9,-2.3,-9.5,53.4,41.3,49.1,33.8,26.2,31.1,1.9,1.5,-6.1,8.5,8.1,0.0,13.0,21.0,27.0,26.0,0.0,-3.7,-9.5,15.0,11.0,5.0,10.0,8.0,2.0,5.0,2.0,3.0,-3.6,18 Printing and reproduction,Printing and reproduction of recorded media,7,2020
416,318600 ,2021JJ00,697.0,539.0,158.0,659.0,-1.9,-2.0,0.8,54.3,42.0,51.3,32.3,25.0,30.5,1.8,1.7,4.6,-4.6,-4.7,-2.0,13.0,22.0,26.0,25.0,0.0,-3.6,2.8,15.0,10.0,5.0,10.0,8.0,2.0,5.0,2.0,3.0,-3.1,18 Printing and reproduction,Printing and reproduction of recorded media,7,2021
417,318600 ,2022JJ00,714.0,547.0,167.0,707.0,2.5,1.5,7.3,55.2,42.3,54.7,33.4,25.6,33.0,1.7,0.8,6.6,3.4,2.4,8.2,13.0,21.0,26.0,25.0,0.0,0.7,-0.8,15.0,10.0,5.0,10.0,8.0,2.0,5.0,2.0,3.0,1.3,18 Printing and reproduction,Printing and reproduction of recorded media,7,2022
418,318600 ,2023JJ00,725.0,558.0,167.0,725.0,1.5,1.9,2.5,57.9,44.6,57.9,35.1,27.0,35.1,4.8,5.2,5.9,5.3,5.7,6.3,13.0,21.0,25.0,25.0,0.0,-3.2,-3.5,15.0,10.0,5.0,9.0,7.0,2.0,6.0,2.0,3.0,-2.9,18 Printing and reproduction,Printing and reproduction of recorded media,7,2023
419,318600 ,2024JJ00,744.0,570.0,174.0,744.0,2.6,2.2,2.6,60.7,46.5,60.7,36.8,28.2,36.8,4.9,4.4,4.9,4.8,4.4,4.8,12.0,20.0,24.0,24.0,0.0,-2.2,-2.1,14.0,9.0,5.0,9.0,7.0,2.0,6.0,2.0,3.0,-2.4,18 Printing and reproduction,Printing and reproduction of recorded media,7,2024
420,320000 ,1995JJ00,408.0,277.0,131.0,408.0,,,,70.3,47.8,70.3,40.6,27.6,40.6,,,,,,,6.0,10.0,,,,,,6.0,5.0,0.0,,,,,,,,19 Manufacture of coke and petroleum,Manufacture of coke and refined petroleum products,7,1995
421,320000 ,1996JJ00,432.0,295.0,137.0,432.0,5.9,6.3,5.9,70.7,48.3,70.7,40.4,27.5,40.4,0.5,0.9,0.5,-0.5,-0.1,-0.5,6.0,11.0,,,,5.4,6.4,6.0,6.0,0.0,,,,,,,5.5,19 Manufacture of coke and petroleum,Manufacture of coke and refined petroleum products,7,1996
422,320000 ,1997JJ00,424.0,295.0,129.0,424.0,-1.8,0.1,-1.8,71.7,49.9,71.7,40.6,28.3,40.6,1.5,3.5,1.5,0.7,2.7,0.7,6.0,10.0,,,,-3.3,-2.6,6.0,5.0,0.0,,,,,,,-3.6,19 Manufacture of coke and petroleum,Manufacture of coke and refined petroleum products,7,1997
423,320000 ,1998JJ00,442.0,282.0,160.0,442.0,4.3,-4.4,4.3,75.9,48.5,75.9,42.8,27.3,42.8,5.8,-3.0,5.8,5.3,-3.5,5.3,6.0,10.0,,,,-1.5,-0.9,6.0,5.0,1.0,,,,,,,-1.6,19 Manufacture of coke and petroleum,Manufacture of coke and refined petroleum products,7,1998
424,320000 ,1999JJ00,405.0,279.0,126.0,406.0,-8.2,-1.1,-8.0,73.8,50.8,74.0,41.5,28.6,41.6,-2.8,4.8,-2.6,-3.0,4.6,-2.7,5.0,10.0,,,,-5.6,-5.4,5.0,5.0,1.0,,,,,,,-5.7,19 Manufacture of coke and petroleum,Manufacture of coke and refined petroleum products,7,1999
425,320000 ,2000JJ00,422.0,277.0,145.0,423.0,4.1,-0.7,4.1,79.8,52.3,80.0,45.1,29.6,45.2,8.1,3.1,8.1,8.6,3.5,8.6,5.0,9.0,,,,-3.7,-4.1,5.0,5.0,1.0,,,,,,,-3.4,19 Manufacture of coke and petroleum,Manufacture of coke and refined petroleum products,7,2000
426,320000 ,2001JJ00,429.0,291.0,138.0,431.0,1.5,5.0,1.7,80.4,54.6,80.8,45.6,30.9,45.8,0.8,4.3,1.0,1.1,4.7,1.4,5.0,9.0,,,,0.6,0.3,5.0,5.0,1.0,,,,,,,2.1,19 Manufacture of coke and petroleum,Manufacture of coke and refined petroleum products,7,2001
427,320000 ,2002JJ00,456.0,309.0,147.0,458.0,6.6,6.4,6.6,85.3,57.8,85.7,47.4,32.1,47.6,6.0,5.8,6.0,4.0,3.8,4.0,5.0,10.0,,,,0.5,2.5,6.0,5.0,1.0,,,,,,,1.6,19 Manufacture of coke and petroleum,Manufacture of coke and refined petroleum products,7,2002
428,320000 ,2003JJ00,485.0,322.0,163.0,487.0,6.2,4.0,6.2,89.5,59.4,89.9,49.7,33.0,49.9,5.0,2.8,4.9,4.9,2.7,4.8,5.0,10.0,,,,1.2,1.3,5.0,5.0,1.0,,,,,,,-0.2,19 Manufacture of coke and petroleum,Manufacture of coke and refined petroleum products,7,2003
429,320000 ,2004JJ00,504.0,333.0,171.0,505.0,3.7,3.3,3.5,92.0,60.8,92.2,51.0,33.7,51.1,2.8,2.3,2.6,2.7,2.2,2.4,5.0,10.0,,,,0.9,1.0,6.0,5.0,1.0,,,,,,,2.5,19 Manufacture of coke and petroleum,Manufacture of coke and refined petroleum products,7,2004
430,320000 ,2005JJ00,506.0,340.0,166.0,507.0,0.5,2.2,0.5,93.4,62.8,93.6,52.9,35.5,53.0,1.5,3.2,1.5,3.6,5.3,3.6,5.0,10.0,,,,-1.0,-3.0,6.0,5.0,1.0,,,,,,,-0.6,19 Manufacture of coke and petroleum,Manufacture of coke and refined petroleum products,7,2005
431,320000 ,2006JJ00,502.0,342.0,160.0,503.0,-0.7,0.6,-0.7,94.7,64.4,94.9,53.7,36.6,53.8,1.3,2.7,1.3,1.6,2.9,1.6,5.0,9.0,,,,-2.0,-2.3,6.0,5.0,1.0,,,,,,,-1.7,19 Manufacture of coke and petroleum,Manufacture of coke and refined petroleum products,7,2006
432,320000 ,2007JJ00,525.0,359.0,166.0,526.0,4.6,5.0,4.6,97.4,66.6,97.6,55.2,37.7,55.3,2.9,3.4,2.9,2.8,3.3,2.8,5.0,10.0,,,,1.6,1.7,6.0,5.0,1.0,,,,,,,1.4,19 Manufacture of coke and petroleum,Manufacture of coke and refined petroleum products,7,2007
433,320000 ,2008JJ00,1097.0,407.0,690.0,1099.0,108.8,13.3,108.8,189.6,70.4,190.0,109.2,40.5,109.4,94.6,5.6,94.6,97.7,7.3,97.6,6.0,10.0,,,,7.3,5.7,6.0,5.0,1.0,,,,,,,5.5,19 Manufacture of coke and petroleum,Manufacture of coke and refined petroleum products,7,2008
434,320000 ,2009JJ00,2358.0,417.0,1941.0,2359.0,115.1,2.5,114.8,424.8,75.1,424.9,244.3,43.2,244.4,124.0,6.7,123.7,123.8,6.6,123.5,6.0,10.0,,,,-4.0,-3.9,6.0,5.0,1.0,,,,,,,-0.1,19 Manufacture of coke and petroleum,Manufacture of coke and refined petroleum products,7,2009
435,320000 ,2010JJ00,581.0,402.0,179.0,582.0,-75.3,-3.5,-75.3,108.1,74.7,108.3,62.2,43.0,62.3,-74.6,-0.4,-74.5,-74.5,-0.4,-74.5,5.0,9.0,11.0,11.0,0.0,-3.1,-3.1,6.0,5.0,1.0,4.0,4.0,0.0,1.0,1.0,0.0,-3.6,19 Manufacture of coke and petroleum,Manufacture of coke and refined petroleum products,7,2010
436,320000 ,2011JJ00,720.0,406.0,314.0,721.0,23.9,1.1,23.9,136.4,77.0,136.6,80.7,45.5,80.8,26.2,3.0,26.2,29.8,5.9,29.7,5.0,9.0,11.0,11.0,0.0,-1.8,-4.5,5.0,5.0,1.0,5.0,4.0,0.0,1.0,0.0,0.0,-4.2,19 Manufacture of coke and petroleum,Manufacture of coke and refined petroleum products,7,2011
437,320000 ,2012JJ00,619.0,416.0,203.0,618.0,-14.1,2.3,-14.4,116.0,78.0,115.8,69.1,46.4,69.0,-14.9,1.3,-15.2,-14.4,1.9,-14.7,5.0,9.0,11.0,11.0,0.0,1.0,0.3,5.0,5.0,1.0,5.0,4.0,0.0,1.0,0.0,0.0,1.1,19 Manufacture of coke and petroleum,Manufacture of coke and refined petroleum products,7,2012
438,320000 ,2013JJ00,507.0,424.0,83.0,509.0,-18.1,1.9,-17.7,98.2,82.2,98.6,58.0,48.6,58.3,-15.4,5.4,-14.9,-16.0,4.6,-15.5,5.0,9.0,10.0,10.0,0.0,-3.3,-2.6,5.0,5.0,1.0,4.0,4.0,0.0,1.0,1.0,0.0,-2.9,19 Manufacture of coke and petroleum,Manufacture of coke and refined petroleum products,7,2013
439,320000 ,2014JJ00,681.0,423.0,258.0,683.0,34.5,-0.2,34.4,128.4,79.7,128.8,74.9,46.5,75.1,30.8,-3.0,30.6,29.0,-4.2,28.9,5.0,9.0,11.0,11.0,0.0,2.9,4.2,6.0,5.0,1.0,5.0,4.0,0.0,1.0,1.0,0.0,3.1,19 Manufacture of coke and petroleum,Manufacture of coke and refined petroleum products,7,2014
440,320000 ,2015JJ00,647.0,455.0,192.0,648.0,-5.0,7.7,-5.2,122.6,86.2,122.7,72.3,50.9,72.4,-4.6,8.2,-4.7,-3.5,9.4,-3.6,5.0,9.0,11.0,11.0,0.0,-0.5,-1.6,5.0,5.0,1.0,5.0,4.0,0.0,1.0,1.0,0.0,-1.0,19 Manufacture of coke and petroleum,Manufacture of coke and refined petroleum products,7,2015
441,320000 ,2016JJ00,632.0,470.0,162.0,633.0,-2.3,3.3,-2.3,117.6,87.5,117.8,69.0,51.4,69.1,-4.0,1.5,-4.0,-4.5,1.0,-4.5,5.0,9.0,11.0,11.0,0.0,1.8,2.3,6.0,5.0,1.0,5.0,4.0,0.0,1.0,1.0,0.0,1.7,19 Manufacture of coke and petroleum,Manufacture of coke and refined petroleum products,7,2016
442,320000 ,2017JJ00,617.0,490.0,127.0,618.0,-2.3,4.3,-2.3,117.6,93.4,117.8,67.9,53.9,68.0,0.0,6.8,0.0,-1.7,4.9,-1.7,5.0,9.0,11.0,11.0,0.0,-2.3,-0.6,6.0,5.0,1.0,4.0,4.0,0.0,2.0,1.0,0.0,0.0,19 Manufacture of coke and petroleum,Manufacture of coke and refined petroleum products,7,2017
443,320000 ,2018JJ00,658.0,502.0,156.0,661.0,6.6,2.4,6.9,122.9,93.8,123.5,70.9,54.1,71.2,4.5,0.4,4.8,4.5,0.4,4.8,5.0,9.0,11.0,11.0,0.0,2.0,2.0,6.0,5.0,1.0,4.0,4.0,0.0,2.0,1.0,0.0,2.0,19 Manufacture of coke and petroleum,Manufacture of coke and refined petroleum products,7,2018
444,320000 ,2019JJ00,643.0,516.0,127.0,646.0,-2.3,2.7,-2.3,116.9,93.8,117.5,67.7,54.3,68.0,-4.9,0.0,-4.9,-4.6,0.3,-4.6,5.0,10.0,11.0,11.0,0.0,2.7,2.4,6.0,5.0,1.0,4.0,4.0,0.0,2.0,2.0,0.0,2.9,19 Manufacture of coke and petroleum,Manufacture of coke and refined petroleum products,7,2019
445,320000 ,2020JJ00,669.0,465.0,204.0,666.0,4.1,-9.8,3.1,131.5,91.4,130.9,76.7,53.3,76.3,12.5,-2.5,11.5,13.3,-1.8,12.3,5.0,9.0,11.0,11.0,0.0,-7.5,-8.2,5.0,5.0,1.0,4.0,3.0,0.0,2.0,1.0,0.0,-7.8,19 Manufacture of coke and petroleum,Manufacture of coke and refined petroleum products,7,2020
446,320000 ,2021JJ00,619.0,444.0,175.0,619.0,-7.5,-4.5,-7.1,120.9,86.7,120.9,70.2,50.4,70.2,-8.1,-5.1,-7.7,-8.5,-5.5,-8.1,5.0,9.0,11.0,11.0,0.0,0.6,1.1,5.0,5.0,1.0,4.0,3.0,0.0,2.0,1.0,0.0,1.0,19 Manufacture of coke and petroleum,Manufacture of coke and refined petroleum products,7,2021
447,320000 ,2022JJ00,709.0,480.0,229.0,709.0,14.5,8.0,14.5,142.4,96.4,142.4,83.9,56.8,83.9,17.8,11.1,17.8,19.6,12.8,19.6,5.0,8.0,10.0,10.0,0.0,-2.8,-4.2,5.0,5.0,1.0,4.0,3.0,0.0,2.0,1.0,0.0,-3.0,19 Manufacture of coke and petroleum,Manufacture of coke and refined petroleum products,7,2022
448,320000 ,2023JJ00,640.0,500.0,140.0,640.0,-9.6,4.3,-9.6,124.0,96.8,124.0,73.3,57.3,73.3,-12.9,0.5,-12.9,-12.6,0.8,-12.6,5.0,9.0,11.0,11.0,0.0,3.8,3.5,5.0,5.0,1.0,4.0,3.0,0.0,2.0,2.0,0.0,3.9,19 Manufacture of coke and petroleum,Manufacture of coke and refined petroleum products,7,2023
449,320000 ,2024JJ00,705.0,552.0,153.0,705.0,10.0,10.3,10.0,134.1,105.1,134.1,77.2,60.5,77.2,8.2,8.5,8.2,5.3,5.6,5.3,5.0,9.0,11.0,11.0,0.0,1.7,4.5,6.0,5.0,1.0,4.0,3.0,0.0,2.0,1.0,0.0,2.2,19 Manufacture of coke and petroleum,Manufacture of coke and refined petroleum products,7,2024
450,320700 ,1995JJ00,2644.0,2244.0,400.0,2639.0,,,,48.3,41.0,48.2,28.0,23.7,27.9,,,,,,,55.0,95.0,,,,,,57.0,50.0,8.0,,,,,,,,20 Manufacture of chemicals,Manufacture of chemicals and chemical products,7,1995
451,320700 ,1996JJ00,2674.0,2259.0,415.0,2664.0,1.1,0.7,0.9,49.9,42.2,49.8,28.4,24.0,28.3,3.3,2.9,3.1,1.5,1.0,1.3,54.0,94.0,,,,-2.1,-0.3,56.0,49.0,7.0,,,,,,,-1.8,20 Manufacture of chemicals,Manufacture of chemicals and chemical products,7,1996
452,320700 ,1997JJ00,2722.0,2339.0,383.0,2711.0,1.8,3.5,1.8,50.9,43.7,50.7,29.4,25.2,29.3,1.9,3.7,1.9,3.6,5.3,3.5,53.0,93.0,,,,-0.1,-1.7,56.0,49.0,8.0,,,,,,,-0.2,20 Manufacture of chemicals,Manufacture of chemicals and chemical products,7,1997
453,320700 ,1998JJ00,2715.0,2227.0,488.0,2699.0,-0.2,-4.8,-0.4,51.4,42.2,51.1,29.6,24.2,29.4,1.0,-3.6,0.8,0.6,-4.0,0.4,53.0,92.0,,,,-1.2,-0.8,56.0,48.0,8.0,,,,,,,-1.0,20 Manufacture of chemicals,Manufacture of chemicals and chemical products,7,1998
454,320700 ,1999JJ00,2669.0,2226.0,443.0,2656.0,-1.7,-0.1,-1.6,52.6,43.9,52.3,29.9,24.9,29.8,2.3,4.0,2.4,1.2,2.9,1.3,51.0,89.0,,,,-3.9,-2.9,54.0,46.0,8.0,,,,,,,-3.5,20 Manufacture of chemicals,Manufacture of chemicals and chemical products,7,1999
455,320700 ,2000JJ00,2746.0,2285.0,461.0,2733.0,2.9,2.6,2.9,54.4,45.3,54.2,31.2,26.0,31.1,3.5,3.2,3.5,4.4,4.1,4.4,50.0,88.0,,,,-0.6,-1.4,54.0,45.0,9.0,,,,,,,-0.4,20 Manufacture of chemicals,Manufacture of chemicals and chemical products,7,2000
456,320700 ,2001JJ00,2939.0,2407.0,532.0,2923.0,7.0,5.3,6.9,57.8,47.3,57.5,33.2,27.2,33.0,6.2,4.5,6.1,6.3,4.6,6.2,51.0,89.0,,,,0.8,0.7,54.0,44.0,10.0,,,,,,,0.4,20 Manufacture of chemicals,Manufacture of chemicals and chemical products,7,2001
457,320700 ,2002JJ00,3192.0,2528.0,664.0,3175.0,8.7,5.0,8.7,63.0,49.9,62.6,36.1,28.6,36.0,9.0,5.3,9.0,8.9,5.3,8.9,51.0,88.0,,,,-0.3,-0.2,54.0,44.0,10.0,,,,,,,-0.3,20 Manufacture of chemicals,Manufacture of chemicals and chemical products,7,2002
458,320700 ,2003JJ00,3133.0,2558.0,575.0,3122.0,-1.9,1.2,-1.7,64.0,52.3,63.8,36.4,29.7,36.3,1.6,4.8,1.8,0.7,3.9,0.9,49.0,86.0,,,,-3.5,-2.6,52.0,43.0,9.0,,,,,,,-3.1,20 Manufacture of chemicals,Manufacture of chemicals and chemical products,7,2003
459,320700 ,2004JJ00,3156.0,2512.0,644.0,3139.0,0.7,-1.8,0.5,67.5,53.7,67.1,37.6,29.9,37.4,5.4,2.8,5.2,3.2,0.6,3.0,47.0,84.0,,,,-4.5,-2.4,50.0,41.0,9.0,,,,,,,-4.2,20 Manufacture of chemicals,Manufacture of chemicals and chemical products,7,2004
460,320700 ,2005JJ00,3255.0,2489.0,766.0,3242.0,3.2,-0.9,3.4,71.9,55.0,71.6,40.5,31.0,40.4,6.6,2.4,6.7,7.9,3.6,8.0,45.0,80.0,,,,-3.2,-4.3,48.0,40.0,8.0,,,,,,,-3.2,20 Manufacture of chemicals,Manufacture of chemicals and chemical products,7,2005
461,320700 ,2006JJ00,3136.0,2571.0,565.0,3120.0,-3.6,3.3,-3.8,69.5,57.0,69.1,39.3,32.2,39.1,-3.4,3.6,-3.5,-3.1,3.9,-3.2,45.0,80.0,,,,-0.3,-0.6,48.0,39.0,9.0,,,,,,,-0.1,20 Manufacture of chemicals,Manufacture of chemicals and chemical products,7,2006
462,320700 ,2007JJ00,3191.0,2611.0,580.0,3174.0,1.7,1.6,1.7,72.0,59.0,71.7,40.6,33.2,40.4,3.7,3.5,3.6,3.4,3.2,3.4,44.0,79.0,,,,-1.9,-1.6,47.0,38.0,9.0,,,,,,,-1.7,20 Manufacture of chemicals,Manufacture of chemicals and chemical products,7,2007
463,320700 ,2008JJ00,3274.0,2657.0,617.0,3254.0,2.7,1.8,2.6,74.8,60.7,74.4,42.6,34.6,42.3,3.9,3.0,3.8,4.9,4.0,4.8,44.0,77.0,,,,-1.2,-2.2,47.0,38.0,9.0,,,,,,,-1.2,20 Manufacture of chemicals,Manufacture of chemicals and chemical products,7,2008
464,320700 ,2009JJ00,3176.0,2515.0,661.0,3105.0,-3.0,-5.4,-4.6,75.9,60.1,74.2,44.1,34.9,43.1,1.4,-1.0,-0.2,3.5,1.0,1.8,42.0,72.0,,,,-4.4,-6.3,45.0,36.0,9.0,,,,,,,-4.5,20 Manufacture of chemicals,Manufacture of chemicals and chemical products,7,2009
465,320700 ,2010JJ00,3210.0,2607.0,603.0,3174.0,1.1,3.7,2.2,76.3,62.0,75.4,43.4,35.3,42.9,0.5,3.1,1.7,-1.6,1.0,-0.4,42.0,74.0,87.0,86.0,1.0,0.5,2.7,45.0,36.0,9.0,35.0,31.0,4.0,9.0,5.0,5.0,0.3,20 Manufacture of chemicals,Manufacture of chemicals and chemical products,7,2010
466,320700 ,2011JJ00,3344.0,2668.0,676.0,3316.0,4.2,2.3,4.5,79.6,63.5,78.9,44.9,35.8,44.5,4.3,2.4,4.6,3.5,1.6,3.8,42.0,74.0,87.0,86.0,1.0,-0.1,0.7,45.0,36.0,9.0,34.0,30.0,4.0,10.0,6.0,5.0,0.3,20 Manufacture of chemicals,Manufacture of chemicals and chemical products,7,2011
467,320700 ,2012JJ00,3409.0,2691.0,718.0,3377.0,2.0,0.9,1.9,80.7,63.7,80.0,45.8,36.1,45.4,1.4,0.4,1.3,2.0,0.9,1.9,42.0,74.0,88.0,87.0,1.0,0.5,0.0,45.0,36.0,9.0,35.0,31.0,4.0,10.0,6.0,5.0,0.4,20 Manufacture of chemicals,Manufacture of chemicals and chemical products,7,2012
468,320700 ,2013JJ00,3496.0,2840.0,656.0,3480.0,2.6,5.6,3.1,83.1,67.5,82.7,47.0,38.2,46.8,3.0,6.0,3.5,2.6,5.6,3.1,42.0,74.0,88.0,87.0,1.0,-0.4,0.0,45.0,36.0,9.0,35.0,31.0,4.0,10.0,5.0,5.0,-0.8,20 Manufacture of chemicals,Manufacture of chemicals and chemical products,7,2013
469,320700 ,2014JJ00,3565.0,2782.0,783.0,3549.0,1.9,-2.1,2.0,86.0,67.1,85.6,48.5,37.9,48.3,3.5,-0.6,3.5,3.3,-0.8,3.3,41.0,73.0,86.0,85.0,1.0,-1.5,-1.3,44.0,35.0,9.0,34.0,30.0,4.0,10.0,5.0,5.0,-1.4,20 Manufacture of chemicals,Manufacture of chemicals and chemical products,7,2014
470,320700 ,2015JJ00,3546.0,2892.0,654.0,3526.0,-0.5,4.0,-0.6,85.9,70.1,85.5,48.7,39.7,48.4,-0.1,4.5,-0.2,0.3,4.8,0.1,41.0,73.0,86.0,85.0,1.0,-0.5,-0.8,44.0,35.0,9.0,34.0,30.0,4.0,10.0,5.0,5.0,-0.6,20 Manufacture of chemicals,Manufacture of chemicals and chemical products,7,2015
471,320700 ,2016JJ00,3644.0,2936.0,708.0,3598.0,2.8,1.6,2.0,87.5,70.5,86.4,49.6,40.0,49.0,1.8,0.6,1.1,1.9,0.7,1.2,42.0,74.0,86.0,85.0,1.0,1.0,0.9,44.0,35.0,9.0,35.0,31.0,4.0,9.0,5.0,5.0,0.7,20 Manufacture of chemicals,Manufacture of chemicals and chemical products,7,2016
472,320700 ,2017JJ00,3812.0,3041.0,771.0,3770.0,4.6,3.5,4.7,90.7,72.4,89.7,51.3,40.9,50.7,3.7,2.7,3.9,3.4,2.3,3.5,42.0,74.0,88.0,86.0,1.0,0.8,1.2,45.0,36.0,9.0,34.0,29.0,4.0,11.0,6.0,5.0,1.1,20 Manufacture of chemicals,Manufacture of chemicals and chemical products,7,2017
473,320700 ,2018JJ00,3964.0,3189.0,775.0,3926.0,4.0,4.9,4.2,92.8,74.7,91.9,52.7,42.4,52.2,2.3,3.2,2.5,2.8,3.6,2.9,43.0,75.0,90.0,88.0,1.0,1.7,1.2,46.0,36.0,9.0,34.0,30.0,4.0,11.0,7.0,5.0,1.8,20 Manufacture of chemicals,Manufacture of chemicals and chemical products,7,2018
474,320700 ,2019JJ00,4136.0,3284.0,852.0,4100.0,4.3,3.0,4.4,95.5,75.8,94.6,54.0,42.9,53.5,2.8,1.5,2.9,2.5,1.2,2.6,43.0,77.0,91.0,90.0,1.0,1.4,1.8,46.0,37.0,10.0,34.0,30.0,4.0,12.0,7.0,5.0,1.5,20 Manufacture of chemicals,Manufacture of chemicals and chemical products,7,2019
475,320700 ,2020JJ00,4335.0,3266.0,1069.0,4240.0,4.8,-0.5,3.4,101.3,76.3,99.1,57.8,43.5,56.5,6.1,0.7,4.7,7.0,1.6,5.6,43.0,75.0,90.0,89.0,1.0,-1.2,-2.0,46.0,36.0,9.0,34.0,29.0,4.0,12.0,7.0,5.0,-1.3,20 Manufacture of chemicals,Manufacture of chemicals and chemical products,7,2020
476,320700 ,2021JJ00,4152.0,3340.0,812.0,4097.0,-4.2,2.3,-3.4,98.5,79.3,97.2,55.7,44.8,55.0,-2.7,3.9,-1.9,-3.6,3.0,-2.7,42.0,75.0,88.0,87.0,1.0,-1.6,-0.7,45.0,35.0,9.0,34.0,29.0,5.0,11.0,6.0,5.0,-1.7,20 Manufacture of chemicals,Manufacture of chemicals and chemical products,7,2021
477,320700 ,2022JJ00,4430.0,3525.0,905.0,4396.0,6.7,5.6,7.3,101.7,80.9,100.9,58.3,46.4,57.9,3.2,2.1,3.8,4.7,3.6,5.3,44.0,76.0,91.0,90.0,1.0,3.4,1.9,46.0,36.0,10.0,35.0,30.0,5.0,12.0,7.0,5.0,3.3,20 Manufacture of chemicals,Manufacture of chemicals and chemical products,7,2022
478,320700 ,2023JJ00,4805.0,3818.0,987.0,4768.0,8.4,8.3,8.4,105.8,84.1,105.0,60.9,48.4,60.4,4.1,3.9,4.1,4.3,4.2,4.3,45.0,79.0,95.0,94.0,1.0,4.2,3.9,48.0,38.0,11.0,36.0,30.0,6.0,12.0,7.0,5.0,4.3,20 Manufacture of chemicals,Manufacture of chemicals and chemical products,7,2023
479,320700 ,2024JJ00,5151.0,4077.0,1074.0,5120.0,7.2,6.7,7.4,112.8,89.3,112.1,64.2,50.8,63.9,6.6,6.1,6.8,5.6,5.1,5.7,46.0,80.0,96.0,95.0,1.0,0.6,1.6,49.0,38.0,11.0,36.0,30.0,6.0,13.0,8.0,5.0,0.6,20 Manufacture of chemicals,Manufacture of chemicals and chemical products,7,2024
480,320705 ,1995JJ00,3334.0,2810.0,524.0,3326.0,,,,47.8,40.3,47.7,27.3,23.0,27.2,,,,,,,70.0,122.0,,,,,,74.0,60.0,14.0,,,,,,,,20-21 Chemistry and pharmaceuticals,"Manufacture of chemicals and pharmaceuticals 
This category is made up of the categories: 
20 Manufacture of chemicals and chemical products 
21 Manufacture of basic pharmaceutical products and pharmaceutical preparations",24,1995
481,320705 ,1996JJ00,3365.0,2830.0,535.0,3350.0,0.9,0.7,0.7,49.1,41.3,48.9,27.6,23.2,27.4,2.7,2.5,2.5,1.0,0.8,0.8,69.0,122.0,,,,-1.8,0.0,73.0,59.0,13.0,,,,,,,-1.4,20-21 Chemistry and pharmaceuticals,"Manufacture of chemicals and pharmaceuticals 
This category is made up of the categories: 
20 Manufacture of chemicals and chemical products 
21 Manufacture of basic pharmaceutical products and pharmaceutical preparations",24,1996
482,320705 ,1997JJ00,3425.0,2928.0,497.0,3409.0,1.8,3.5,1.7,49.9,42.7,49.7,28.5,24.4,28.4,1.7,3.4,1.7,3.3,5.1,3.3,69.0,120.0,,,,0.0,-1.5,73.0,58.0,14.0,,,,,,,0.0,20-21 Chemistry and pharmaceuticals,"Manufacture of chemicals and pharmaceuticals 
This category is made up of the categories: 
20 Manufacture of chemicals and chemical products 
21 Manufacture of basic pharmaceutical products and pharmaceutical preparations",24,1997
483,320705 ,1998JJ00,3427.0,2792.0,635.0,3403.0,0.1,-4.6,-0.1,50.3,41.0,49.9,28.6,23.3,28.4,0.7,-4.0,0.5,0.4,-4.4,0.1,68.0,120.0,,,,-0.6,-0.3,72.0,58.0,14.0,,,,,,,-0.5,20-21 Chemistry and pharmaceuticals,"Manufacture of chemicals and pharmaceuticals 
This category is made up of the categories: 
20 Manufacture of chemicals and chemical products 
21 Manufacture of basic pharmaceutical products and pharmaceutical preparations",24,1998
484,320705 ,1999JJ00,3432.0,2837.0,595.0,3412.0,0.1,1.6,0.2,51.6,42.7,51.3,29.0,24.0,28.9,2.6,4.1,2.7,1.6,3.1,1.7,66.0,118.0,,,,-2.4,-1.5,71.0,56.0,15.0,,,,,,,-2.0,20-21 Chemistry and pharmaceuticals,"Manufacture of chemicals and pharmaceuticals 
This category is made up of the categories: 
20 Manufacture of chemicals and chemical products 
21 Manufacture of basic pharmaceutical products and pharmaceutical preparations",24,1999
485,320705 ,2000JJ00,3569.0,2922.0,647.0,3550.0,4.0,3.0,4.1,53.8,44.0,53.5,30.5,25.0,30.4,4.2,3.2,4.3,5.1,4.1,5.2,66.0,117.0,,,,-0.2,-1.0,71.0,55.0,16.0,,,,,,,0.2,20-21 Chemistry and pharmaceuticals,"Manufacture of chemicals and pharmaceuticals 
This category is made up of the categories: 
20 Manufacture of chemicals and chemical products 
21 Manufacture of basic pharmaceutical products and pharmaceutical preparations",24,2000
486,320705 ,2001JJ00,3807.0,3096.0,711.0,3784.0,6.6,6.0,6.6,56.9,46.3,56.6,32.3,26.3,32.1,5.9,5.2,5.8,5.8,5.2,5.8,67.0,118.0,,,,0.7,0.8,71.0,55.0,16.0,,,,,,,0.5,20-21 Chemistry and pharmaceuticals,"Manufacture of chemicals and pharmaceuticals 
This category is made up of the categories: 
20 Manufacture of chemicals and chemical products 
21 Manufacture of basic pharmaceutical products and pharmaceutical preparations",24,2001
487,320705 ,2002JJ00,4164.0,3292.0,872.0,4140.0,9.4,6.3,9.4,61.6,48.7,61.2,34.9,27.6,34.7,8.2,5.2,8.2,8.1,5.1,8.1,68.0,119.0,,,,1.1,1.2,72.0,55.0,17.0,,,,,,,1.2,20-21 Chemistry and pharmaceuticals,"Manufacture of chemicals and pharmaceuticals 
This category is made up of the categories: 
20 Manufacture of chemicals and chemical products 
21 Manufacture of basic pharmaceutical products and pharmaceutical preparations",24,2002
488,320705 ,2003JJ00,4177.0,3366.0,811.0,4161.0,0.3,2.2,0.5,63.4,51.1,63.2,35.7,28.8,35.6,2.9,4.9,3.1,2.3,4.3,2.5,66.0,117.0,,,,-2.5,-2.0,71.0,54.0,17.0,,,,,,,-2.2,20-21 Chemistry and pharmaceuticals,"Manufacture of chemicals and pharmaceuticals 
This category is made up of the categories: 
20 Manufacture of chemicals and chemical products 
21 Manufacture of basic pharmaceutical products and pharmaceutical preparations",24,2003
489,320705 ,2004JJ00,4230.0,3343.0,887.0,4206.0,1.2,-0.7,1.0,66.6,52.6,66.2,37.2,29.4,37.0,5.0,3.0,4.8,4.0,2.0,3.8,64.0,114.0,,,,-3.6,-2.7,68.0,52.0,16.0,,,,,,,-3.2,20-21 Chemistry and pharmaceuticals,"Manufacture of chemicals and pharmaceuticals 
This category is made up of the categories: 
20 Manufacture of chemicals and chemical products 
21 Manufacture of basic pharmaceutical products and pharmaceutical preparations",24,2004
490,320705 ,2005JJ00,4359.0,3350.0,1009.0,4340.0,3.1,0.2,3.2,70.0,53.8,69.7,39.6,30.4,39.4,5.1,2.2,5.3,6.4,3.4,6.5,62.0,110.0,,,,-1.9,-3.1,67.0,51.0,16.0,,,,,,,-2.0,20-21 Chemistry and pharmaceuticals,"Manufacture of chemicals and pharmaceuticals 
This category is made up of the categories: 
20 Manufacture of chemicals and chemical products 
21 Manufacture of basic pharmaceutical products and pharmaceutical preparations",24,2005
491,320705 ,2006JJ00,4251.0,3448.0,803.0,4226.0,-2.5,2.9,-2.6,68.6,55.6,68.2,38.9,31.5,38.7,-2.0,3.4,-2.1,-1.7,3.8,-1.8,62.0,109.0,,,,-0.5,-0.8,67.0,50.0,16.0,,,,,,,-0.3,20-21 Chemistry and pharmaceuticals,"Manufacture of chemicals and pharmaceuticals 
This category is made up of the categories: 
20 Manufacture of chemicals and chemical products 
21 Manufacture of basic pharmaceutical products and pharmaceutical preparations",24,2006
492,320705 ,2007JJ00,4366.0,3534.0,832.0,4339.0,2.7,2.5,2.6,71.5,57.9,71.1,40.5,32.8,40.2,4.3,4.1,4.2,4.1,3.9,4.0,61.0,108.0,,,,-1.5,-1.3,66.0,49.0,17.0,,,,,,,-1.2,20-21 Chemistry and pharmaceuticals,"Manufacture of chemicals and pharmaceuticals 
This category is made up of the categories: 
20 Manufacture of chemicals and chemical products 
21 Manufacture of basic pharmaceutical products and pharmaceutical preparations",24,2007
493,320705 ,2008JJ00,4457.0,3579.0,878.0,4425.0,2.1,1.3,2.0,74.5,59.9,74.0,42.5,34.1,42.2,4.2,3.3,4.1,4.9,4.0,4.8,60.0,105.0,,,,-2.0,-2.6,65.0,48.0,16.0,,,,,,,-1.9,20-21 Chemistry and pharmaceuticals,"Manufacture of chemicals and pharmaceuticals 
This category is made up of the categories: 
20 Manufacture of chemicals and chemical products 
21 Manufacture of basic pharmaceutical products and pharmaceutical preparations",24,2008
494,320705 ,2009JJ00,4353.0,3437.0,916.0,4265.0,-2.4,-4.0,-3.7,75.0,59.2,73.5,43.4,34.2,42.5,0.6,-1.1,-0.7,2.1,0.4,0.8,58.0,100.0,,,,-2.9,-4.4,63.0,47.0,16.0,,,,,,,-2.9,20-21 Chemistry and pharmaceuticals,"Manufacture of chemicals and pharmaceuticals 
This category is made up of the categories: 
20 Manufacture of chemicals and chemical products 
21 Manufacture of basic pharmaceutical products and pharmaceutical preparations",24,2009
495,320705 ,2010JJ00,4373.0,3548.0,825.0,4321.0,0.4,3.2,1.3,75.3,61.1,74.4,42.7,34.7,42.2,0.4,3.1,1.2,-1.4,1.3,-0.6,58.0,102.0,121.0,119.0,1.0,0.1,1.9,63.0,47.0,16.0,47.0,40.0,7.0,15.0,7.0,9.0,-0.2,20-21 Chemistry and pharmaceuticals,"Manufacture of chemicals and pharmaceuticals 
This category is made up of the categories: 
20 Manufacture of chemicals and chemical products 
21 Manufacture of basic pharmaceutical products and pharmaceutical preparations",24,2010
496,320705 ,2011JJ00,4464.0,3575.0,889.0,4423.0,2.1,0.8,2.4,79.3,63.5,78.6,44.8,35.8,44.3,5.4,4.0,5.7,4.7,3.3,5.0,56.0,100.0,116.0,115.0,1.0,-3.1,-2.5,61.0,46.0,15.0,45.0,38.0,6.0,16.0,8.0,9.0,-2.7,20-21 Chemistry and pharmaceuticals,"Manufacture of chemicals and pharmaceuticals 
This category is made up of the categories: 
20 Manufacture of chemicals and chemical products 
21 Manufacture of basic pharmaceutical products and pharmaceutical preparations",24,2011
497,320705 ,2012JJ00,4402.0,3479.0,923.0,4361.0,-1.4,-2.7,-1.4,80.5,63.6,79.8,45.6,36.1,45.2,1.5,0.2,1.5,2.0,0.6,2.0,55.0,96.0,114.0,112.0,1.0,-2.8,-3.3,59.0,45.0,14.0,44.0,37.0,6.0,15.0,7.0,8.0,-3.1,20-21 Chemistry and pharmaceuticals,"Manufacture of chemicals and pharmaceuticals 
This category is made up of the categories: 
20 Manufacture of chemicals and chemical products 
21 Manufacture of basic pharmaceutical products and pharmaceutical preparations",24,2012
498,320705 ,2013JJ00,4492.0,3643.0,849.0,4470.0,2.1,4.7,2.5,82.7,67.0,82.3,46.7,37.9,46.5,2.6,5.3,3.1,2.4,5.0,2.8,54.0,96.0,113.0,112.0,1.0,-0.6,-0.3,58.0,44.0,14.0,44.0,38.0,6.0,14.0,6.0,8.0,-1.1,20-21 Chemistry and pharmaceuticals,"Manufacture of chemicals and pharmaceuticals 
This category is made up of the categories: 
20 Manufacture of chemicals and chemical products 
21 Manufacture of basic pharmaceutical products and pharmaceutical preparations",24,2013
499,320705 ,2014JJ00,4536.0,3558.0,978.0,4513.0,1.0,-2.3,1.0,84.3,66.1,83.9,47.6,37.3,47.3,2.0,-1.3,2.0,1.8,-1.5,1.8,54.0,95.0,112.0,111.0,1.0,-1.0,-0.8,58.0,43.0,14.0,43.0,37.0,6.0,15.0,7.0,8.0,-1.0,20-21 Chemistry and pharmaceuticals,"Manufacture of chemicals and pharmaceuticals 
This category is made up of the categories: 
20 Manufacture of chemicals and chemical products 
21 Manufacture of basic pharmaceutical products and pharmaceutical preparations",24,2014
500,320705 ,2015JJ00,4558.0,3713.0,845.0,4532.0,0.5,4.4,0.4,84.6,68.9,84.1,47.9,39.0,47.6,0.3,4.2,0.3,0.7,4.6,0.6,54.0,95.0,112.0,111.0,1.0,0.1,-0.2,58.0,43.0,14.0,43.0,37.0,6.0,15.0,7.0,8.0,0.0,20-21 Chemistry and pharmaceuticals,"Manufacture of chemicals and pharmaceuticals 
This category is made up of the categories: 
20 Manufacture of chemicals and chemical products 
21 Manufacture of basic pharmaceutical products and pharmaceutical preparations",24,2015
501,320705 ,2016JJ00,4778.0,3751.0,1027.0,4701.0,4.9,1.1,3.8,88.0,69.1,86.6,49.9,39.2,49.1,4.0,0.3,2.9,4.1,0.4,3.0,54.0,96.0,113.0,111.0,1.0,0.8,0.7,58.0,44.0,15.0,44.0,37.0,7.0,14.0,6.0,8.0,0.6,20-21 Chemistry and pharmaceuticals,"Manufacture of chemicals and pharmaceuticals 
This category is made up of the categories: 
20 Manufacture of chemicals and chemical products 
21 Manufacture of basic pharmaceutical products and pharmaceutical preparations",24,2016
502,320705 ,2017JJ00,4872.0,3889.0,983.0,4803.0,1.9,3.6,2.1,88.8,70.9,87.6,50.3,40.1,49.6,0.9,2.6,1.1,0.8,2.5,1.0,55.0,97.0,114.0,113.0,2.0,1.0,1.1,59.0,44.0,15.0,43.0,36.0,7.0,16.0,8.0,8.0,1.2,20-21 Chemistry and pharmaceuticals,"Manufacture of chemicals and pharmaceuticals 
This category is made up of the categories: 
20 Manufacture of chemicals and chemical products 
21 Manufacture of basic pharmaceutical products and pharmaceutical preparations",24,2017
503,320705 ,2018JJ00,5081.0,4070.0,1011.0,5026.0,4.3,4.7,4.7,91.1,73.0,90.1,51.8,41.5,51.3,2.6,2.9,2.9,3.0,3.4,3.4,56.0,98.0,117.0,115.0,1.0,1.7,1.2,60.0,45.0,15.0,43.0,37.0,7.0,16.0,8.0,8.0,1.7,20-21 Chemistry and pharmaceuticals,"Manufacture of chemicals and pharmaceuticals 
This category is made up of the categories: 
20 Manufacture of chemicals and chemical products 
21 Manufacture of basic pharmaceutical products and pharmaceutical preparations",24,2018
504,320705 ,2019JJ00,5316.0,4214.0,1102.0,5266.0,4.6,3.5,4.8,93.4,74.0,92.5,52.9,41.9,52.4,2.5,1.5,2.7,2.1,1.1,2.3,57.0,100.0,119.0,118.0,1.0,2.0,2.4,61.0,46.0,16.0,44.0,37.0,7.0,17.0,8.0,9.0,2.0,20-21 Chemistry and pharmaceuticals,"Manufacture of chemicals and pharmaceuticals 
This category is made up of the categories: 
20 Manufacture of chemicals and chemical products 
21 Manufacture of basic pharmaceutical products and pharmaceutical preparations",24,2019
505,320705 ,2020JJ00,5614.0,4284.0,1330.0,5506.0,5.6,1.7,4.6,98.3,75.0,96.4,56.0,42.8,55.0,5.2,1.3,4.2,5.9,1.9,4.8,57.0,100.0,120.0,119.0,1.0,0.4,-0.2,61.0,46.0,16.0,44.0,37.0,7.0,17.0,9.0,9.0,0.4,20-21 Chemistry and pharmaceuticals,"Manufacture of chemicals and pharmaceuticals 
This category is made up of the categories: 
20 Manufacture of chemicals and chemical products 
21 Manufacture of basic pharmaceutical products and pharmaceutical preparations",24,2020
506,320705 ,2021JJ00,5541.0,4447.0,1094.0,5474.0,-1.3,3.8,-0.6,96.4,77.4,95.2,54.5,43.8,53.9,-1.9,3.2,-1.2,-2.7,2.4,-2.0,57.0,102.0,121.0,119.0,1.0,0.6,1.4,62.0,46.0,16.0,45.0,37.0,8.0,17.0,8.0,8.0,0.4,20-21 Chemistry and pharmaceuticals,"Manufacture of chemicals and pharmaceuticals 
This category is made up of the categories: 
20 Manufacture of chemicals and chemical products 
21 Manufacture of basic pharmaceutical products and pharmaceutical preparations",24,2021
507,320705 ,2022JJ00,5924.0,4701.0,1223.0,5879.0,6.9,5.7,7.4,99.4,78.9,98.7,57.0,45.3,56.6,3.2,2.0,3.6,4.6,3.4,5.1,60.0,104.0,124.0,123.0,1.0,3.7,2.2,64.0,47.0,17.0,46.0,38.0,8.0,18.0,9.0,9.0,3.6,20-21 Chemistry and pharmaceuticals,"Manufacture of chemicals and pharmaceuticals 
This category is made up of the categories: 
20 Manufacture of chemicals and chemical products 
21 Manufacture of basic pharmaceutical products and pharmaceutical preparations",24,2022
508,320705 ,2023JJ00,6511.0,5164.0,1347.0,6464.0,9.9,9.8,9.9,103.7,82.2,102.9,59.6,47.3,59.2,4.2,4.2,4.3,4.5,4.5,4.6,63.0,109.0,131.0,130.0,1.0,5.4,5.1,67.0,49.0,18.0,49.0,39.0,9.0,19.0,10.0,9.0,5.3,20-21 Chemistry and pharmaceuticals,"Manufacture of chemicals and pharmaceuticals 
This category is made up of the categories: 
20 Manufacture of chemicals and chemical products 
21 Manufacture of basic pharmaceutical products and pharmaceutical preparations",24,2023
509,320705 ,2024JJ00,7029.0,5552.0,1477.0,6979.0,8.0,7.5,8.0,110.0,86.9,109.2,62.7,49.5,62.3,6.1,5.6,6.1,5.2,4.7,5.2,64.0,112.0,134.0,133.0,1.0,1.8,2.6,68.0,49.0,19.0,49.0,39.0,10.0,20.0,10.0,9.0,1.7,20-21 Chemistry and pharmaceuticals,"Manufacture of chemicals and pharmaceuticals 
This category is made up of the categories: 
20 Manufacture of chemicals and chemical products 
21 Manufacture of basic pharmaceutical products and pharmaceutical preparations",24,2024
510,323200 ,1995JJ00,690.0,566.0,124.0,687.0,,,,45.8,37.6,45.6,25.1,20.5,24.9,,,,,,,15.0,28.0,,,,,,16.0,10.0,6.0,,,,,,,,21 Manufacture of pharmaceuticals,Manufacture of basic pharmaceutical products and pharmaceutical preparations,7,1995
511,323200 ,1996JJ00,691.0,571.0,120.0,686.0,0.2,0.9,-0.1,46.1,38.1,45.7,24.9,20.5,24.7,0.6,1.3,0.3,-0.8,-0.1,-1.1,15.0,28.0,,,,-0.4,1.0,16.0,10.0,6.0,,,,,,,0.0,21 Manufacture of pharmaceuticals,Manufacture of basic pharmaceutical products and pharmaceutical preparations,7,1996
512,323200 ,1997JJ00,703.0,589.0,114.0,698.0,1.6,3.1,1.7,46.5,39.0,46.2,25.5,21.4,25.3,0.9,2.4,0.9,2.5,4.0,2.5,15.0,28.0,,,,0.7,-0.8,16.0,10.0,7.0,,,,,,,0.5,21 Manufacture of pharmaceuticals,Manufacture of basic pharmaceutical products and pharmaceutical preparations,7,1997
513,323200 ,1998JJ00,712.0,565.0,147.0,704.0,1.4,-4.0,1.0,46.5,36.9,46.0,25.4,20.2,25.1,-0.1,-5.4,-0.5,-0.2,-5.6,-0.7,15.0,28.0,,,,1.4,1.6,17.0,10.0,7.0,,,,,,,1.2,21 Manufacture of pharmaceuticals,Manufacture of basic pharmaceutical products and pharmaceutical preparations,7,1998
514,323200 ,1999JJ00,763.0,611.0,152.0,756.0,7.1,8.1,7.4,48.5,38.8,48.0,26.4,21.2,26.2,4.3,5.3,4.5,4.0,4.9,4.2,16.0,29.0,,,,2.7,3.1,17.0,10.0,7.0,,,,,,,3.1,21 Manufacture of pharmaceuticals,Manufacture of basic pharmaceutical products and pharmaceutical preparations,7,1999
515,323200 ,2000JJ00,823.0,637.0,186.0,817.0,7.8,4.2,8.1,51.7,40.0,51.3,28.4,22.0,28.2,6.6,3.0,6.8,7.7,4.0,7.9,16.0,29.0,,,,1.2,0.2,17.0,11.0,7.0,,,,,,,1.9,21 Manufacture of pharmaceuticals,Manufacture of basic pharmaceutical products and pharmaceutical preparations,7,2000
516,323200 ,2001JJ00,868.0,689.0,179.0,861.0,5.5,8.2,5.4,54.2,43.0,53.8,29.7,23.6,29.5,4.9,7.5,4.8,4.4,7.1,4.3,16.0,29.0,,,,0.6,1.1,17.0,11.0,7.0,,,,,,,0.6,21 Manufacture of pharmaceuticals,Manufacture of basic pharmaceutical products and pharmaceutical preparations,7,2001
517,323200 ,2002JJ00,972.0,764.0,208.0,965.0,11.9,10.9,12.0,57.5,45.2,57.1,31.5,24.8,31.3,6.1,5.2,6.2,6.0,5.1,6.1,17.0,31.0,,,,5.4,5.6,19.0,11.0,7.0,,,,,,,6.0,21 Manufacture of pharmaceuticals,Manufacture of basic pharmaceutical products and pharmaceutical preparations,7,2002
518,323200 ,2003JJ00,1044.0,808.0,236.0,1039.0,7.4,5.7,7.7,61.7,47.7,61.4,33.9,26.2,33.7,7.2,5.5,7.5,7.6,5.9,7.9,17.0,31.0,,,,0.2,-0.1,19.0,11.0,8.0,,,,,,,0.5,21 Manufacture of pharmaceuticals,Manufacture of basic pharmaceutical products and pharmaceutical preparations,7,2003
519,323200 ,2004JJ00,1074.0,831.0,243.0,1067.0,2.8,2.9,2.6,64.0,49.6,63.6,36.1,27.9,35.8,3.9,3.9,3.7,6.5,6.5,6.3,17.0,30.0,,,,-1.0,-3.5,19.0,11.0,7.0,,,,,,,-0.4,21 Manufacture of pharmaceuticals,Manufacture of basic pharmaceutical products and pharmaceutical preparations,7,2004
520,323200 ,2005JJ00,1104.0,861.0,243.0,1098.0,2.8,3.6,2.9,64.9,50.6,64.5,37.0,28.8,36.8,1.3,2.1,1.4,2.4,3.2,2.5,17.0,30.0,,,,1.5,0.3,19.0,11.0,8.0,,,,,,,1.2,21 Manufacture of pharmaceuticals,Manufacture of basic pharmaceutical products and pharmaceutical preparations,7,2005
521,323200 ,2006JJ00,1115.0,877.0,238.0,1106.0,1.0,1.9,0.7,66.2,52.1,65.7,37.8,29.8,37.5,2.1,2.9,1.8,2.4,3.3,2.1,17.0,29.0,,,,-1.0,-1.4,19.0,11.0,8.0,,,,,,,-0.8,21 Manufacture of pharmaceuticals,Manufacture of basic pharmaceutical products and pharmaceutical preparations,7,2006
522,323200 ,2007JJ00,1175.0,923.0,252.0,1165.0,5.4,5.3,5.4,70.2,55.1,69.6,40.1,31.5,39.8,6.0,5.9,6.0,6.1,5.9,6.0,17.0,29.0,,,,-0.6,-0.6,19.0,11.0,8.0,,,,,,,0.0,21 Manufacture of pharmaceuticals,Manufacture of basic pharmaceutical products and pharmaceutical preparations,7,2007
523,323200 ,2008JJ00,1183.0,922.0,261.0,1171.0,0.7,-0.1,0.5,73.8,57.5,73.0,42.1,32.8,41.6,5.1,4.3,4.9,4.8,4.0,4.6,16.0,28.0,,,,-4.2,-3.9,18.0,10.0,8.0,,,,,,,-3.8,21 Manufacture of pharmaceuticals,Manufacture of basic pharmaceutical products and pharmaceutical preparations,7,2008
524,323200 ,2009JJ00,1177.0,922.0,255.0,1160.0,-0.6,0.0,-1.0,72.6,56.9,71.6,41.5,32.5,40.9,-1.6,-1.0,-2.0,-1.4,-0.8,-1.8,16.0,28.0,,,,1.0,0.8,18.0,11.0,8.0,,,,,,,1.2,21 Manufacture of pharmaceuticals,Manufacture of basic pharmaceutical products and pharmaceutical preparations,7,2009
525,323200 ,2010JJ00,1163.0,941.0,222.0,1147.0,-1.2,2.0,-1.1,72.5,58.7,71.5,41.0,33.2,40.4,-0.1,3.1,-0.1,-1.2,2.0,-1.1,16.0,28.0,33.0,33.0,0.0,-1.1,0.0,18.0,10.0,7.0,12.0,9.0,3.0,6.0,2.0,4.0,-1.5,21 Manufacture of pharmaceuticals,Manufacture of basic pharmaceutical products and pharmaceutical preparations,7,2010
526,323200 ,2011JJ00,1120.0,907.0,213.0,1107.0,-3.6,-3.5,-3.4,78.6,63.6,77.7,44.3,35.9,43.8,8.3,8.4,8.5,8.1,8.3,8.4,14.0,25.0,30.0,29.0,0.0,-11.0,-10.9,16.0,10.0,6.0,10.0,8.0,2.0,6.0,2.0,4.0,-10.3,21 Manufacture of pharmaceuticals,Manufacture of basic pharmaceutical products and pharmaceutical preparations,7,2011
527,323200 ,2012JJ00,993.0,788.0,205.0,984.0,-11.4,-13.2,-11.1,79.8,63.3,79.1,45.2,35.8,44.7,1.6,-0.5,1.8,1.9,-0.2,2.2,12.0,22.0,26.0,26.0,0.0,-12.8,-13.0,14.0,8.0,6.0,9.0,7.0,2.0,5.0,2.0,3.0,-13.2,21 Manufacture of pharmaceuticals,Manufacture of basic pharmaceutical products and pharmaceutical preparations,7,2012
528,323200 ,2013JJ00,996.0,803.0,193.0,990.0,0.3,1.9,0.6,81.1,65.4,80.6,45.8,36.9,45.5,1.6,3.2,1.9,1.4,3.0,1.7,12.0,22.0,26.0,25.0,0.0,-1.3,-1.1,14.0,8.0,5.0,9.0,7.0,2.0,5.0,1.0,3.0,-2.0,21 Manufacture of pharmaceuticals,Manufacture of basic pharmaceutical products and pharmaceutical preparations,7,2013
529,323200 ,2014JJ00,971.0,776.0,195.0,964.0,-2.5,-3.3,-2.6,78.6,62.9,78.1,44.3,35.4,44.0,-3.0,-3.8,-3.1,-3.2,-4.1,-3.4,12.0,22.0,26.0,25.0,0.0,0.6,0.8,14.0,8.0,5.0,9.0,7.0,2.0,5.0,1.0,3.0,0.1,21 Manufacture of pharmaceuticals,Manufacture of basic pharmaceutical products and pharmaceutical preparations,7,2014
530,323200 ,2015JJ00,1012.0,821.0,191.0,1006.0,4.1,5.7,4.3,80.2,65.1,79.7,45.4,36.8,45.1,2.0,3.6,2.1,2.5,4.0,2.6,13.0,22.0,26.0,26.0,0.0,2.1,1.6,14.0,8.0,6.0,9.0,7.0,2.0,5.0,1.0,3.0,1.8,21 Manufacture of pharmaceuticals,Manufacture of basic pharmaceutical products and pharmaceutical preparations,7,2015
531,323200 ,2016JJ00,1134.0,815.0,319.0,1103.0,12.2,-0.6,9.8,89.7,64.5,87.3,50.8,36.5,49.4,11.8,-0.9,9.4,11.9,-0.9,9.5,13.0,22.0,26.0,26.0,0.0,0.3,0.3,14.0,8.0,6.0,9.0,7.0,2.0,5.0,1.0,3.0,0.4,21 Manufacture of pharmaceuticals,Manufacture of basic pharmaceutical products and pharmaceutical preparations,7,2016
532,323200 ,2017JJ00,1060.0,848.0,212.0,1033.0,-6.6,4.0,-6.4,82.5,66.0,80.4,47.1,37.6,45.9,-8.0,2.4,-7.8,-7.3,3.1,-7.1,13.0,23.0,27.0,26.0,0.0,1.6,0.8,14.0,8.0,6.0,9.0,7.0,2.0,5.0,1.0,3.0,1.5,21 Manufacture of pharmaceuticals,Manufacture of basic pharmaceutical products and pharmaceutical preparations,7,2017
533,323200 ,2018JJ00,1117.0,881.0,236.0,1100.0,5.4,4.0,6.5,85.4,67.4,84.1,49.0,38.6,48.2,3.5,2.1,4.6,4.0,2.6,5.1,13.0,23.0,27.0,27.0,0.0,1.8,1.3,14.0,9.0,6.0,9.0,7.0,2.0,5.0,1.0,3.0,1.6,21 Manufacture of pharmaceuticals,Manufacture of basic pharmaceutical products and pharmaceutical preparations,7,2018
534,323200 ,2019JJ00,1180.0,930.0,250.0,1166.0,5.7,5.5,6.0,86.9,68.4,85.8,49.5,39.0,48.9,1.7,1.5,2.0,1.1,1.0,1.5,14.0,24.0,28.0,28.0,0.0,3.9,4.5,15.0,9.0,6.0,10.0,7.0,2.0,5.0,2.0,4.0,3.9,21 Manufacture of pharmaceuticals,Manufacture of basic pharmaceutical products and pharmaceutical preparations,7,2019
535,323200 ,2020JJ00,1279.0,1018.0,261.0,1266.0,8.4,9.5,8.6,89.2,71.0,88.3,50.8,40.4,50.3,2.7,3.7,2.9,2.6,3.7,2.8,14.0,25.0,30.0,30.0,0.0,5.6,5.6,16.0,9.0,6.0,10.0,8.0,3.0,5.0,2.0,4.0,5.7,21 Manufacture of pharmaceuticals,Manufacture of basic pharmaceutical products and pharmaceutical preparations,7,2020
536,323200 ,2021JJ00,1389.0,1107.0,282.0,1377.0,8.6,8.7,8.8,90.5,72.1,89.7,51.3,40.9,50.9,1.5,1.6,1.6,1.0,1.1,1.1,15.0,27.0,32.0,32.0,0.0,7.0,7.6,17.0,10.0,7.0,11.0,8.0,3.0,6.0,2.0,4.0,6.3,21 Manufacture of pharmaceuticals,Manufacture of basic pharmaceutical products and pharmaceutical preparations,7,2021
537,323200 ,2022JJ00,1494.0,1176.0,318.0,1483.0,7.5,6.2,7.7,93.3,73.4,92.6,53.6,42.2,53.2,3.1,1.8,3.2,4.4,3.1,4.5,16.0,28.0,34.0,33.0,0.0,4.4,3.0,17.0,10.0,7.0,12.0,8.0,3.0,6.0,2.0,4.0,4.2,21 Manufacture of pharmaceuticals,Manufacture of basic pharmaceutical products and pharmaceutical preparations,7,2022
538,323200 ,2023JJ00,1706.0,1346.0,360.0,1696.0,14.1,14.4,14.3,98.0,77.3,97.4,56.4,44.5,56.1,5.1,5.3,5.2,5.3,5.6,5.5,17.0,30.0,36.0,36.0,0.0,8.7,8.4,19.0,11.0,8.0,13.0,9.0,4.0,6.0,2.0,4.0,8.0,21 Manufacture of pharmaceuticals,Manufacture of basic pharmaceutical products and pharmaceutical preparations,7,2023
539,323200 ,2024JJ00,1878.0,1475.0,403.0,1859.0,10.1,9.6,9.6,102.9,80.9,101.9,58.9,46.3,58.3,5.0,4.6,4.6,4.5,4.0,4.0,18.0,32.0,38.0,38.0,0.0,4.8,5.3,20.0,12.0,8.0,13.0,9.0,4.0,7.0,3.0,4.0,4.4,21 Manufacture of pharmaceuticals,Manufacture of basic pharmaceutical products and pharmaceutical preparations,7,2024
540,323700 ,1995JJ00,966.0,816.0,150.0,962.0,,,,33.3,28.1,33.1,18.4,15.6,18.4,,,,,,,29.0,52.0,,,,,,30.0,25.0,5.0,,,,,,,,"22 Manufacture rubber, plastic products",Manufacture of rubber and plastic products,7,1995
541,323700 ,1996JJ00,982.0,828.0,154.0,973.0,1.8,1.5,1.2,34.0,28.7,33.7,18.7,15.7,18.5,2.2,2.0,1.7,1.2,1.0,0.7,29.0,53.0,,,,-0.5,0.6,30.0,25.0,5.0,,,,,,,0.0,"22 Manufacture rubber, plastic products",Manufacture of rubber and plastic products,7,1996
542,323700 ,1997JJ00,1027.0,875.0,152.0,1014.0,4.5,5.6,4.1,34.1,29.0,33.6,18.9,16.1,18.7,0.2,1.3,-0.2,1.5,2.6,1.2,30.0,54.0,,,,4.3,2.9,31.0,26.0,5.0,,,,,,,5.0,"22 Manufacture rubber, plastic products",Manufacture of rubber and plastic products,7,1997
543,323700 ,1998JJ00,1091.0,875.0,216.0,1073.0,6.3,0.0,5.9,35.5,28.5,34.9,19.7,15.8,19.3,4.2,-2.0,3.8,3.8,-2.3,3.4,31.0,55.0,,,,2.0,2.4,33.0,27.0,6.0,,,,,,,3.3,"22 Manufacture rubber, plastic products",Manufacture of rubber and plastic products,7,1998
544,323700 ,1999JJ00,1162.0,921.0,241.0,1143.0,6.5,5.3,6.5,36.8,29.2,36.2,20.4,16.1,20.0,3.6,2.5,3.7,3.5,2.4,3.6,32.0,57.0,,,,2.8,2.9,34.0,28.0,6.0,,,,,,,4.3,"22 Manufacture rubber, plastic products",Manufacture of rubber and plastic products,7,1999
545,323700 ,2000JJ00,1251.0,985.0,266.0,1232.0,7.7,6.9,7.8,38.3,30.2,37.7,21.4,16.9,21.1,4.1,3.4,4.3,5.2,4.4,5.3,33.0,58.0,,,,3.4,2.4,35.0,28.0,7.0,,,,,,,3.4,"22 Manufacture rubber, plastic products",Manufacture of rubber and plastic products,7,2000
546,323700 ,2001JJ00,1262.0,1014.0,248.0,1241.0,0.8,2.9,0.7,38.4,30.8,37.8,21.4,17.2,21.1,0.2,2.3,0.0,0.0,2.1,-0.1,33.0,59.0,,,,0.6,0.8,35.0,28.0,7.0,,,,,,,1.0,"22 Manufacture rubber, plastic products",Manufacture of rubber and plastic products,7,2001
547,323700 ,2002JJ00,1312.0,1046.0,266.0,1290.0,4.0,3.2,4.0,40.5,32.3,39.9,22.6,18.0,22.2,5.6,4.8,5.6,5.4,4.5,5.4,32.0,58.0,,,,-1.5,-1.3,35.0,28.0,7.0,,,,,,,-1.8,"22 Manufacture rubber, plastic products",Manufacture of rubber and plastic products,7,2002
548,323700 ,2003JJ00,1307.0,1039.0,268.0,1288.0,-0.4,-0.7,-0.2,42.3,33.6,41.7,23.3,18.5,23.0,4.4,4.1,4.7,3.4,3.1,3.7,31.0,56.0,,,,-4.6,-3.7,34.0,27.0,7.0,,,,,,,-3.4,"22 Manufacture rubber, plastic products",Manufacture of rubber and plastic products,7,2003
549,323700 ,2004JJ00,1314.0,1043.0,271.0,1292.0,0.6,0.4,0.3,42.9,34.0,42.2,23.5,18.7,23.1,1.3,1.2,1.1,0.7,0.6,0.5,31.0,56.0,,,,-0.7,-0.2,33.0,27.0,7.0,,,,,,,-1.0,"22 Manufacture rubber, plastic products",Manufacture of rubber and plastic products,7,2004
550,323700 ,2005JJ00,1305.0,1050.0,255.0,1286.0,-0.7,0.7,-0.5,43.3,34.8,42.6,24.2,19.4,23.8,0.9,2.3,1.1,2.7,4.1,3.0,30.0,54.0,,,,-1.5,-3.3,33.0,27.0,6.0,,,,,,,-1.1,"22 Manufacture rubber, plastic products",Manufacture of rubber and plastic products,7,2005
551,323700 ,2006JJ00,1343.0,1082.0,261.0,1326.0,2.9,3.0,3.1,45.0,36.2,44.4,25.2,20.3,24.9,4.0,4.1,4.2,4.3,4.5,4.5,30.0,53.0,,,,-1.0,-1.4,33.0,26.0,7.0,,,,,,,-0.8,"22 Manufacture rubber, plastic products",Manufacture of rubber and plastic products,7,2006
552,323700 ,2007JJ00,1400.0,1130.0,270.0,1381.0,4.2,4.4,4.1,46.2,37.3,45.6,25.9,20.9,25.5,2.8,3.0,2.7,2.7,2.9,2.6,30.0,54.0,,,,1.4,1.5,33.0,26.0,7.0,,,,,,,1.2,"22 Manufacture rubber, plastic products",Manufacture of rubber and plastic products,7,2007
553,323700 ,2008JJ00,1483.0,1185.0,298.0,1462.0,5.9,4.9,5.8,48.3,38.6,47.6,27.1,21.7,26.7,4.5,3.5,4.4,4.7,3.7,4.7,31.0,55.0,,,,1.3,1.1,34.0,27.0,7.0,,,,,,,1.5,"22 Manufacture rubber, plastic products",Manufacture of rubber and plastic products,7,2008
554,323700 ,2009JJ00,1428.0,1157.0,271.0,1392.0,-3.7,-2.4,-4.8,49.2,39.9,48.0,28.1,22.7,27.4,1.9,3.3,0.7,3.5,5.0,2.4,29.0,51.0,,,,-5.4,-7.0,31.0,25.0,6.0,,,,,,,-6.0,"22 Manufacture rubber, plastic products",Manufacture of rubber and plastic products,7,2009
555,323700 ,2010JJ00,1432.0,1151.0,281.0,1402.0,0.2,-0.6,0.7,51.5,41.4,50.4,29.0,23.3,28.4,4.7,3.9,5.2,3.2,2.3,3.6,28.0,49.0,58.0,57.0,1.0,-4.3,-2.8,30.0,25.0,6.0,24.0,22.0,2.0,6.0,2.0,3.0,-4.3,"22 Manufacture rubber, plastic products",Manufacture of rubber and plastic products,7,2010
556,323700 ,2011JJ00,1465.0,1170.0,295.0,1439.0,2.3,1.7,2.6,52.9,42.2,51.9,29.5,23.6,29.0,2.6,2.0,2.9,2.0,1.4,2.3,28.0,50.0,58.0,57.0,1.0,-0.3,0.3,30.0,25.0,6.0,24.0,21.0,2.0,7.0,3.0,3.0,0.4,"22 Manufacture rubber, plastic products",Manufacture of rubber and plastic products,7,2011
557,323700 ,2012JJ00,1545.0,1216.0,329.0,1522.0,5.5,3.9,5.8,55.5,43.7,54.7,31.3,24.6,30.8,5.1,3.5,5.4,5.8,4.3,6.1,28.0,49.0,58.0,57.0,1.0,0.4,-0.3,30.0,25.0,6.0,23.0,21.0,2.0,7.0,3.0,3.0,0.3,"22 Manufacture rubber, plastic products",Manufacture of rubber and plastic products,7,2012
558,323700 ,2013JJ00,1549.0,1229.0,320.0,1531.0,0.3,1.1,0.7,56.1,44.5,55.5,31.3,24.8,31.0,1.0,1.8,1.4,0.2,1.0,0.5,28.0,49.0,58.0,57.0,1.0,-0.7,0.1,30.0,24.0,6.0,24.0,21.0,2.0,6.0,3.0,3.0,-1.3,"22 Manufacture rubber, plastic products",Manufacture of rubber and plastic products,7,2013
559,323700 ,2014JJ00,1604.0,1256.0,348.0,1591.0,3.5,2.1,3.9,58.2,45.6,57.7,32.3,25.3,32.0,3.7,2.4,4.1,3.0,1.7,3.4,28.0,50.0,58.0,57.0,1.0,-0.2,0.5,30.0,24.0,6.0,23.0,21.0,2.0,7.0,3.0,3.0,0.0,"22 Manufacture rubber, plastic products",Manufacture of rubber and plastic products,7,2014
560,323700 ,2015JJ00,1664.0,1317.0,347.0,1653.0,3.8,4.9,3.9,58.7,46.4,58.3,32.8,26.0,32.6,0.8,1.9,1.0,1.6,2.8,1.8,28.0,51.0,59.0,58.0,1.0,2.9,2.1,31.0,25.0,6.0,24.0,22.0,2.0,7.0,4.0,4.0,2.8,"22 Manufacture rubber, plastic products",Manufacture of rubber and plastic products,7,2015
561,323700 ,2016JJ00,1752.0,1374.0,378.0,1735.0,5.2,4.3,4.9,60.0,47.0,59.4,33.5,26.3,33.2,2.2,1.3,1.9,2.2,1.3,1.9,29.0,52.0,61.0,60.0,1.0,2.9,2.9,32.0,26.0,6.0,25.0,22.0,2.0,7.0,3.0,4.0,2.7,"22 Manufacture rubber, plastic products",Manufacture of rubber and plastic products,7,2016
562,323700 ,2017JJ00,1841.0,1439.0,402.0,1824.0,5.2,4.8,5.2,60.9,47.6,60.4,34.3,26.8,34.0,1.6,1.2,1.6,2.4,2.1,2.5,30.0,54.0,63.0,62.0,1.0,3.5,2.7,33.0,27.0,6.0,25.0,23.0,2.0,8.0,4.0,4.0,3.9,"22 Manufacture rubber, plastic products",Manufacture of rubber and plastic products,7,2017
563,323700 ,2018JJ00,1853.0,1436.0,417.0,1839.0,0.6,-0.2,0.8,62.0,48.1,61.6,35.2,27.3,34.9,1.9,1.0,2.0,2.5,1.7,2.7,30.0,53.0,62.0,61.0,1.0,-1.2,-1.9,33.0,26.0,6.0,24.0,22.0,2.0,8.0,4.0,4.0,-1.1,"22 Manufacture rubber, plastic products",Manufacture of rubber and plastic products,7,2018
564,323700 ,2019JJ00,1928.0,1485.0,443.0,1914.0,4.0,3.4,4.1,63.4,48.9,63.0,36.0,27.7,35.7,2.2,1.6,2.2,2.2,1.6,2.2,30.0,54.0,63.0,63.0,1.0,1.8,1.8,33.0,27.0,6.0,25.0,22.0,2.0,8.0,4.0,4.0,1.6,"22 Manufacture rubber, plastic products",Manufacture of rubber and plastic products,7,2019
565,323700 ,2020JJ00,1968.0,1519.0,449.0,1901.0,2.1,2.3,-0.6,64.3,49.6,62.1,41.4,32.0,40.0,1.4,1.6,-1.4,15.1,15.4,12.0,31.0,48.0,64.0,63.0,1.0,0.7,-11.3,33.0,27.0,7.0,25.0,22.0,3.0,9.0,5.0,4.0,0.6,"22 Manufacture rubber, plastic products",Manufacture of rubber and plastic products,7,2020
566,323700 ,2021JJ00,2014.0,1555.0,459.0,1972.0,2.3,2.4,3.7,65.9,50.9,64.6,39.8,30.7,38.9,2.6,2.6,4.0,-4.0,-3.9,-2.7,31.0,51.0,64.0,63.0,1.0,-0.3,6.5,33.0,26.0,7.0,25.0,22.0,3.0,9.0,5.0,4.0,0.1,"22 Manufacture rubber, plastic products",Manufacture of rubber and plastic products,7,2021
567,323700 ,2022JJ00,2090.0,1583.0,507.0,2067.0,3.7,1.8,4.8,66.5,50.4,65.7,38.6,29.2,38.1,0.8,-1.1,1.8,-3.0,-4.9,-2.0,31.0,54.0,65.0,64.0,1.0,2.9,7.0,34.0,27.0,7.0,25.0,22.0,3.0,9.0,5.0,4.0,2.9,"22 Manufacture rubber, plastic products",Manufacture of rubber and plastic products,7,2022
568,323700 ,2023JJ00,2195.0,1675.0,520.0,2173.0,5.1,5.8,5.2,70.5,53.8,69.8,40.9,31.2,40.5,6.0,6.8,6.1,6.1,6.9,6.2,31.0,54.0,65.0,64.0,1.0,-0.9,-1.0,34.0,27.0,7.0,25.0,22.0,3.0,9.0,5.0,4.0,-1.0,"22 Manufacture rubber, plastic products",Manufacture of rubber and plastic products,7,2023
569,323700 ,2024JJ00,2282.0,1737.0,545.0,2263.0,4.0,3.7,4.1,74.8,56.9,74.2,43.4,33.0,43.0,6.2,5.9,6.3,6.0,5.7,6.1,31.0,53.0,63.0,63.0,1.0,-2.1,-1.9,33.0,26.0,7.0,23.0,21.0,3.0,10.0,6.0,4.0,-2.0,"22 Manufacture rubber, plastic products",Manufacture of rubber and plastic products,7,2024
570,323705 ,1995JJ00,2029.0,1692.0,337.0,2024.0,,,,35.3,29.4,35.2,19.5,16.3,19.5,,,,,,,57.0,104.0,,,,,,61.0,53.0,8.0,,,,,,,,22-23 Man. plastics and constructionprod,"Manufacture of rubber and plastic products and of constructionproducts 
This category is made up of the categories: 
22 Manufacture of rubber and plastic products 
23 Manufacture of other non-metallic mineral products",24,1995
571,323705 ,1996JJ00,2042.0,1701.0,341.0,2031.0,0.6,0.6,0.4,35.6,29.6,35.4,19.3,16.1,19.2,0.8,0.7,0.5,-0.9,-1.0,-1.2,57.0,106.0,,,,-0.1,1.5,61.0,53.0,8.0,,,,,,,0.2,22-23 Man. plastics and constructionprod,"Manufacture of rubber and plastic products and of constructionproducts 
This category is made up of the categories: 
22 Manufacture of rubber and plastic products 
23 Manufacture of other non-metallic mineral products",24,1996
572,323705 ,1997JJ00,2077.0,1768.0,309.0,2059.0,1.7,3.9,1.4,35.2,30.0,34.9,19.4,16.5,19.2,-1.1,1.1,-1.4,0.4,2.6,0.1,59.0,107.0,,,,2.8,1.3,63.0,54.0,8.0,,,,,,,3.1,22-23 Man. plastics and constructionprod,"Manufacture of rubber and plastic products and of constructionproducts 
This category is made up of the categories: 
22 Manufacture of rubber and plastic products 
23 Manufacture of other non-metallic mineral products",24,1997
573,323705 ,1998JJ00,2193.0,1741.0,452.0,2170.0,5.7,-1.5,5.5,36.5,29.0,36.1,20.1,16.0,19.9,3.7,-3.3,3.5,3.7,-3.3,3.5,60.0,109.0,,,,1.9,1.9,64.0,55.0,9.0,,,,,,,2.3,22-23 Man. plastics and constructionprod,"Manufacture of rubber and plastic products and of constructionproducts 
This category is made up of the categories: 
22 Manufacture of rubber and plastic products 
23 Manufacture of other non-metallic mineral products",24,1998
574,323705 ,1999JJ00,2335.0,1828.0,507.0,2310.0,6.4,5.0,6.4,38.1,29.9,37.7,21.0,16.5,20.8,4.5,3.1,4.4,4.5,3.1,4.5,61.0,111.0,,,,1.9,1.9,66.0,56.0,10.0,,,,,,,2.7,22-23 Man. plastics and constructionprod,"Manufacture of rubber and plastic products and of constructionproducts 
This category is made up of the categories: 
22 Manufacture of rubber and plastic products 
23 Manufacture of other non-metallic mineral products",24,1999
575,323705 ,2000JJ00,2513.0,1951.0,562.0,2490.0,7.6,6.7,7.8,40.2,31.2,39.8,22.4,17.4,22.2,5.4,4.5,5.6,6.3,5.4,6.5,63.0,112.0,,,,2.1,1.2,68.0,57.0,11.0,,,,,,,2.6,22-23 Man. plastics and constructionprod,"Manufacture of rubber and plastic products and of constructionproducts 
This category is made up of the categories: 
22 Manufacture of rubber and plastic products 
23 Manufacture of other non-metallic mineral products",24,2000
576,323705 ,2001JJ00,2511.0,1986.0,525.0,2486.0,-0.2,1.7,-0.2,39.7,31.4,39.3,22.3,17.6,22.0,-1.2,0.7,-1.3,-0.4,1.5,-0.5,63.0,113.0,,,,1.1,0.3,68.0,57.0,11.0,,,,,,,0.4,22-23 Man. plastics and constructionprod,"Manufacture of rubber and plastic products and of constructionproducts 
This category is made up of the categories: 
22 Manufacture of rubber and plastic products 
23 Manufacture of other non-metallic mineral products",24,2001
577,323705 ,2002JJ00,2576.0,2030.0,546.0,2549.0,2.6,2.2,2.6,41.8,33.0,41.4,23.4,18.4,23.1,5.3,4.9,5.2,5.0,4.6,4.9,62.0,110.0,,,,-2.5,-2.2,66.0,55.0,11.0,,,,,,,-2.7,22-23 Man. plastics and constructionprod,"Manufacture of rubber and plastic products and of constructionproducts 
This category is made up of the categories: 
22 Manufacture of rubber and plastic products 
23 Manufacture of other non-metallic mineral products",24,2002
578,323705 ,2003JJ00,2571.0,2016.0,555.0,2547.0,-0.2,-0.7,-0.1,43.7,34.3,43.3,24.2,19.0,24.0,4.6,4.1,4.7,3.5,3.0,3.6,59.0,106.0,,,,-4.6,-3.6,63.0,53.0,10.0,,,,,,,-4.2,22-23 Man. plastics and constructionprod,"Manufacture of rubber and plastic products and of constructionproducts 
This category is made up of the categories: 
22 Manufacture of rubber and plastic products 
23 Manufacture of other non-metallic mineral products",24,2003
579,323705 ,2004JJ00,2565.0,2004.0,561.0,2534.0,-0.3,-0.6,-0.5,44.9,35.1,44.4,24.7,19.3,24.4,2.7,2.4,2.4,2.0,1.6,1.7,57.0,104.0,,,,-2.9,-2.2,62.0,52.0,10.0,,,,,,,-2.7,22-23 Man. plastics and constructionprod,"Manufacture of rubber and plastic products and of constructionproducts 
This category is made up of the categories: 
22 Manufacture of rubber and plastic products 
23 Manufacture of other non-metallic mineral products",24,2004
580,323705 ,2005JJ00,2535.0,2006.0,529.0,2511.0,-1.2,0.1,-0.9,45.2,35.8,44.8,25.2,20.0,25.0,0.6,1.9,0.9,2.3,3.6,2.5,56.0,100.0,,,,-1.7,-3.3,61.0,51.0,10.0,,,,,,,-1.5,22-23 Man. plastics and constructionprod,"Manufacture of rubber and plastic products and of constructionproducts 
This category is made up of the categories: 
22 Manufacture of rubber and plastic products 
23 Manufacture of other non-metallic mineral products",24,2005
581,323705 ,2006JJ00,2595.0,2065.0,530.0,2573.0,2.4,2.9,2.5,46.5,37.0,46.1,26.1,20.8,25.9,3.0,3.5,3.1,3.6,4.2,3.7,56.0,99.0,,,,-0.6,-1.2,60.0,50.0,10.0,,,,,,,-0.3,22-23 Man. plastics and constructionprod,"Manufacture of rubber and plastic products and of constructionproducts 
This category is made up of the categories: 
22 Manufacture of rubber and plastic products 
23 Manufacture of other non-metallic mineral products",24,2006
582,323705 ,2007JJ00,2685.0,2139.0,546.0,2660.0,3.5,3.6,3.4,48.0,38.2,47.5,26.8,21.4,26.6,3.1,3.2,3.0,2.6,2.7,2.5,56.0,100.0,,,,0.4,0.8,61.0,50.0,10.0,,,,,,,0.3,22-23 Man. plastics and constructionprod,"Manufacture of rubber and plastic products and of constructionproducts 
This category is made up of the categories: 
22 Manufacture of rubber and plastic products 
23 Manufacture of other non-metallic mineral products",24,2007
583,323705 ,2008JJ00,2813.0,2213.0,600.0,2784.0,4.7,3.5,4.6,50.0,39.3,49.5,27.9,22.0,27.6,4.2,2.9,4.1,4.0,2.8,3.9,56.0,101.0,,,,0.5,0.7,61.0,51.0,10.0,,,,,,,0.7,22-23 Man. plastics and constructionprod,"Manufacture of rubber and plastic products and of constructionproducts 
This category is made up of the categories: 
22 Manufacture of rubber and plastic products 
23 Manufacture of other non-metallic mineral products",24,2008
584,323705 ,2009JJ00,2725.0,2173.0,552.0,2678.0,-3.1,-1.8,-3.8,50.5,40.3,49.6,28.6,22.8,28.2,1.0,2.4,0.3,2.6,4.0,1.9,54.0,95.0,,,,-4.1,-5.6,58.0,48.0,10.0,,,,,,,-4.7,22-23 Man. plastics and constructionprod,"Manufacture of rubber and plastic products and of constructionproducts 
This category is made up of the categories: 
22 Manufacture of rubber and plastic products 
23 Manufacture of other non-metallic mineral products",24,2009
585,323705 ,2010JJ00,2668.0,2114.0,554.0,2620.0,-2.1,-2.7,-2.2,52.0,41.2,51.1,29.3,23.2,28.8,3.0,2.4,2.9,2.4,1.7,2.3,51.0,91.0,107.0,105.0,2.0,-5.0,-4.4,55.0,47.0,8.0,46.0,43.0,3.0,10.0,4.0,5.0,-5.1,22-23 Man. plastics and constructionprod,"Manufacture of rubber and plastic products and of constructionproducts 
This category is made up of the categories: 
22 Manufacture of rubber and plastic products 
23 Manufacture of other non-metallic mineral products",24,2010
586,323705 ,2011JJ00,2711.0,2138.0,573.0,2675.0,1.6,1.2,2.1,53.5,42.2,52.8,29.8,23.5,29.4,2.9,2.4,3.4,1.6,1.2,2.1,51.0,91.0,105.0,103.0,2.0,-1.2,0.0,55.0,46.0,8.0,44.0,41.0,3.0,11.0,6.0,5.0,-0.7,22-23 Man. plastics and constructionprod,"Manufacture of rubber and plastic products and of constructionproducts 
This category is made up of the categories: 
22 Manufacture of rubber and plastic products 
23 Manufacture of other non-metallic mineral products",24,2011
587,323705 ,2012JJ00,2814.0,2189.0,625.0,2778.0,3.8,2.4,3.8,56.1,43.6,55.3,31.5,24.5,31.1,4.7,3.3,4.8,5.6,4.2,5.7,50.0,89.0,105.0,103.0,2.0,-0.9,-1.7,54.0,46.0,8.0,43.0,40.0,3.0,11.0,6.0,5.0,-1.1,22-23 Man. plastics and constructionprod,"Manufacture of rubber and plastic products and of constructionproducts 
This category is made up of the categories: 
22 Manufacture of rubber and plastic products 
23 Manufacture of other non-metallic mineral products",24,2012
588,323705 ,2013JJ00,2807.0,2167.0,640.0,2785.0,-0.2,-1.0,0.3,58.0,44.8,57.6,32.3,24.9,32.0,3.5,2.8,4.1,2.6,1.9,3.1,48.0,87.0,101.0,99.0,2.0,-3.6,-2.8,52.0,44.0,8.0,42.0,39.0,3.0,10.0,5.0,5.0,-3.9,22-23 Man. plastics and constructionprod,"Manufacture of rubber and plastic products and of constructionproducts 
This category is made up of the categories: 
22 Manufacture of rubber and plastic products 
23 Manufacture of other non-metallic mineral products",24,2013
589,323705 ,2014JJ00,2753.0,2121.0,632.0,2738.0,-2.0,-2.2,-1.7,59.3,45.7,58.9,32.7,25.2,32.5,2.1,1.9,2.3,1.2,1.0,1.5,46.0,84.0,98.0,95.0,2.0,-4.0,-3.2,50.0,42.0,8.0,40.0,37.0,3.0,10.0,5.0,5.0,-3.7,22-23 Man. plastics and constructionprod,"Manufacture of rubber and plastic products and of constructionproducts 
This category is made up of the categories: 
22 Manufacture of rubber and plastic products 
23 Manufacture of other non-metallic mineral products",24,2014
590,323705 ,2015JJ00,2777.0,2161.0,616.0,2766.0,0.9,1.9,1.1,59.3,46.1,59.0,32.9,25.6,32.8,0.0,1.0,0.2,0.8,1.8,1.0,47.0,84.0,98.0,96.0,2.0,0.9,0.1,51.0,43.0,8.0,40.0,37.0,3.0,10.0,5.0,5.0,0.8,22-23 Man. plastics and constructionprod,"Manufacture of rubber and plastic products and of constructionproducts 
This category is made up of the categories: 
22 Manufacture of rubber and plastic products 
23 Manufacture of other non-metallic mineral products",24,2015
591,323705 ,2016JJ00,2882.0,2232.0,650.0,2861.0,3.8,3.3,3.4,60.4,46.8,59.9,33.5,26.0,33.3,1.9,1.4,1.6,1.8,1.3,1.5,48.0,86.0,100.0,98.0,2.0,1.8,1.9,51.0,43.0,8.0,41.0,38.0,3.0,10.0,5.0,5.0,1.6,22-23 Man. plastics and constructionprod,"Manufacture of rubber and plastic products and of constructionproducts 
This category is made up of the categories: 
22 Manufacture of rubber and plastic products 
23 Manufacture of other non-metallic mineral products",24,2016
592,323705 ,2017JJ00,3011.0,2344.0,667.0,2988.0,4.5,5.0,4.5,61.1,47.6,60.7,34.2,26.6,33.9,1.2,1.7,1.2,1.9,2.4,1.9,49.0,88.0,103.0,101.0,2.0,3.3,2.6,53.0,45.0,9.0,40.0,37.0,3.0,13.0,7.0,6.0,3.8,22-23 Man. plastics and constructionprod,"Manufacture of rubber and plastic products and of constructionproducts 
This category is made up of the categories: 
22 Manufacture of rubber and plastic products 
23 Manufacture of other non-metallic mineral products",24,2017
593,323705 ,2018JJ00,3109.0,2402.0,707.0,3092.0,3.2,2.5,3.5,62.4,48.2,62.1,35.1,27.1,34.9,2.1,1.3,2.3,2.6,1.8,2.8,50.0,89.0,105.0,102.0,2.0,1.1,0.7,54.0,45.0,9.0,41.0,38.0,3.0,13.0,8.0,6.0,1.1,22-23 Man. plastics and constructionprod,"Manufacture of rubber and plastic products and of constructionproducts 
This category is made up of the categories: 
22 Manufacture of rubber and plastic products 
23 Manufacture of other non-metallic mineral products",24,2018
594,323705 ,2019JJ00,3231.0,2474.0,757.0,3212.0,3.9,3.0,3.9,63.9,48.9,63.6,35.9,27.5,35.7,2.5,1.5,2.4,2.3,1.4,2.2,51.0,90.0,106.0,104.0,2.0,1.4,1.6,55.0,46.0,9.0,41.0,38.0,3.0,13.0,8.0,6.0,1.3,22-23 Man. plastics and constructionprod,"Manufacture of rubber and plastic products and of constructionproducts 
This category is made up of the categories: 
22 Manufacture of rubber and plastic products 
23 Manufacture of other non-metallic mineral products",24,2019
595,323705 ,2020JJ00,3307.0,2534.0,773.0,3220.0,2.4,2.5,0.3,64.9,49.8,63.2,39.5,30.3,38.5,1.6,1.6,-0.5,10.1,10.2,7.8,51.0,84.0,107.0,105.0,2.0,0.8,-7.0,55.0,46.0,9.0,41.0,38.0,3.0,14.0,8.0,6.0,0.7,22-23 Man. plastics and constructionprod,"Manufacture of rubber and plastic products and of constructionproducts 
This category is made up of the categories: 
22 Manufacture of rubber and plastic products 
23 Manufacture of other non-metallic mineral products",24,2020
596,323705 ,2021JJ00,3415.0,2616.0,799.0,3353.0,3.3,3.2,4.1,67.0,51.3,65.8,39.0,29.9,38.3,3.1,3.1,4.0,-1.2,-1.2,-0.4,51.0,88.0,107.0,105.0,2.0,0.1,4.5,55.0,46.0,10.0,41.0,38.0,4.0,14.0,8.0,6.0,0.4,22-23 Man. plastics and constructionprod,"Manufacture of rubber and plastic products and of constructionproducts 
This category is made up of the categories: 
22 Manufacture of rubber and plastic products 
23 Manufacture of other non-metallic mineral products",24,2021
597,323705 ,2022JJ00,3553.0,2676.0,877.0,3523.0,4.0,2.3,5.0,68.2,51.4,67.6,39.1,29.5,38.8,1.8,0.2,2.8,0.2,-1.5,1.2,52.0,91.0,109.0,107.0,2.0,2.1,3.8,56.0,46.0,10.0,42.0,38.0,4.0,14.0,8.0,6.0,2.2,22-23 Man. plastics and constructionprod,"Manufacture of rubber and plastic products and of constructionproducts 
This category is made up of the categories: 
22 Manufacture of rubber and plastic products 
23 Manufacture of other non-metallic mineral products",24,2022
598,323705 ,2023JJ00,3706.0,2810.0,896.0,3679.0,4.3,5.0,4.5,72.0,54.6,71.5,41.5,31.5,41.2,5.6,6.2,5.7,6.1,6.8,6.2,51.0,89.0,107.0,105.0,2.0,-1.2,-1.7,56.0,46.0,10.0,41.0,37.0,4.0,15.0,8.0,6.0,-1.2,22-23 Man. plastics and constructionprod,"Manufacture of rubber and plastic products and of constructionproducts 
This category is made up of the categories: 
22 Manufacture of rubber and plastic products 
23 Manufacture of other non-metallic mineral products",24,2023
599,323705 ,2024JJ00,3825.0,2896.0,929.0,3801.0,3.2,3.0,3.3,76.3,57.7,75.8,43.8,33.2,43.5,6.0,5.8,6.1,5.6,5.4,5.7,50.0,87.0,105.0,103.0,1.0,-2.6,-2.3,54.0,44.0,10.0,39.0,36.0,4.0,15.0,9.0,6.0,-2.6,22-23 Man. plastics and constructionprod,"Manufacture of rubber and plastic products and of constructionproducts 
This category is made up of the categories: 
22 Manufacture of rubber and plastic products 
23 Manufacture of other non-metallic mineral products",24,2024
600,324600 ,1995JJ00,1063.0,876.0,187.0,1062.0,,,,37.4,30.8,37.3,20.6,17.0,20.6,,,,,,,28.0,52.0,,,,,,31.0,27.0,3.0,,,,,,,,23 Manufacture of building materials,Manufacture of other non-metallic mineral products,7,1995
601,324600 ,1996JJ00,1060.0,873.0,187.0,1058.0,-0.4,-0.4,-0.5,37.2,30.6,37.1,20.0,16.5,20.0,-0.6,-0.6,-0.6,-2.8,-2.8,-2.9,29.0,53.0,,,,0.2,2.5,31.0,28.0,3.0,,,,,,,0.5,23 Manufacture of building materials,Manufacture of other non-metallic mineral products,7,1996
602,324600 ,1997JJ00,1050.0,893.0,157.0,1045.0,-0.9,2.3,-1.2,36.4,30.9,36.2,19.9,16.9,19.8,-2.2,1.0,-2.4,-0.6,2.6,-0.9,29.0,53.0,,,,1.3,-0.3,31.0,28.0,3.0,,,,,,,1.2,23 Manufacture of building materials,Manufacture of other non-metallic mineral products,7,1997
603,324600 ,1998JJ00,1102.0,866.0,236.0,1097.0,5.1,-2.9,5.1,37.5,29.5,37.4,20.6,16.2,20.5,3.2,-4.6,3.2,3.6,-4.3,3.6,29.0,54.0,,,,1.8,1.4,32.0,28.0,3.0,,,,,,,1.3,23 Manufacture of building materials,Manufacture of other non-metallic mineral products,7,1998
604,324600 ,1999JJ00,1173.0,907.0,266.0,1167.0,6.3,4.7,6.3,39.5,30.6,39.3,21.7,16.8,21.6,5.4,3.7,5.3,5.5,3.8,5.4,30.0,54.0,,,,0.9,0.8,32.0,28.0,4.0,,,,,,,1.2,23 Manufacture of building materials,Manufacture of other non-metallic mineral products,7,1999
605,324600 ,2000JJ00,1262.0,966.0,296.0,1258.0,7.6,6.5,7.8,42.2,32.3,42.1,23.4,17.9,23.3,6.8,5.8,7.1,7.6,6.5,7.8,30.0,54.0,,,,0.7,0.0,32.0,29.0,4.0,,,,,,,1.6,23 Manufacture of building materials,Manufacture of other non-metallic mineral products,7,2000
606,324600 ,2001JJ00,1249.0,972.0,277.0,1245.0,-1.1,0.6,-1.1,41.1,32.0,41.0,23.2,18.1,23.1,-2.6,-0.9,-2.6,-0.8,0.9,-0.8,30.0,54.0,,,,1.5,-0.3,32.0,28.0,4.0,,,,,,,-0.4,23 Manufacture of building materials,Manufacture of other non-metallic mineral products,7,2001
607,324600 ,2002JJ00,1264.0,984.0,280.0,1259.0,1.3,1.3,1.2,43.2,33.7,43.1,24.3,18.9,24.2,5.1,5.1,5.0,4.7,4.7,4.6,29.0,52.0,,,,-3.6,-3.2,31.0,27.0,4.0,,,,,,,-3.6,23 Manufacture of building materials,Manufacture of other non-metallic mineral products,7,2002
608,324600 ,2003JJ00,1264.0,977.0,287.0,1259.0,0.0,-0.7,0.0,45.3,35.0,45.1,25.2,19.4,25.1,4.8,4.0,4.8,3.6,2.8,3.6,28.0,50.0,,,,-4.5,-3.4,30.0,26.0,3.0,,,,,,,-5.0,23 Manufacture of building materials,Manufacture of other non-metallic mineral products,7,2003
609,324600 ,2004JJ00,1251.0,961.0,290.0,1242.0,-1.1,-1.7,-1.4,47.3,36.3,46.9,26.0,20.0,25.8,4.4,3.8,4.0,3.4,2.8,3.1,26.0,48.0,,,,-5.3,-4.4,28.0,25.0,3.0,,,,,,,-4.6,23 Manufacture of building materials,Manufacture of other non-metallic mineral products,7,2004
610,324600 ,2005JJ00,1230.0,956.0,274.0,1225.0,-1.7,-0.5,-1.3,47.4,36.9,47.2,26.5,20.6,26.4,0.3,1.5,0.6,1.8,3.0,2.1,26.0,46.0,,,,-2.0,-3.4,28.0,24.0,3.0,,,,,,,-1.9,23 Manufacture of building materials,Manufacture of other non-metallic mineral products,7,2005
611,324600 ,2006JJ00,1252.0,983.0,269.0,1247.0,1.8,2.9,1.8,48.3,37.9,48.1,27.2,21.4,27.1,1.9,2.9,1.9,2.9,3.9,2.9,26.0,46.0,,,,0.0,-1.0,28.0,24.0,3.0,,,,,,,0.4,23 Manufacture of building materials,Manufacture of other non-metallic mineral products,7,2006
612,324600 ,2007JJ00,1285.0,1009.0,276.0,1279.0,2.7,2.6,2.6,50.0,39.3,49.8,27.9,21.9,27.8,3.5,3.5,3.5,2.6,2.5,2.5,26.0,46.0,,,,-0.9,0.0,28.0,24.0,3.0,,,,,,,-0.8,23 Manufacture of building materials,Manufacture of other non-metallic mineral products,7,2007
613,324600 ,2008JJ00,1330.0,1028.0,302.0,1322.0,3.4,1.9,3.3,52.0,40.2,51.7,28.9,22.3,28.7,3.9,2.4,3.8,3.3,1.7,3.1,26.0,46.0,,,,-0.5,0.2,28.0,24.0,3.0,,,,,,,-0.3,23 Manufacture of building materials,Manufacture of other non-metallic mineral products,7,2008
614,324600 ,2009JJ00,1297.0,1016.0,281.0,1286.0,-2.5,-1.2,-2.7,52.0,40.7,51.6,29.3,23.0,29.1,0.0,1.3,-0.2,1.5,2.8,1.3,25.0,44.0,,,,-2.5,-4.0,27.0,23.0,3.0,,,,,,,-3.0,23 Manufacture of building materials,Manufacture of other non-metallic mineral products,7,2009
615,324600 ,2010JJ00,1236.0,963.0,273.0,1218.0,-4.7,-5.2,-5.3,52.6,41.0,51.8,29.7,23.2,29.3,1.2,0.6,0.5,1.5,1.0,0.9,23.0,42.0,49.0,48.0,1.0,-5.8,-6.1,25.0,22.0,3.0,21.0,20.0,1.0,4.0,2.0,2.0,-6.1,23 Manufacture of building materials,Manufacture of other non-metallic mineral products,7,2010
616,324600 ,2011JJ00,1246.0,968.0,278.0,1236.0,0.8,0.6,1.5,54.3,42.2,53.9,30.1,23.4,29.9,3.3,3.0,4.0,1.2,0.9,1.9,23.0,41.0,48.0,46.0,1.0,-2.4,-0.3,25.0,22.0,3.0,20.0,19.0,1.0,4.0,2.0,2.0,-1.9,23 Manufacture of building materials,Manufacture of other non-metallic mineral products,7,2011
617,324600 ,2012JJ00,1269.0,973.0,296.0,1256.0,1.8,0.5,1.6,56.7,43.5,56.1,31.7,24.3,31.4,4.4,3.0,4.1,5.4,4.0,5.1,22.0,40.0,47.0,46.0,1.0,-2.5,-3.4,24.0,21.0,3.0,20.0,19.0,1.0,4.0,2.0,2.0,-2.8,23 Manufacture of building materials,Manufacture of other non-metallic mineral products,7,2012
618,324600 ,2013JJ00,1258.0,938.0,320.0,1254.0,-0.9,-3.6,-0.2,60.6,45.2,60.4,33.6,25.0,33.5,6.9,4.0,7.6,5.8,3.0,6.6,21.0,37.0,44.0,42.0,1.0,-7.3,-6.4,22.0,20.0,3.0,19.0,18.0,1.0,4.0,2.0,2.0,-7.3,23 Manufacture of building materials,Manufacture of other non-metallic mineral products,7,2013
619,324600 ,2014JJ00,1149.0,865.0,284.0,1147.0,-8.7,-7.8,-8.6,60.8,45.8,60.7,33.3,25.1,33.2,0.3,1.3,0.4,-0.8,0.2,-0.7,19.0,34.0,40.0,39.0,1.0,-9.0,-8.0,20.0,18.0,2.0,17.0,16.0,1.0,3.0,2.0,2.0,-8.8,23 Manufacture of building materials,Manufacture of other non-metallic mineral products,7,2014
620,324600 ,2015JJ00,1113.0,844.0,269.0,1113.0,-3.1,-2.5,-2.9,60.2,45.6,60.2,33.2,25.2,33.2,-1.0,-0.4,-0.9,-0.3,0.4,-0.1,18.0,34.0,39.0,38.0,1.0,-2.1,-2.8,20.0,17.0,2.0,16.0,16.0,1.0,3.0,2.0,2.0,-2.2,23 Manufacture of building materials,Manufacture of other non-metallic mineral products,7,2015
621,324600 ,2016JJ00,1130.0,858.0,272.0,1126.0,1.6,1.7,1.2,61.0,46.3,60.8,33.6,25.5,33.5,1.5,1.6,1.1,1.2,1.3,0.8,19.0,34.0,39.0,38.0,1.0,0.1,0.4,20.0,17.0,2.0,16.0,16.0,1.0,3.0,2.0,2.0,0.0,23 Manufacture of building materials,Manufacture of other non-metallic mineral products,7,2016
622,324600 ,2017JJ00,1170.0,905.0,265.0,1164.0,3.5,5.5,3.4,61.4,47.5,61.1,34.0,26.3,33.8,0.7,2.5,0.5,1.1,3.0,0.9,19.0,34.0,40.0,39.0,1.0,2.8,2.4,20.0,18.0,2.0,16.0,15.0,1.0,5.0,3.0,2.0,3.5,23 Manufacture of building materials,Manufacture of other non-metallic mineral products,7,2017
623,324600 ,2018JJ00,1256.0,966.0,290.0,1253.0,7.4,6.8,7.7,62.9,48.4,62.8,34.9,26.8,34.8,2.4,1.9,2.7,2.6,2.1,2.9,20.0,36.0,42.0,41.0,1.0,4.9,4.6,21.0,19.0,3.0,16.0,16.0,1.0,5.0,3.0,2.0,4.8,23 Manufacture of building materials,Manufacture of other non-metallic mineral products,7,2018
624,324600 ,2019JJ00,1303.0,989.0,314.0,1298.0,3.7,2.4,3.6,64.7,49.1,64.5,35.7,27.1,35.6,2.9,1.5,2.7,2.4,1.1,2.3,20.0,36.0,43.0,41.0,1.0,0.9,1.3,22.0,19.0,3.0,17.0,16.0,1.0,5.0,3.0,2.0,0.9,23 Manufacture of building materials,Manufacture of other non-metallic mineral products,7,2019
625,324600 ,2020JJ00,1339.0,1015.0,324.0,1319.0,2.7,2.6,1.6,65.9,49.9,64.9,37.0,28.0,36.4,1.8,1.7,0.7,3.5,3.5,2.4,20.0,36.0,43.0,42.0,1.0,0.9,-0.8,22.0,19.0,3.0,17.0,16.0,1.0,5.0,3.0,2.0,0.9,23 Manufacture of building materials,Manufacture of other non-metallic mineral products,7,2020
626,324600 ,2021JJ00,1401.0,1061.0,340.0,1381.0,4.6,4.5,4.7,68.5,51.9,67.5,38.0,28.8,37.4,4.0,3.8,4.0,2.7,2.6,2.8,20.0,37.0,43.0,42.0,1.0,0.7,1.8,22.0,19.0,3.0,17.0,16.0,1.0,5.0,3.0,2.0,0.7,23 Manufacture of building materials,Manufacture of other non-metallic mineral products,7,2021
627,324600 ,2022JJ00,1463.0,1093.0,370.0,1456.0,4.4,3.0,5.4,70.8,52.9,70.5,39.9,29.8,39.7,3.4,2.1,4.4,5.0,3.6,6.0,21.0,37.0,43.0,42.0,1.0,1.0,-0.5,22.0,19.0,3.0,17.0,16.0,1.0,5.0,3.0,2.0,1.2,23 Manufacture of building materials,Manufacture of other non-metallic mineral products,7,2022
628,324600 ,2023JJ00,1511.0,1135.0,376.0,1506.0,3.3,3.8,3.5,74.3,55.8,74.1,42.3,31.8,42.2,5.0,5.5,5.1,6.2,6.7,6.3,20.0,36.0,42.0,42.0,1.0,-1.6,-2.7,22.0,19.0,3.0,17.0,16.0,1.0,5.0,3.0,2.0,-1.5,23 Manufacture of building materials,Manufacture of other non-metallic mineral products,7,2023
629,324600 ,2024JJ00,1543.0,1159.0,384.0,1538.0,2.1,2.0,2.1,78.6,59.0,78.3,44.5,33.4,44.4,5.7,5.6,5.7,5.1,5.0,5.1,20.0,35.0,41.0,41.0,1.0,-3.4,-2.9,21.0,18.0,3.0,16.0,15.0,1.0,5.0,3.0,2.0,-3.4,23 Manufacture of building materials,Manufacture of other non-metallic mineral products,7,2024
630,328100 ,1995JJ00,950.0,812.0,138.0,950.0,,,,36.0,30.8,36.0,20.5,17.5,20.5,,,,,,,26.0,46.0,,,,,,27.0,25.0,2.0,,,,,,,,24 Manufacture of basic metals,Manufacture of basic metals,7,1995
631,328100 ,1996JJ00,932.0,794.0,138.0,929.0,-1.8,-2.2,-2.2,36.3,30.9,36.2,20.5,17.5,20.4,0.8,0.4,0.5,0.1,-0.2,-0.2,26.0,45.0,,,,-2.6,-2.0,26.0,24.0,2.0,,,,,,,-2.7,24 Manufacture of basic metals,Manufacture of basic metals,7,1996
632,328100 ,1997JJ00,972.0,838.0,134.0,968.0,4.3,5.5,4.2,37.5,32.4,37.4,21.3,18.4,21.2,3.5,4.7,3.4,3.9,5.2,3.8,26.0,46.0,,,,0.8,0.4,26.0,24.0,2.0,,,,,,,0.8,24 Manufacture of basic metals,Manufacture of basic metals,7,1997
633,328100 ,1998JJ00,997.0,810.0,187.0,993.0,2.6,-3.3,2.6,38.4,31.2,38.2,21.7,17.6,21.6,2.3,-3.6,2.3,1.8,-4.0,1.8,26.0,46.0,,,,0.3,0.7,26.0,24.0,2.0,,,,,,,0.8,24 Manufacture of basic metals,Manufacture of basic metals,7,1998
634,328100 ,1999JJ00,1007.0,809.0,198.0,1003.0,1.0,-0.1,1.0,39.4,31.7,39.3,22.2,17.9,22.2,2.8,1.6,2.8,2.5,1.4,2.5,26.0,45.0,,,,-1.7,-1.5,26.0,24.0,2.0,,,,,,,-0.9,24 Manufacture of basic metals,Manufacture of basic metals,7,1999
635,328100 ,2000JJ00,1098.0,860.0,238.0,1095.0,8.9,6.2,9.0,43.9,34.4,43.8,24.8,19.5,24.8,11.4,8.6,11.6,11.7,8.9,11.8,25.0,44.0,,,,-2.3,-2.5,26.0,24.0,2.0,,,,,,,-1.5,24 Manufacture of basic metals,Manufacture of basic metals,7,2000
636,328100 ,2001JJ00,1099.0,894.0,205.0,1096.0,0.2,4.0,0.2,45.1,36.7,45.0,25.7,20.9,25.6,2.7,6.6,2.7,3.5,7.4,3.5,24.0,43.0,,,,-2.5,-3.2,25.0,23.0,2.0,,,,,,,-2.7,24 Manufacture of basic metals,Manufacture of basic metals,7,2001
637,328100 ,2002JJ00,1093.0,881.0,212.0,1089.0,-0.5,-1.4,-0.6,46.9,37.8,46.7,26.7,21.5,26.6,3.9,2.9,3.8,4.0,3.0,3.9,23.0,41.0,,,,-4.2,-4.3,24.0,22.0,2.0,,,,,,,-3.4,24 Manufacture of basic metals,Manufacture of basic metals,7,2002
638,328100 ,2003JJ00,1072.0,859.0,213.0,1068.0,-2.0,-2.5,-2.0,49.0,39.2,48.8,27.4,22.0,27.3,4.5,3.9,4.4,2.6,2.1,2.6,22.0,39.0,,,,-6.2,-4.5,23.0,21.0,2.0,,,,,,,-6.6,24 Manufacture of basic metals,Manufacture of basic metals,7,2003
639,328100 ,2004JJ00,1106.0,883.0,223.0,1101.0,3.2,2.8,3.1,51.3,41.0,51.1,28.4,22.7,28.2,4.7,4.4,4.7,3.5,3.2,3.4,22.0,39.0,,,,-1.5,-0.3,22.0,20.0,2.0,,,,,,,-1.7,24 Manufacture of basic metals,Manufacture of basic metals,7,2004
640,328100 ,2005JJ00,1145.0,927.0,218.0,1142.0,3.5,4.9,3.7,53.5,43.3,53.4,29.9,24.2,29.9,4.3,5.7,4.5,5.5,6.8,5.7,21.0,38.0,,,,-0.8,-1.8,22.0,20.0,2.0,,,,,,,-0.8,24 Manufacture of basic metals,Manufacture of basic metals,7,2005
641,328100 ,2006JJ00,1156.0,936.0,220.0,1152.0,1.0,1.1,0.9,55.0,44.5,54.8,30.9,25.0,30.8,2.8,2.9,2.7,3.3,3.4,3.2,21.0,37.0,,,,-1.8,-2.3,22.0,20.0,2.0,,,,,,,-1.5,24 Manufacture of basic metals,Manufacture of basic metals,7,2006
642,328100 ,2007JJ00,1272.0,1030.0,242.0,1267.0,10.0,10.0,10.0,60.2,48.7,60.0,33.7,27.3,33.5,9.5,9.5,9.4,8.9,8.9,8.8,21.0,38.0,,,,0.5,1.0,22.0,20.0,2.0,,,,,,,0.8,24 Manufacture of basic metals,Manufacture of basic metals,7,2007
643,328100 ,2008JJ00,1343.0,1073.0,270.0,1337.0,5.5,4.1,5.4,62.1,49.6,61.8,35.3,28.2,35.1,3.1,1.8,3.1,4.8,3.4,4.7,22.0,38.0,,,,2.3,0.7,22.0,20.0,2.0,,,,,,,3.1,24 Manufacture of basic metals,Manufacture of basic metals,7,2008
644,328100 ,2009JJ00,1203.0,971.0,232.0,1027.0,-10.3,-9.5,-23.1,57.8,46.7,49.4,44.2,35.6,37.7,-6.8,-6.0,-20.1,25.1,26.3,7.3,21.0,27.0,,,,-3.7,-28.3,22.0,20.0,2.0,,,,,,,-4.3,24 Manufacture of basic metals,Manufacture of basic metals,7,2009
645,328100 ,2010JJ00,1172.0,938.0,234.0,1116.0,-2.6,-3.4,8.6,58.4,46.7,55.6,35.8,28.6,34.1,0.9,0.1,12.6,-19.0,-19.7,-9.6,20.0,33.0,42.0,41.0,1.0,-3.5,20.2,21.0,19.0,2.0,19.0,18.0,1.0,2.0,1.0,1.0,-3.3,24 Manufacture of basic metals,Manufacture of basic metals,7,2010
646,328100 ,2011JJ00,1228.0,979.0,249.0,1217.0,4.8,4.4,9.1,61.0,48.6,60.5,33.9,27.1,33.6,4.5,4.2,8.8,-5.1,-5.5,-1.3,20.0,36.0,42.0,41.0,1.0,0.2,10.5,21.0,19.0,2.0,19.0,18.0,1.0,2.0,1.0,1.0,0.3,24 Manufacture of basic metals,Manufacture of basic metals,7,2011
647,328100 ,2012JJ00,1206.0,945.0,261.0,1197.0,-1.8,-3.4,-1.6,62.3,48.8,61.8,34.8,27.3,34.5,2.1,0.4,2.2,2.5,0.8,2.7,19.0,35.0,41.0,40.0,1.0,-3.7,-4.2,20.0,18.0,2.0,18.0,17.0,1.0,2.0,1.0,1.0,-3.9,24 Manufacture of basic metals,Manufacture of basic metals,7,2012
648,328100 ,2013JJ00,1199.0,950.0,249.0,1194.0,-0.6,0.5,-0.3,63.0,50.0,62.8,34.9,27.7,34.8,1.3,2.4,1.6,0.3,1.4,0.6,19.0,34.0,40.0,39.0,1.0,-1.9,-0.9,20.0,18.0,2.0,18.0,17.0,1.0,2.0,1.0,1.0,-2.0,24 Manufacture of basic metals,Manufacture of basic metals,7,2013
649,328100 ,2014JJ00,1223.0,960.0,263.0,1218.0,2.1,1.1,2.1,65.7,51.6,65.5,36.4,28.6,36.2,4.3,3.2,4.3,4.3,3.2,4.3,19.0,34.0,39.0,38.0,1.0,-2.1,-2.1,19.0,18.0,2.0,17.0,17.0,1.0,2.0,1.0,1.0,-1.8,24 Manufacture of basic metals,Manufacture of basic metals,7,2014
650,328100 ,2015JJ00,1265.0,1003.0,262.0,1259.0,3.4,4.5,3.3,67.7,53.7,67.4,38.0,30.2,37.9,3.0,4.1,2.9,4.5,5.6,4.4,19.0,33.0,39.0,39.0,1.0,0.4,-1.1,19.0,18.0,2.0,17.0,17.0,1.0,2.0,1.0,1.0,0.3,24 Manufacture of basic metals,Manufacture of basic metals,7,2015
651,328100 ,2016JJ00,1271.0,998.0,273.0,1264.0,0.5,-0.5,0.5,67.7,53.2,67.4,37.8,29.7,37.6,0.0,-1.0,0.0,-0.5,-1.5,-0.6,19.0,34.0,39.0,39.0,1.0,0.5,1.1,19.0,18.0,2.0,17.0,17.0,1.0,2.0,1.0,1.0,0.6,24 Manufacture of basic metals,Manufacture of basic metals,7,2016
652,328100 ,2017JJ00,1375.0,1087.0,288.0,1367.0,8.1,8.8,8.1,71.0,56.2,70.6,39.7,31.3,39.4,4.9,5.6,4.9,4.8,5.5,4.8,19.0,35.0,41.0,40.0,1.0,3.1,3.1,20.0,18.0,2.0,18.0,17.0,1.0,2.0,1.0,1.0,2.8,24 Manufacture of basic metals,Manufacture of basic metals,7,2017
653,328100 ,2018JJ00,1467.0,1144.0,323.0,1464.0,6.7,5.3,7.1,70.7,55.2,70.6,39.4,30.8,39.4,-0.5,-1.8,-0.1,-0.5,-1.9,-0.2,21.0,37.0,44.0,43.0,1.0,7.2,7.3,21.0,19.0,2.0,19.0,18.0,1.0,2.0,1.0,1.0,7.2,24 Manufacture of basic metals,Manufacture of basic metals,7,2018
654,328100 ,2019JJ00,1563.0,1219.0,344.0,1558.0,6.6,6.5,6.5,74.1,57.7,73.8,41.3,32.2,41.2,4.7,4.7,4.6,4.9,4.8,4.7,21.0,38.0,44.0,44.0,1.0,1.8,1.6,22.0,20.0,2.0,19.0,18.0,1.0,3.0,2.0,1.0,1.8,24 Manufacture of basic metals,Manufacture of basic metals,7,2019
655,328100 ,2020JJ00,1527.0,1172.0,355.0,1452.0,-2.3,-3.9,-6.8,74.7,57.4,71.1,42.8,32.8,40.7,0.9,-0.7,-3.7,3.4,1.8,-1.4,20.0,36.0,43.0,42.0,0.0,-3.2,-5.5,21.0,19.0,2.0,18.0,17.0,1.0,3.0,2.0,1.0,-3.2,24 Manufacture of basic metals,Manufacture of basic metals,7,2020
656,328100 ,2021JJ00,1519.0,1168.0,351.0,1507.0,-0.5,-0.3,3.8,78.8,60.5,78.1,44.6,34.3,44.3,5.4,5.5,9.9,4.4,4.5,8.9,19.0,34.0,40.0,40.0,0.0,-5.6,-4.7,20.0,18.0,2.0,17.0,16.0,1.0,3.0,2.0,1.0,-5.6,24 Manufacture of basic metals,Manufacture of basic metals,7,2021
657,328100 ,2022JJ00,1648.0,1258.0,390.0,1643.0,8.5,7.7,9.0,84.1,64.2,83.8,48.2,36.8,48.1,6.7,6.0,7.3,8.0,7.3,8.6,20.0,34.0,41.0,41.0,0.0,1.6,0.4,20.0,18.0,2.0,18.0,17.0,1.0,3.0,2.0,1.0,1.6,24 Manufacture of basic metals,Manufacture of basic metals,7,2022
658,328100 ,2023JJ00,1695.0,1294.0,401.0,1693.0,2.9,2.8,3.1,85.5,65.3,85.4,49.3,37.6,49.3,1.7,1.7,1.9,2.3,2.3,2.5,20.0,34.0,41.0,41.0,0.0,1.1,0.5,20.0,18.0,2.0,18.0,17.0,1.0,3.0,2.0,1.0,1.0,24 Manufacture of basic metals,Manufacture of basic metals,7,2023
659,328100 ,2024JJ00,1688.0,1275.0,413.0,1681.0,-0.5,-1.5,-0.8,87.2,66.0,86.9,50.1,37.9,49.9,2.0,1.0,1.7,1.5,0.6,1.2,19.0,34.0,40.0,40.0,0.0,-2.5,-2.0,20.0,18.0,2.0,17.0,16.0,1.0,2.0,2.0,1.0,-2.6,24 Manufacture of basic metals,Manufacture of basic metals,7,2024
660,328105 ,1995JJ00,3604.0,3144.0,460.0,3597.0,,,,32.2,28.1,32.1,17.9,15.6,17.8,,,,,,,112.0,202.0,,,,,,118.0,108.0,10.0,,,,,,,,24-25 Man. of basic metals and -products,"Manufacture of basic metals and fabricated metal products 
This category is made up of the categories: 
24 Manufacture of basic metals 
25 Manufacture of fabricated metal products, except machinery and equipment",24,1995
661,328105 ,1996JJ00,3673.0,3204.0,469.0,3647.0,1.9,1.9,1.4,32.2,28.1,32.0,17.9,15.6,17.7,0.1,0.1,-0.4,-0.2,-0.2,-0.7,114.0,206.0,,,,1.8,2.1,120.0,109.0,10.0,,,,,,,1.5,24-25 Man. of basic metals and -products,"Manufacture of basic metals and fabricated metal products 
This category is made up of the categories: 
24 Manufacture of basic metals 
25 Manufacture of fabricated metal products, except machinery and equipment",24,1996
662,328105 ,1997JJ00,3869.0,3349.0,520.0,3831.0,5.4,4.5,5.1,33.7,29.2,33.4,18.9,16.4,18.7,4.7,3.9,4.4,5.9,5.1,5.7,115.0,205.0,,,,0.6,-0.6,121.0,110.0,11.0,,,,,,,0.8,24-25 Man. of basic metals and -products,"Manufacture of basic metals and fabricated metal products 
This category is made up of the categories: 
24 Manufacture of basic metals 
25 Manufacture of fabricated metal products, except machinery and equipment",24,1997
663,328105 ,1998JJ00,3964.0,3283.0,681.0,3910.0,2.5,-2.0,2.1,34.5,28.6,34.1,19.3,16.0,19.0,2.4,-2.0,2.0,2.0,-2.4,1.6,115.0,205.0,,,,0.1,0.4,121.0,110.0,11.0,,,,,,,0.6,24-25 Man. of basic metals and -products,"Manufacture of basic metals and fabricated metal products 
This category is made up of the categories: 
24 Manufacture of basic metals 
25 Manufacture of fabricated metal products, except machinery and equipment",24,1998
664,328105 ,1999JJ00,4135.0,3410.0,725.0,4081.0,4.3,3.9,4.4,35.8,29.6,35.4,20.0,16.5,19.7,3.8,3.3,3.8,3.4,3.0,3.5,115.0,207.0,,,,0.5,0.8,124.0,112.0,12.0,,,,,,,2.0,24-25 Man. of basic metals and -products,"Manufacture of basic metals and fabricated metal products 
This category is made up of the categories: 
24 Manufacture of basic metals 
25 Manufacture of fabricated metal products, except machinery and equipment",24,1999
665,328105 ,2000JJ00,4559.0,3613.0,946.0,4504.0,10.2,5.9,10.3,39.4,31.2,38.9,22.1,17.5,21.8,10.0,5.7,10.1,10.6,6.3,10.7,116.0,207.0,,,,0.2,-0.3,125.0,112.0,13.0,,,,,,,1.1,24-25 Man. of basic metals and -products,"Manufacture of basic metals and fabricated metal products 
This category is made up of the categories: 
24 Manufacture of basic metals 
25 Manufacture of fabricated metal products, except machinery and equipment",24,2000
666,328105 ,2001JJ00,4587.0,3723.0,864.0,4529.0,0.6,3.0,0.6,39.5,32.1,39.0,22.1,18.0,21.8,0.2,2.6,0.1,0.2,2.7,0.2,116.0,207.0,,,,0.4,0.4,125.0,111.0,14.0,,,,,,,0.2,24-25 Man. of basic metals and -products,"Manufacture of basic metals and fabricated metal products 
This category is made up of the categories: 
24 Manufacture of basic metals 
25 Manufacture of fabricated metal products, except machinery and equipment",24,2001
667,328105 ,2002JJ00,4699.0,3792.0,907.0,4637.0,2.4,1.9,2.4,41.1,33.1,40.5,22.9,18.5,22.6,4.0,3.4,3.9,3.4,2.8,3.4,114.0,205.0,,,,-1.5,-1.0,123.0,110.0,13.0,,,,,,,-1.6,24-25 Man. of basic metals and -products,"Manufacture of basic metals and fabricated metal products 
This category is made up of the categories: 
24 Manufacture of basic metals 
25 Manufacture of fabricated metal products, except machinery and equipment",24,2002
668,328105 ,2003JJ00,4647.0,3752.0,895.0,4595.0,-1.1,-1.0,-0.9,42.2,34.1,41.7,23.4,18.9,23.1,2.8,2.9,3.0,2.2,2.2,2.4,110.0,199.0,,,,-3.8,-3.2,119.0,106.0,13.0,,,,,,,-3.8,24-25 Man. of basic metals and -products,"Manufacture of basic metals and fabricated metal products 
This category is made up of the categories: 
24 Manufacture of basic metals 
25 Manufacture of fabricated metal products, except machinery and equipment",24,2003
669,328105 ,2004JJ00,4653.0,3736.0,917.0,4597.0,0.1,-0.4,0.0,43.8,35.2,43.3,24.1,19.3,23.8,3.7,3.2,3.7,2.9,2.3,2.8,106.0,193.0,,,,-3.5,-2.7,115.0,102.0,13.0,,,,,,,-3.4,24-25 Man. of basic metals and -products,"Manufacture of basic metals and fabricated metal products 
This category is made up of the categories: 
24 Manufacture of basic metals 
25 Manufacture of fabricated metal products, except machinery and equipment",24,2004
670,328105 ,2005JJ00,4660.0,3778.0,882.0,4615.0,0.1,1.1,0.4,44.6,36.2,44.2,24.8,20.1,24.5,1.9,2.9,2.2,2.9,3.9,3.2,104.0,188.0,,,,-1.8,-2.7,113.0,101.0,12.0,,,,,,,-1.5,24-25 Man. of basic metals and -products,"Manufacture of basic metals and fabricated metal products 
This category is made up of the categories: 
24 Manufacture of basic metals 
25 Manufacture of fabricated metal products, except machinery and equipment",24,2005
671,328105 ,2006JJ00,4760.0,3865.0,895.0,4719.0,2.1,2.3,2.2,45.9,37.3,45.5,25.6,20.8,25.4,2.9,3.1,3.0,3.4,3.5,3.5,104.0,186.0,,,,-0.8,-1.2,112.0,100.0,13.0,,,,,,,-0.6,24-25 Man. of basic metals and -products,"Manufacture of basic metals and fabricated metal products 
This category is made up of the categories: 
24 Manufacture of basic metals 
25 Manufacture of fabricated metal products, except machinery and equipment",24,2006
672,328105 ,2007JJ00,5074.0,4119.0,955.0,5028.0,6.6,6.6,6.5,48.0,39.0,47.6,26.6,21.6,26.4,4.6,4.5,4.5,4.1,4.1,4.1,106.0,190.0,,,,1.9,2.4,115.0,102.0,13.0,,,,,,,2.5,24-25 Man. of basic metals and -products,"Manufacture of basic metals and fabricated metal products 
This category is made up of the categories: 
24 Manufacture of basic metals 
25 Manufacture of fabricated metal products, except machinery and equipment",24,2007
673,328105 ,2008JJ00,5422.0,4359.0,1063.0,5372.0,6.8,5.8,6.8,50.5,40.6,50.0,28.2,22.7,27.9,5.1,4.1,5.1,5.7,4.7,5.7,107.0,192.0,,,,1.6,1.1,117.0,104.0,13.0,,,,,,,1.9,24-25 Man. of basic metals and -products,"Manufacture of basic metals and fabricated metal products 
This category is made up of the categories: 
24 Manufacture of basic metals 
25 Manufacture of fabricated metal products, except machinery and equipment",24,2008
674,328105 ,2009JJ00,5102.0,4083.0,1019.0,4850.0,-5.9,-6.3,-9.7,51.1,40.9,48.6,30.7,24.5,29.2,1.1,0.7,-3.0,8.9,8.3,4.4,100.0,166.0,,,,-6.9,-13.5,109.0,96.0,12.0,,,,,,,-7.3,24-25 Man. of basic metals and -products,"Manufacture of basic metals and fabricated metal products 
This category is made up of the categories: 
24 Manufacture of basic metals 
25 Manufacture of fabricated metal products, except machinery and equipment",24,2009
675,328105 ,2010JJ00,5014.0,4006.0,1008.0,4893.0,-1.7,-1.9,0.9,51.7,41.3,50.4,29.4,23.5,28.7,1.2,1.0,3.9,-4.2,-4.3,-1.6,97.0,171.0,202.0,198.0,4.0,-2.9,2.5,105.0,93.0,12.0,87.0,84.0,4.0,18.0,10.0,8.0,-3.1,24-25 Man. of basic metals and -products,"Manufacture of basic metals and fabricated metal products 
This category is made up of the categories: 
24 Manufacture of basic metals 
25 Manufacture of fabricated metal products, except machinery and equipment",24,2010
676,328105 ,2011JJ00,5167.0,4113.0,1054.0,5099.0,3.1,2.7,4.2,53.5,42.6,52.8,29.4,23.4,29.0,3.5,3.1,4.6,0.1,-0.2,1.3,97.0,176.0,202.0,197.0,5.0,-0.4,2.9,105.0,94.0,12.0,86.0,82.0,4.0,20.0,12.0,8.0,0.2,24-25 Man. of basic metals and -products,"Manufacture of basic metals and fabricated metal products 
This category is made up of the categories: 
24 Manufacture of basic metals 
25 Manufacture of fabricated metal products, except machinery and equipment",24,2011
677,328105 ,2012JJ00,5214.0,4115.0,1099.0,5154.0,0.9,0.1,1.1,54.9,43.3,54.2,30.4,24.0,30.1,2.6,1.7,2.8,3.3,2.5,3.5,95.0,171.0,199.0,194.0,5.0,-1.6,-2.3,104.0,92.0,12.0,83.0,80.0,4.0,20.0,12.0,8.0,-1.6,24-25 Man. of basic metals and -products,"Manufacture of basic metals and fabricated metal products 
This category is made up of the categories: 
24 Manufacture of basic metals 
25 Manufacture of fabricated metal products, except machinery and equipment",24,2012
678,328105 ,2013JJ00,5160.0,4096.0,1064.0,5110.0,-1.1,-0.5,-0.9,55.2,43.8,54.7,30.3,24.1,30.0,0.6,1.2,0.8,-0.4,0.2,-0.2,93.0,170.0,197.0,192.0,5.0,-1.6,-0.7,102.0,90.0,11.0,83.0,80.0,4.0,18.0,10.0,8.0,-2.0,24-25 Man. of basic metals and -products,"Manufacture of basic metals and fabricated metal products 
This category is made up of the categories: 
24 Manufacture of basic metals 
25 Manufacture of fabricated metal products, except machinery and equipment",24,2013
679,328105 ,2014JJ00,5284.0,4117.0,1167.0,5247.0,2.4,0.5,2.7,57.1,44.5,56.7,31.0,24.2,30.8,3.4,1.5,3.7,2.5,0.6,2.8,93.0,170.0,195.0,190.0,5.0,-0.9,-0.1,101.0,90.0,11.0,81.0,78.0,3.0,20.0,12.0,8.0,-0.4,24-25 Man. of basic metals and -products,"Manufacture of basic metals and fabricated metal products 
This category is made up of the categories: 
24 Manufacture of basic metals 
25 Manufacture of fabricated metal products, except machinery and equipment",24,2014
680,328105 ,2015JJ00,5384.0,4238.0,1146.0,5348.0,1.9,2.9,1.9,57.1,44.9,56.7,31.5,24.8,31.3,0.0,1.0,0.0,1.4,2.4,1.4,94.0,171.0,198.0,193.0,5.0,1.9,0.5,102.0,91.0,12.0,83.0,79.0,3.0,20.0,12.0,8.0,1.3,24-25 Man. of basic metals and -products,"Manufacture of basic metals and fabricated metal products 
This category is made up of the categories: 
24 Manufacture of basic metals 
25 Manufacture of fabricated metal products, except machinery and equipment",24,2015
681,328105 ,2016JJ00,5545.0,4336.0,1209.0,5497.0,3.0,2.3,2.8,58.3,45.6,57.8,32.2,25.2,31.9,2.1,1.5,1.9,2.4,1.7,2.1,95.0,172.0,199.0,194.0,5.0,0.8,0.6,103.0,92.0,12.0,84.0,80.0,4.0,20.0,11.0,8.0,0.9,24-25 Man. of basic metals and -products,"Manufacture of basic metals and fabricated metal products 
This category is made up of the categories: 
24 Manufacture of basic metals 
25 Manufacture of fabricated metal products, except machinery and equipment",24,2016
682,328105 ,2017JJ00,5683.0,4453.0,1230.0,5637.0,2.4,2.6,2.5,59.1,46.3,58.6,33.0,25.8,32.7,1.4,1.6,1.4,2.3,2.5,2.4,96.0,172.0,201.0,196.0,5.0,1.1,0.1,104.0,92.0,12.0,85.0,82.0,4.0,19.0,11.0,8.0,0.9,24-25 Man. of basic metals and -products,"Manufacture of basic metals and fabricated metal products 
This category is made up of the categories: 
24 Manufacture of basic metals 
25 Manufacture of fabricated metal products, except machinery and equipment",24,2017
683,328105 ,2018JJ00,5971.0,4639.0,1332.0,5937.0,5.1,4.2,5.3,60.1,46.7,59.8,33.7,26.1,33.5,1.7,0.8,1.9,2.0,1.2,2.3,99.0,177.0,208.0,203.0,5.0,3.3,3.0,108.0,95.0,13.0,88.0,84.0,4.0,20.0,12.0,9.0,3.5,24-25 Man. of basic metals and -products,"Manufacture of basic metals and fabricated metal products 
This category is made up of the categories: 
24 Manufacture of basic metals 
25 Manufacture of fabricated metal products, except machinery and equipment",24,2018
684,328105 ,2019JJ00,6252.0,4832.0,1420.0,6215.0,4.7,4.2,4.7,61.9,47.8,61.5,34.7,26.8,34.5,2.9,2.4,2.9,3.0,2.4,3.0,101.0,180.0,211.0,207.0,5.0,1.7,1.7,110.0,97.0,13.0,89.0,84.0,4.0,21.0,12.0,9.0,1.8,24-25 Man. of basic metals and -products,"Manufacture of basic metals and fabricated metal products 
This category is made up of the categories: 
24 Manufacture of basic metals 
25 Manufacture of fabricated metal products, except machinery and equipment",24,2019
685,328105 ,2020JJ00,6392.0,4891.0,1501.0,6084.0,2.2,1.2,-2.1,63.6,48.7,60.5,36.4,27.8,34.6,2.8,1.8,-1.6,4.9,3.9,0.4,101.0,176.0,210.0,206.0,4.0,-0.5,-2.5,109.0,96.0,13.0,87.0,83.0,4.0,22.0,13.0,9.0,-0.6,24-25 Man. of basic metals and -products,"Manufacture of basic metals and fabricated metal products 
This category is made up of the categories: 
24 Manufacture of basic metals 
25 Manufacture of fabricated metal products, except machinery and equipment",24,2020
686,328105 ,2021JJ00,6521.0,4991.0,1530.0,6381.0,2.0,2.0,4.9,65.5,50.2,64.1,37.1,28.4,36.3,3.1,3.1,5.9,2.1,2.2,5.0,100.0,176.0,207.0,203.0,4.0,-1.0,-0.1,108.0,95.0,13.0,86.0,81.0,4.0,23.0,14.0,9.0,-0.8,24-25 Man. of basic metals and -products,"Manufacture of basic metals and fabricated metal products 
This category is made up of the categories: 
24 Manufacture of basic metals 
25 Manufacture of fabricated metal products, except machinery and equipment",24,2021
687,328105 ,2022JJ00,6842.0,5211.0,1631.0,6783.0,4.9,4.4,6.3,68.3,52.0,67.7,39.2,29.8,38.8,4.2,3.7,5.6,5.5,5.0,6.9,100.0,175.0,208.0,204.0,4.0,0.7,-0.6,109.0,95.0,14.0,85.0,81.0,5.0,24.0,15.0,9.0,0.8,24-25 Man. of basic metals and -products,"Manufacture of basic metals and fabricated metal products 
This category is made up of the categories: 
24 Manufacture of basic metals 
25 Manufacture of fabricated metal products, except machinery and equipment",24,2022
688,328105 ,2023JJ00,7146.0,5457.0,1689.0,7100.0,4.5,4.7,4.7,71.3,54.4,70.8,41.1,31.4,40.9,4.4,4.7,4.6,4.9,5.2,5.2,100.0,174.0,207.0,204.0,4.0,0.1,-0.5,109.0,95.0,14.0,85.0,80.0,5.0,25.0,15.0,10.0,0.1,24-25 Man. of basic metals and -products,"Manufacture of basic metals and fabricated metal products 
This category is made up of the categories: 
24 Manufacture of basic metals 
25 Manufacture of fabricated metal products, except machinery and equipment",24,2023
689,328105 ,2024JJ00,7338.0,5590.0,1748.0,7291.0,2.7,2.5,2.7,74.1,56.4,73.6,42.6,32.4,42.3,3.9,3.7,3.9,3.5,3.3,3.5,99.0,172.0,206.0,203.0,3.0,-1.2,-0.8,108.0,94.0,14.0,81.0,77.0,5.0,27.0,17.0,10.0,-1.1,24-25 Man. of basic metals and -products,"Manufacture of basic metals and fabricated metal products 
This category is made up of the categories: 
24 Manufacture of basic metals 
25 Manufacture of fabricated metal products, except machinery and equipment",24,2024
690,330300 ,1995JJ00,2654.0,2332.0,322.0,2647.0,,,,31.0,27.2,30.9,17.1,15.0,17.1,,,,,,,86.0,155.0,,,,,,91.0,83.0,8.0,,,,,,,,25 Manufacture of metal products,"Manufacture of fabricated metal products, except machinery and equipment",7,1995
691,330300 ,1996JJ00,2741.0,2410.0,331.0,2718.0,3.2,3.3,2.6,31.0,27.3,30.8,17.1,15.0,17.0,0.1,0.2,-0.5,-0.1,0.0,-0.6,88.0,160.0,,,,3.1,3.3,94.0,85.0,9.0,,,,,,,2.7,25 Manufacture of metal products,"Manufacture of fabricated metal products, except machinery and equipment",7,1996
692,330300 ,1997JJ00,2897.0,2511.0,386.0,2863.0,5.7,4.2,5.4,32.6,28.3,32.2,18.2,15.8,18.0,5.2,3.7,4.8,6.6,5.1,6.2,89.0,159.0,,,,0.5,-0.8,95.0,86.0,9.0,,,,,,,0.8,25 Manufacture of metal products,"Manufacture of fabricated metal products, except machinery and equipment",7,1997
693,330300 ,1998JJ00,2967.0,2473.0,494.0,2917.0,2.4,-1.5,1.9,33.4,27.9,32.9,18.6,15.5,18.3,2.4,-1.5,1.9,2.1,-1.8,1.5,89.0,160.0,,,,0.0,0.3,95.0,86.0,9.0,,,,,,,0.6,25 Manufacture of metal products,"Manufacture of fabricated metal products, except machinery and equipment",7,1998
694,330300 ,1999JJ00,3128.0,2601.0,527.0,3078.0,5.4,5.1,5.5,34.8,29.0,34.3,19.3,16.1,19.0,4.2,4.0,4.3,3.8,3.6,3.9,90.0,162.0,,,,1.1,1.5,98.0,88.0,10.0,,,,,,,2.8,25 Manufacture of metal products,"Manufacture of fabricated metal products, except machinery and equipment",7,1999
695,330300 ,2000JJ00,3461.0,2753.0,708.0,3409.0,10.7,5.9,10.8,38.2,30.4,37.6,21.3,17.0,21.0,9.6,4.9,9.7,10.3,5.5,10.4,91.0,162.0,,,,1.0,0.3,99.0,89.0,11.0,,,,,,,1.7,25 Manufacture of metal products,"Manufacture of fabricated metal products, except machinery and equipment",7,2000
696,330300 ,2001JJ00,3488.0,2829.0,659.0,3433.0,0.8,2.7,0.7,38.0,30.8,37.4,21.2,17.2,20.9,-0.5,1.5,-0.5,-0.6,1.4,-0.7,92.0,165.0,,,,1.2,1.3,100.0,89.0,12.0,,,,,,,1.0,25 Manufacture of metal products,"Manufacture of fabricated metal products, except machinery and equipment",7,2001
697,330300 ,2002JJ00,3606.0,2911.0,695.0,3548.0,3.4,2.9,3.3,39.6,31.9,38.9,21.9,17.7,21.6,4.1,3.7,4.1,3.5,3.0,3.4,91.0,164.0,,,,-0.7,-0.1,99.0,88.0,11.0,,,,,,,-1.1,25 Manufacture of metal products,"Manufacture of fabricated metal products, except machinery and equipment",7,2002
698,330300 ,2003JJ00,3575.0,2893.0,682.0,3527.0,-0.8,-0.6,-0.6,40.5,32.8,40.0,22.4,18.1,22.1,2.5,2.7,2.7,2.1,2.3,2.4,88.0,160.0,,,,-3.2,-2.9,96.0,85.0,11.0,,,,,,,-3.2,25 Manufacture of metal products,"Manufacture of fabricated metal products, except machinery and equipment",7,2003
699,330300 ,2004JJ00,3547.0,2853.0,694.0,3496.0,-0.8,-1.4,-0.9,41.9,33.7,41.3,23.0,18.5,22.6,3.3,2.7,3.2,2.6,2.0,2.5,85.0,154.0,,,,-4.0,-3.3,93.0,82.0,11.0,,,,,,,-3.8,25 Manufacture of metal products,"Manufacture of fabricated metal products, except machinery and equipment",7,2004
700,330300 ,2005JJ00,3515.0,2851.0,664.0,3473.0,-0.9,-0.1,-0.7,42.4,34.4,41.9,23.4,19.0,23.2,1.1,2.0,1.4,2.1,2.9,2.3,83.0,150.0,,,,-2.0,-2.9,91.0,81.0,10.0,,,,,,,-1.7,25 Manufacture of metal products,"Manufacture of fabricated metal products, except machinery and equipment",7,2005
701,330300 ,2006JJ00,3604.0,2929.0,675.0,3567.0,2.5,2.7,2.7,43.6,35.5,43.2,24.2,19.7,24.0,3.0,3.2,3.2,3.4,3.7,3.6,83.0,149.0,,,,-0.5,-0.9,91.0,80.0,11.0,,,,,,,-0.4,25 Manufacture of metal products,"Manufacture of fabricated metal products, except machinery and equipment",7,2006
702,330300 ,2007JJ00,3802.0,3089.0,713.0,3761.0,5.5,5.5,5.4,45.0,36.6,44.5,24.9,20.2,24.6,3.1,3.1,3.1,2.7,2.7,2.7,84.0,153.0,,,,2.3,2.7,93.0,82.0,11.0,,,,,,,2.9,25 Manufacture of metal products,"Manufacture of fabricated metal products, except machinery and equipment",7,2007
703,330300 ,2008JJ00,4079.0,3286.0,793.0,4035.0,7.3,6.4,7.3,47.6,38.3,47.1,26.4,21.3,26.1,5.8,4.9,5.8,6.1,5.2,6.1,86.0,154.0,,,,1.4,1.1,95.0,83.0,11.0,,,,,,,1.6,25 Manufacture of metal products,"Manufacture of fabricated metal products, except machinery and equipment",7,2008
704,330300 ,2009JJ00,3899.0,3112.0,787.0,3823.0,-4.4,-5.3,-5.2,49.3,39.4,48.4,28.0,22.4,27.5,3.6,2.6,2.7,6.1,5.1,5.1,79.0,139.0,,,,-7.7,-9.9,87.0,77.0,10.0,,,,,,,-8.0,25 Manufacture of metal products,"Manufacture of fabricated metal products, except machinery and equipment",7,2009
705,330300 ,2010JJ00,3842.0,3068.0,774.0,3777.0,-1.5,-1.4,-1.2,50.0,39.9,49.1,27.9,22.3,27.4,1.3,1.3,1.6,-0.6,-0.5,-0.3,77.0,138.0,160.0,157.0,4.0,-2.7,-0.9,84.0,74.0,10.0,68.0,65.0,3.0,16.0,9.0,7.0,-3.1,25 Manufacture of metal products,"Manufacture of fabricated metal products, except machinery and equipment",7,2010
706,330300 ,2011JJ00,3939.0,3134.0,805.0,3882.0,2.5,2.1,2.8,51.5,41.0,50.8,28.3,22.5,27.8,3.1,2.7,3.4,1.4,1.0,1.7,76.0,139.0,160.0,155.0,4.0,-0.6,1.1,85.0,74.0,10.0,67.0,64.0,3.0,18.0,11.0,7.0,0.1,25 Manufacture of metal products,"Manufacture of fabricated metal products, except machinery and equipment",7,2011
707,330300 ,2012JJ00,4008.0,3170.0,838.0,3957.0,1.8,1.2,1.9,53.0,41.9,52.3,29.3,23.2,28.9,2.9,2.3,3.1,3.7,3.1,3.9,76.0,137.0,158.0,154.0,4.0,-1.1,-1.9,84.0,74.0,10.0,65.0,63.0,3.0,18.0,11.0,7.0,-1.1,25 Manufacture of metal products,"Manufacture of fabricated metal products, except machinery and equipment",7,2012
708,330300 ,2013JJ00,3961.0,3146.0,815.0,3916.0,-1.2,-0.8,-1.0,53.2,42.3,52.6,29.1,23.1,28.8,0.4,0.9,0.6,-0.6,-0.2,-0.4,74.0,136.0,157.0,153.0,4.0,-1.6,-0.6,82.0,72.0,10.0,65.0,63.0,3.0,17.0,10.0,7.0,-2.1,25 Manufacture of metal products,"Manufacture of fabricated metal products, except machinery and equipment",7,2013
709,330300 ,2014JJ00,4061.0,3157.0,904.0,4029.0,2.5,0.4,2.9,54.9,42.7,54.5,29.7,23.1,29.5,3.2,1.0,3.6,2.1,-0.1,2.4,74.0,137.0,156.0,152.0,4.0,-0.6,0.5,82.0,72.0,10.0,64.0,61.0,3.0,18.0,11.0,7.0,-0.1,25 Manufacture of metal products,"Manufacture of fabricated metal products, except machinery and equipment",7,2014
710,330300 ,2015JJ00,4119.0,3235.0,884.0,4089.0,1.4,2.4,1.5,54.5,42.8,54.1,29.9,23.5,29.7,-0.8,0.2,-0.8,0.6,1.6,0.6,76.0,138.0,159.0,154.0,4.0,2.3,0.8,83.0,73.0,10.0,65.0,63.0,3.0,18.0,11.0,7.0,1.6,25 Manufacture of metal products,"Manufacture of fabricated metal products, except machinery and equipment",7,2015
711,330300 ,2016JJ00,4274.0,3338.0,936.0,4233.0,3.8,3.2,3.5,56.0,43.7,55.4,30.9,24.1,30.6,2.8,2.3,2.6,3.2,2.7,3.0,76.0,138.0,160.0,156.0,4.0,0.9,0.5,84.0,74.0,10.0,66.0,64.0,3.0,18.0,10.0,7.0,1.0,25 Manufacture of metal products,"Manufacture of fabricated metal products, except machinery and equipment",7,2016
712,330300 ,2017JJ00,4308.0,3366.0,942.0,4270.0,0.8,0.8,0.8,56.1,43.8,55.6,31.3,24.5,31.0,0.2,0.2,0.3,1.4,1.4,1.5,77.0,138.0,160.0,156.0,4.0,0.6,-0.6,84.0,74.0,10.0,67.0,65.0,3.0,17.0,10.0,7.0,0.4,25 Manufacture of metal products,"Manufacture of fabricated metal products, except machinery and equipment",7,2017
713,330300 ,2018JJ00,4504.0,3495.0,1009.0,4473.0,4.6,3.9,4.8,57.3,44.5,56.9,32.1,24.9,31.9,2.1,1.5,2.3,2.6,1.9,2.8,79.0,140.0,164.0,160.0,4.0,2.4,1.9,87.0,76.0,11.0,69.0,66.0,3.0,18.0,10.0,8.0,2.6,25 Manufacture of metal products,"Manufacture of fabricated metal products, except machinery and equipment",7,2018
714,330300 ,2019JJ00,4689.0,3613.0,1076.0,4657.0,4.1,3.4,4.1,58.6,45.2,58.2,32.9,25.3,32.7,2.3,1.6,2.3,2.4,1.7,2.4,80.0,143.0,167.0,163.0,4.0,1.7,1.7,88.0,77.0,11.0,69.0,66.0,3.0,19.0,11.0,8.0,1.8,25 Manufacture of metal products,"Manufacture of fabricated metal products, except machinery and equipment",7,2019
715,330300 ,2020JJ00,4865.0,3719.0,1146.0,4632.0,3.7,2.9,-0.5,60.7,46.4,57.8,34.7,26.6,33.1,3.6,2.8,-0.7,5.6,4.8,1.2,80.0,140.0,167.0,164.0,3.0,0.2,-1.8,88.0,77.0,11.0,68.0,65.0,3.0,20.0,12.0,8.0,0.0,25 Manufacture of metal products,"Manufacture of fabricated metal products, except machinery and equipment",7,2020
716,330300 ,2021JJ00,5002.0,3823.0,1179.0,4874.0,2.8,2.8,5.2,62.4,47.7,60.8,35.3,27.0,34.4,2.6,2.6,5.1,1.7,1.7,4.1,80.0,142.0,167.0,163.0,4.0,0.2,1.1,88.0,77.0,11.0,68.0,65.0,3.0,20.0,12.0,8.0,0.4,25 Manufacture of metal products,"Manufacture of fabricated metal products, except machinery and equipment",7,2021
717,330300 ,2022JJ00,5194.0,3953.0,1241.0,5140.0,3.8,3.4,5.5,64.5,49.1,63.8,37.0,28.2,36.6,3.4,2.9,5.0,4.7,4.2,6.3,81.0,140.0,167.0,163.0,3.0,0.5,-0.8,89.0,77.0,12.0,68.0,64.0,4.0,21.0,13.0,8.0,0.6,25 Manufacture of metal products,"Manufacture of fabricated metal products, except machinery and equipment",7,2022
718,330300 ,2023JJ00,5451.0,4163.0,1288.0,5407.0,5.0,5.3,5.2,67.8,51.8,67.2,39.1,29.9,38.8,5.2,5.5,5.4,5.7,6.1,5.9,80.0,139.0,166.0,163.0,3.0,-0.2,-0.7,89.0,77.0,12.0,67.0,63.0,4.0,22.0,14.0,9.0,-0.1,25 Manufacture of metal products,"Manufacture of fabricated metal products, except machinery and equipment",7,2023
719,330300 ,2024JJ00,5650.0,4315.0,1335.0,5610.0,3.7,3.7,3.8,70.9,54.1,70.4,40.7,31.1,40.5,4.6,4.6,4.7,4.2,4.2,4.3,80.0,139.0,166.0,163.0,3.0,-0.9,-0.5,88.0,76.0,12.0,64.0,60.0,4.0,24.0,15.0,9.0,-0.7,25 Manufacture of metal products,"Manufacture of fabricated metal products, except machinery and equipment",7,2024
720,332900 ,1995JJ00,1319.0,1162.0,157.0,1310.0,,,,42.3,37.3,42.0,24.2,21.3,24.0,,,,,,,31.0,55.0,,,,,,33.0,27.0,7.0,,,,,,,,26 Manufacture of electronic products,"Manufacture of computers, electronic and optical products",7,1995
721,332900 ,1996JJ00,1358.0,1177.0,181.0,1344.0,2.9,1.3,2.5,43.5,37.8,43.1,24.7,21.5,24.5,2.9,1.3,2.5,2.4,0.8,2.0,31.0,55.0,,,,0.0,0.5,33.0,27.0,6.0,,,,,,,0.3,26 Manufacture of electronic products,"Manufacture of computers, electronic and optical products",7,1996
722,332900 ,1997JJ00,1369.0,1225.0,144.0,1353.0,0.8,4.1,0.7,42.9,38.4,42.4,24.6,22.0,24.3,-1.5,1.7,-1.6,-0.7,2.5,-0.9,32.0,56.0,,,,2.4,1.6,34.0,27.0,7.0,,,,,,,1.0,26 Manufacture of electronic products,"Manufacture of computers, electronic and optical products",7,1997
723,332900 ,1998JJ00,1326.0,1113.0,213.0,1304.0,-3.1,-9.1,-3.6,42.9,36.0,42.2,24.6,20.7,24.2,0.1,-6.1,-0.4,0.2,-6.0,-0.3,31.0,54.0,,,,-3.2,-3.3,33.0,26.0,7.0,,,,,,,-2.3,26 Manufacture of electronic products,"Manufacture of computers, electronic and optical products",7,1998
724,332900 ,1999JJ00,1395.0,1154.0,241.0,1378.0,5.1,3.6,5.6,45.7,37.8,45.2,26.1,21.6,25.8,6.6,5.0,7.0,6.0,4.4,6.4,30.0,53.0,,,,-1.3,-0.8,33.0,25.0,7.0,,,,,,,-1.0,26 Manufacture of electronic products,"Manufacture of computers, electronic and optical products",7,1999
725,332900 ,2000JJ00,1484.0,1214.0,270.0,1466.0,6.4,5.3,6.4,49.0,40.1,48.4,28.2,23.0,27.8,7.1,5.9,7.1,8.0,6.8,8.0,30.0,53.0,,,,-0.7,-1.4,33.0,25.0,7.0,,,,,,,0.4,26 Manufacture of electronic products,"Manufacture of computers, electronic and optical products",7,2000
726,332900 ,2001JJ00,1500.0,1253.0,247.0,1479.0,1.1,3.2,0.9,49.0,41.0,48.4,28.3,23.6,27.9,0.1,2.2,-0.1,0.4,2.5,0.2,31.0,53.0,,,,1.0,0.6,33.0,25.0,8.0,,,,,,,0.5,26 Manufacture of electronic products,"Manufacture of computers, electronic and optical products",7,2001
727,332900 ,2002JJ00,1534.0,1277.0,257.0,1511.0,2.3,1.9,2.2,51.3,42.7,50.5,29.5,24.5,29.0,4.5,4.1,4.4,4.2,3.8,4.1,30.0,52.0,,,,-2.1,-1.8,32.0,25.0,7.0,,,,,,,-2.3,26 Manufacture of electronic products,"Manufacture of computers, electronic and optical products",7,2002
728,332900 ,2003JJ00,1461.0,1212.0,249.0,1438.0,-4.8,-5.1,-4.9,53.0,43.9,52.1,30.8,25.6,30.3,3.3,3.0,3.2,4.6,4.3,4.5,28.0,47.0,,,,-7.9,-9.0,30.0,23.0,7.0,,,,,,,-7.8,26 Manufacture of electronic products,"Manufacture of computers, electronic and optical products",7,2003
729,332900 ,2004JJ00,1477.0,1230.0,247.0,1450.0,1.2,1.5,0.9,56.0,46.7,55.0,32.6,27.2,32.0,5.8,6.2,5.6,5.9,6.3,5.6,26.0,45.0,,,,-4.4,-4.4,28.0,22.0,7.0,,,,,,,-4.4,26 Manufacture of electronic products,"Manufacture of computers, electronic and optical products",7,2004
730,332900 ,2005JJ00,1431.0,1201.0,230.0,1408.0,-3.2,-2.4,-3.0,56.6,47.5,55.7,32.4,27.2,31.9,1.1,1.9,1.3,-0.6,0.2,-0.4,25.0,44.0,,,,-4.2,-2.5,27.0,21.0,6.0,,,,,,,-4.1,26 Manufacture of electronic products,"Manufacture of computers, electronic and optical products",7,2005
731,332900 ,2006JJ00,1456.0,1219.0,237.0,1429.0,1.8,1.5,1.5,57.8,48.4,56.7,33.2,27.8,32.6,2.0,1.7,1.8,2.4,2.1,2.2,25.0,44.0,,,,-0.2,-0.6,27.0,21.0,6.0,,,,,,,-0.1,26 Manufacture of electronic products,"Manufacture of computers, electronic and optical products",7,2006
732,332900 ,2007JJ00,1470.0,1232.0,238.0,1441.0,0.9,1.0,0.8,59.2,49.6,58.0,33.7,28.2,33.0,2.5,2.6,2.3,1.4,1.6,1.3,25.0,44.0,,,,-1.5,-0.5,27.0,20.0,6.0,,,,,,,-1.5,26 Manufacture of electronic products,"Manufacture of computers, electronic and optical products",7,2007
733,332900 ,2008JJ00,1584.0,1315.0,269.0,1551.0,7.8,6.8,7.7,63.3,52.5,61.9,36.3,30.1,35.5,6.8,5.8,6.7,7.6,6.6,7.5,25.0,44.0,,,,0.9,0.2,27.0,21.0,6.0,,,,,,,1.2,26 Manufacture of electronic products,"Manufacture of computers, electronic and optical products",7,2008
734,332900 ,2009JJ00,1571.0,1304.0,267.0,1510.0,-0.8,-0.9,-2.7,64.6,53.6,62.1,37.6,31.2,36.1,2.2,2.1,0.3,3.7,3.6,1.8,24.0,42.0,,,,-2.9,-4.3,26.0,20.0,6.0,,,,,,,-3.4,26 Manufacture of electronic products,"Manufacture of computers, electronic and optical products",7,2009
735,332900 ,2010JJ00,1654.0,1368.0,286.0,1595.0,5.3,4.9,5.6,66.9,55.3,64.5,38.3,31.7,37.0,3.5,3.2,3.9,2.0,1.6,2.3,25.0,43.0,51.0,51.0,0.0,1.7,3.3,27.0,21.0,5.0,21.0,19.0,2.0,5.0,2.0,3.0,1.6,26 Manufacture of electronic products,"Manufacture of computers, electronic and optical products",7,2010
736,332900 ,2011JJ00,1698.0,1406.0,292.0,1639.0,2.7,2.8,2.8,70.2,58.1,67.8,41.0,33.9,39.6,5.0,5.1,5.1,7.0,7.1,7.1,24.0,41.0,49.0,48.0,0.0,-2.2,-4.0,26.0,21.0,5.0,20.0,18.0,2.0,6.0,3.0,3.0,-1.5,26 Manufacture of electronic products,"Manufacture of computers, electronic and optical products",7,2011
737,332900 ,2012JJ00,1712.0,1396.0,316.0,1667.0,0.8,-0.7,1.7,73.1,59.6,71.1,42.3,34.5,41.2,4.0,2.4,4.9,3.2,1.7,4.1,23.0,40.0,48.0,48.0,0.0,-3.1,-2.3,25.0,20.0,5.0,19.0,17.0,2.0,6.0,3.0,3.0,-3.2,26 Manufacture of electronic products,"Manufacture of computers, electronic and optical products",7,2012
738,332900 ,2013JJ00,1794.0,1492.0,302.0,1750.0,4.8,6.9,5.0,76.5,63.6,74.6,43.9,36.5,42.8,4.7,6.8,4.8,3.6,5.7,3.8,23.0,41.0,49.0,48.0,0.0,0.2,1.1,25.0,20.0,5.0,20.0,18.0,2.0,5.0,2.0,3.0,-0.9,26 Manufacture of electronic products,"Manufacture of computers, electronic and optical products",7,2013
739,332900 ,2014JJ00,2075.0,1543.0,532.0,2037.0,15.6,3.4,16.3,89.9,66.9,88.3,51.0,37.9,50.1,17.6,5.1,18.3,16.3,4.0,17.0,23.0,41.0,48.0,48.0,0.0,-1.7,-0.6,25.0,20.0,5.0,19.0,17.0,2.0,6.0,3.0,3.0,-1.2,26 Manufacture of electronic products,"Manufacture of computers, electronic and optical products",7,2014
740,332900 ,2015JJ00,1935.0,1563.0,372.0,1888.0,-6.7,1.3,-7.3,84.8,68.5,82.7,48.4,39.1,47.2,-5.7,2.4,-6.3,-5.1,3.1,-5.6,23.0,40.0,47.0,47.0,0.0,-1.1,-1.7,24.0,20.0,5.0,19.0,17.0,2.0,5.0,3.0,3.0,-1.3,26 Manufacture of electronic products,"Manufacture of computers, electronic and optical products",7,2015
741,332900 ,2016JJ00,1895.0,1520.0,375.0,1800.0,-2.1,-2.8,-4.7,85.7,68.7,81.4,48.9,39.2,46.5,1.1,0.4,-1.6,1.0,0.4,-1.6,22.0,39.0,46.0,46.0,0.0,-3.1,-3.1,24.0,19.0,5.0,18.0,16.0,2.0,5.0,3.0,3.0,-3.3,26 Manufacture of electronic products,"Manufacture of computers, electronic and optical products",7,2016
742,332900 ,2017JJ00,2024.0,1649.0,375.0,1935.0,6.8,8.5,7.5,92.4,75.3,88.4,53.0,43.2,50.7,7.8,9.5,8.5,8.4,10.1,9.1,22.0,38.0,45.0,45.0,0.0,-0.9,-1.4,23.0,19.0,5.0,18.0,16.0,2.0,5.0,3.0,3.0,-0.7,26 Manufacture of electronic products,"Manufacture of computers, electronic and optical products",7,2017
743,332900 ,2018JJ00,2025.0,1610.0,415.0,1952.0,0.0,-2.4,0.9,86.3,68.6,83.2,49.7,39.5,47.9,-6.7,-8.9,-5.9,-6.3,-8.5,-5.5,23.0,41.0,49.0,49.0,0.0,7.2,6.7,25.0,20.0,5.0,20.0,17.0,2.0,6.0,3.0,3.0,6.7,26 Manufacture of electronic products,"Manufacture of computers, electronic and optical products",7,2018
744,332900 ,2019JJ00,2143.0,1686.0,457.0,2060.0,5.9,4.7,5.6,87.3,68.7,83.9,50.2,39.5,48.3,1.2,0.1,0.9,1.0,0.0,0.8,25.0,43.0,51.0,51.0,0.0,4.6,4.8,26.0,21.0,6.0,20.0,18.0,3.0,6.0,3.0,3.0,4.9,26 Manufacture of electronic products,"Manufacture of computers, electronic and optical products",7,2019
745,332900 ,2020JJ00,2217.0,1730.0,487.0,2093.0,3.4,2.6,1.6,89.8,70.1,84.8,52.4,40.9,49.5,2.9,2.1,1.1,4.3,3.5,2.5,25.0,42.0,51.0,51.0,0.0,0.5,-0.9,26.0,21.0,6.0,20.0,17.0,3.0,6.0,3.0,3.0,0.4,26 Manufacture of electronic products,"Manufacture of computers, electronic and optical products",7,2020
746,332900 ,2021JJ00,2408.0,1891.0,517.0,2297.0,8.6,9.3,9.8,95.4,75.0,91.0,55.3,43.4,52.7,6.3,6.9,7.4,5.5,6.2,6.6,25.0,44.0,52.0,52.0,0.0,2.2,2.9,27.0,21.0,6.0,20.0,18.0,3.0,7.0,4.0,3.0,2.2,26 Manufacture of electronic products,"Manufacture of computers, electronic and optical products",7,2021
747,332900 ,2022JJ00,2354.0,1810.0,544.0,2256.0,-2.3,-4.3,-1.8,92.6,71.2,88.8,53.9,41.4,51.7,-2.9,-5.0,-2.5,-2.5,-4.6,-2.1,25.0,44.0,53.0,53.0,0.0,0.7,0.3,27.0,21.0,6.0,20.0,17.0,3.0,7.0,4.0,3.0,1.0,26 Manufacture of electronic products,"Manufacture of computers, electronic and optical products",7,2022
748,332900 ,2023JJ00,2515.0,1935.0,580.0,2476.0,6.9,7.0,9.8,96.3,74.1,94.8,56.3,43.3,55.4,3.9,4.0,6.7,4.4,4.5,7.2,26.0,45.0,54.0,54.0,0.0,2.9,2.4,28.0,21.0,7.0,21.0,17.0,3.0,7.0,4.0,3.0,3.0,26 Manufacture of electronic products,"Manufacture of computers, electronic and optical products",7,2023
749,332900 ,2024JJ00,2698.0,2076.0,622.0,2609.0,7.2,7.2,5.3,100.1,77.0,96.8,58.2,44.8,56.3,4.0,4.0,2.1,3.5,3.5,1.7,27.0,46.0,56.0,56.0,0.0,3.1,3.6,29.0,22.0,7.0,21.0,17.0,4.0,8.0,5.0,3.0,3.2,26 Manufacture of electronic products,"Manufacture of computers, electronic and optical products",7,2024
750,332910 ,1995JJ00,2306.0,2053.0,253.0,2293.0,,,,38.1,33.9,37.8,21.7,19.3,21.6,,,,,,,61.0,106.0,,,,,,64.0,53.0,11.0,,,,,,,,26-27 Elektrical and electron. Industry,"Manufacture of computers, electronic, optical and electrical products 
This category is made up of the categories: 
26 Manufacture of computers, electronic and optical products 
27 Manufacture of electrical equipment",24,1995
751,332910 ,1996JJ00,2383.0,2112.0,271.0,2362.0,3.3,2.9,3.0,39.3,34.8,38.9,22.3,19.7,22.1,3.2,2.8,2.8,2.7,2.3,2.4,61.0,107.0,,,,0.1,0.6,65.0,53.0,11.0,,,,,,,0.4,26-27 Elektrical and electron. Industry,"Manufacture of computers, electronic, optical and electrical products 
This category is made up of the categories: 
26 Manufacture of computers, electronic and optical products 
27 Manufacture of electrical equipment",24,1996
752,332910 ,1997JJ00,2443.0,2206.0,237.0,2418.0,2.5,4.4,2.4,39.3,35.5,38.9,22.5,20.3,22.3,0.2,2.1,0.0,1.0,2.9,0.9,62.0,109.0,,,,2.3,1.5,65.0,53.0,12.0,,,,,,,1.0,26-27 Elektrical and electron. Industry,"Manufacture of computers, electronic, optical and electrical products 
This category is made up of the categories: 
26 Manufacture of computers, electronic and optical products 
27 Manufacture of electrical equipment",24,1997
753,332910 ,1998JJ00,2425.0,2069.0,356.0,2389.0,-0.7,-6.2,-1.2,40.2,34.3,39.6,23.0,19.6,22.6,2.1,-3.5,1.6,2.2,-3.5,1.7,60.0,106.0,,,,-2.8,-2.8,64.0,52.0,12.0,,,,,,,-1.9,26-27 Elektrical and electron. Industry,"Manufacture of computers, electronic, optical and electrical products 
This category is made up of the categories: 
26 Manufacture of computers, electronic and optical products 
27 Manufacture of electrical equipment",24,1998
754,332910 ,1999JJ00,2505.0,2130.0,375.0,2476.0,3.3,2.9,3.6,42.0,35.7,41.5,23.9,20.3,23.6,4.6,4.3,5.0,4.1,3.8,4.4,60.0,105.0,,,,-1.3,-0.8,63.0,51.0,13.0,,,,,,,-1.0,26-27 Elektrical and electron. Industry,"Manufacture of computers, electronic, optical and electrical products 
This category is made up of the categories: 
26 Manufacture of computers, electronic and optical products 
27 Manufacture of electrical equipment",24,1999
755,332910 ,2000JJ00,2631.0,2240.0,391.0,2600.0,5.0,5.2,5.0,44.4,37.9,43.9,25.5,21.7,25.2,5.8,5.9,5.7,6.6,6.8,6.6,59.0,103.0,,,,-0.7,-1.5,64.0,51.0,13.0,,,,,,,0.4,26-27 Elektrical and electron. Industry,"Manufacture of computers, electronic, optical and electrical products 
This category is made up of the categories: 
26 Manufacture of computers, electronic and optical products 
27 Manufacture of electrical equipment",24,2000
756,332910 ,2001JJ00,2670.0,2332.0,338.0,2635.0,1.5,4.1,1.3,44.8,39.1,44.2,25.7,22.5,25.4,0.7,3.3,0.6,0.8,3.4,0.7,60.0,104.0,,,,0.7,0.6,64.0,50.0,14.0,,,,,,,0.5,26-27 Elektrical and electron. Industry,"Manufacture of computers, electronic, optical and electrical products 
This category is made up of the categories: 
26 Manufacture of computers, electronic and optical products 
27 Manufacture of electrical equipment",24,2001
757,332910 ,2002JJ00,2842.0,2367.0,475.0,2804.0,6.5,1.5,6.5,49.2,41.0,48.6,28.2,23.5,27.8,10.0,4.8,10.0,9.7,4.6,9.6,58.0,101.0,,,,-3.2,-2.9,62.0,49.0,13.0,,,,,,,-3.1,26-27 Elektrical and electron. Industry,"Manufacture of computers, electronic, optical and electrical products 
This category is made up of the categories: 
26 Manufacture of computers, electronic and optical products 
27 Manufacture of electrical equipment",24,2002
758,332910 ,2003JJ00,2728.0,2245.0,483.0,2692.0,-4.0,-5.2,-4.0,51.6,42.5,50.9,29.6,24.3,29.2,4.8,3.5,4.8,4.9,3.7,5.0,53.0,92.0,,,,-8.4,-8.6,57.0,45.0,12.0,,,,,,,-8.2,26-27 Elektrical and electron. Industry,"Manufacture of computers, electronic, optical and electrical products 
This category is made up of the categories: 
26 Manufacture of computers, electronic and optical products 
27 Manufacture of electrical equipment",24,2003
759,332910 ,2004JJ00,2728.0,2241.0,487.0,2685.0,0.0,-0.2,-0.2,54.0,44.3,53.1,30.9,25.4,30.4,4.6,4.5,4.4,4.4,4.2,4.1,51.0,88.0,,,,-4.4,-4.2,54.0,43.0,11.0,,,,,,,-4.6,26-27 Elektrical and electron. Industry,"Manufacture of computers, electronic, optical and electrical products 
This category is made up of the categories: 
26 Manufacture of computers, electronic and optical products 
27 Manufacture of electrical equipment",24,2004
760,332910 ,2005JJ00,2642.0,2188.0,454.0,2605.0,-3.2,-2.4,-3.0,54.6,45.2,53.8,31.1,25.8,30.7,1.1,1.9,1.3,0.8,1.6,0.9,48.0,85.0,,,,-4.2,-3.9,52.0,41.0,11.0,,,,,,,-4.0,26-27 Elektrical and electron. Industry,"Manufacture of computers, electronic, optical and electrical products 
This category is made up of the categories: 
26 Manufacture of computers, electronic and optical products 
27 Manufacture of electrical equipment",24,2005
761,332910 ,2006JJ00,2691.0,2232.0,459.0,2648.0,1.9,2.0,1.7,55.5,46.1,54.6,31.8,26.4,31.3,1.7,1.9,1.5,2.2,2.3,2.0,48.0,85.0,,,,0.1,-0.3,52.0,41.0,11.0,,,,,,,0.4,26-27 Elektrical and electron. Industry,"Manufacture of computers, electronic, optical and electrical products 
This category is made up of the categories: 
26 Manufacture of computers, electronic and optical products 
27 Manufacture of electrical equipment",24,2006
762,332910 ,2007JJ00,2772.0,2296.0,476.0,2727.0,3.0,2.9,2.9,57.0,47.2,56.1,32.4,26.9,31.9,2.7,2.6,2.7,1.9,1.8,1.9,49.0,85.0,,,,0.3,1.0,52.0,41.0,11.0,,,,,,,0.3,26-27 Elektrical and electron. Industry,"Manufacture of computers, electronic, optical and electrical products 
This category is made up of the categories: 
26 Manufacture of computers, electronic and optical products 
27 Manufacture of electrical equipment",24,2007
763,332910 ,2008JJ00,2949.0,2424.0,525.0,2899.0,6.4,5.6,6.4,60.4,49.6,59.4,34.5,28.4,33.9,5.9,5.1,5.8,6.4,5.6,6.3,49.0,85.0,,,,0.5,0.0,53.0,42.0,11.0,,,,,,,0.9,26-27 Elektrical and electron. Industry,"Manufacture of computers, electronic, optical and electrical products 
This category is made up of the categories: 
26 Manufacture of computers, electronic and optical products 
27 Manufacture of electrical equipment",24,2008
764,332910 ,2009JJ00,2783.0,2309.0,474.0,2689.0,-5.6,-4.8,-7.2,61.1,50.7,59.1,35.6,29.5,34.4,1.2,2.2,-0.5,3.1,4.1,1.4,46.0,78.0,,,,-6.8,-8.5,49.0,39.0,10.0,,,,,,,-7.1,26-27 Elektrical and electron. Industry,"Manufacture of computers, electronic, optical and electrical products 
This category is made up of the categories: 
26 Manufacture of computers, electronic and optical products 
27 Manufacture of electrical equipment",24,2009
765,332910 ,2010JJ00,2783.0,2302.0,481.0,2699.0,0.0,-0.3,0.4,63.3,52.4,61.4,36.1,29.8,35.0,3.6,3.3,4.0,1.4,1.1,1.8,44.0,77.0,91.0,90.0,1.0,-3.5,-1.4,47.0,38.0,9.0,37.0,33.0,4.0,10.0,5.0,5.0,-3.6,26-27 Elektrical and electron. Industry,"Manufacture of computers, electronic, optical and electrical products 
This category is made up of the categories: 
26 Manufacture of computers, electronic and optical products 
27 Manufacture of electrical equipment",24,2010
766,332910 ,2011JJ00,2917.0,2409.0,508.0,2835.0,4.8,4.7,5.0,65.1,53.8,63.3,37.7,31.1,36.6,2.8,2.6,3.0,4.4,4.2,4.6,45.0,77.0,91.0,90.0,1.0,2.0,0.4,48.0,39.0,9.0,37.0,33.0,4.0,11.0,6.0,5.0,2.3,26-27 Elektrical and electron. Industry,"Manufacture of computers, electronic, optical and electrical products 
This category is made up of the categories: 
26 Manufacture of computers, electronic and optical products 
27 Manufacture of electrical equipment",24,2011
767,332910 ,2012JJ00,2970.0,2425.0,545.0,2906.0,1.8,0.6,2.5,67.1,54.8,65.6,38.5,31.4,37.6,3.1,1.9,3.8,2.1,0.9,2.8,44.0,77.0,91.0,91.0,1.0,-1.2,-0.3,48.0,39.0,9.0,37.0,33.0,4.0,11.0,6.0,5.0,-1.3,26-27 Elektrical and electron. Industry,"Manufacture of computers, electronic, optical and electrical products 
This category is made up of the categories: 
26 Manufacture of computers, electronic and optical products 
27 Manufacture of electrical equipment",24,2012
768,332910 ,2013JJ00,3028.0,2511.0,517.0,2969.0,2.0,3.6,2.2,69.4,57.6,68.1,39.5,32.8,38.8,3.5,5.2,3.7,2.8,4.4,3.0,44.0,77.0,91.0,90.0,1.0,-1.5,-0.8,47.0,38.0,9.0,37.0,33.0,4.0,10.0,5.0,5.0,-2.3,26-27 Elektrical and electron. Industry,"Manufacture of computers, electronic, optical and electrical products 
This category is made up of the categories: 
26 Manufacture of computers, electronic and optical products 
27 Manufacture of electrical equipment",24,2013
769,332910 ,2014JJ00,3608.0,2587.0,1021.0,3558.0,19.1,3.0,19.8,85.2,61.1,84.0,48.0,34.4,47.3,22.7,6.1,23.4,21.4,5.0,22.1,42.0,75.0,88.0,87.0,1.0,-2.9,-1.9,45.0,37.0,9.0,36.0,32.0,4.0,10.0,5.0,5.0,-2.8,26-27 Elektrical and electron. Industry,"Manufacture of computers, electronic, optical and electrical products 
This category is made up of the categories: 
26 Manufacture of computers, electronic and optical products 
27 Manufacture of electrical equipment",24,2014
770,332910 ,2015JJ00,3261.0,2597.0,664.0,3203.0,-9.6,0.4,-9.9,77.9,62.0,76.5,44.3,35.2,43.5,-8.6,1.5,-9.0,-7.7,2.4,-8.1,42.0,74.0,87.0,86.0,1.0,-1.0,-2.0,45.0,36.0,9.0,35.0,31.0,4.0,10.0,5.0,5.0,-0.9,26-27 Elektrical and electron. Industry,"Manufacture of computers, electronic, optical and electrical products 
This category is made up of the categories: 
26 Manufacture of computers, electronic and optical products 
27 Manufacture of electrical equipment",24,2015
771,332910 ,2016JJ00,3404.0,2687.0,717.0,3276.0,4.3,3.4,2.2,80.2,63.3,77.2,45.6,36.0,43.9,3.0,2.1,0.9,3.0,2.1,1.0,42.0,75.0,88.0,87.0,1.0,1.3,1.3,46.0,37.0,9.0,36.0,32.0,4.0,10.0,5.0,5.0,1.2,26-27 Elektrical and electron. Industry,"Manufacture of computers, electronic, optical and electrical products 
This category is made up of the categories: 
26 Manufacture of computers, electronic and optical products 
27 Manufacture of electrical equipment",24,2016
772,332910 ,2017JJ00,3519.0,2798.0,721.0,3398.0,3.4,4.1,3.8,85.6,68.0,82.6,49.0,38.9,47.3,6.7,7.4,7.0,7.3,8.1,7.7,41.0,72.0,85.0,85.0,1.0,-3.1,-3.7,44.0,35.0,9.0,34.0,30.0,4.0,10.0,5.0,5.0,-3.0,26-27 Elektrical and electron. Industry,"Manufacture of computers, electronic, optical and electrical products 
This category is made up of the categories: 
26 Manufacture of computers, electronic and optical products 
27 Manufacture of electrical equipment",24,2017
773,332910 ,2018JJ00,3619.0,2842.0,777.0,3517.0,2.8,1.6,3.5,82.2,64.6,79.9,47.2,37.1,45.9,-3.9,-5.1,-3.3,-3.5,-4.7,-2.9,44.0,77.0,92.0,91.0,1.0,7.0,6.6,47.0,38.0,9.0,37.0,32.0,4.0,10.0,5.0,5.0,6.8,26-27 Elektrical and electron. Industry,"Manufacture of computers, electronic, optical and electrical products 
This category is made up of the categories: 
26 Manufacture of computers, electronic and optical products 
27 Manufacture of electrical equipment",24,2018
774,332910 ,2019JJ00,3718.0,2890.0,828.0,3603.0,2.7,1.7,2.5,82.8,64.3,80.2,47.5,36.9,46.0,0.7,-0.4,0.4,0.6,-0.5,0.3,45.0,78.0,93.0,93.0,1.0,2.1,2.2,48.0,38.0,10.0,37.0,33.0,4.0,11.0,6.0,5.0,2.3,26-27 Elektrical and electron. Industry,"Manufacture of computers, electronic, optical and electrical products 
This category is made up of the categories: 
26 Manufacture of computers, electronic and optical products 
27 Manufacture of electrical equipment",24,2019
775,332910 ,2020JJ00,3836.0,2943.0,893.0,3654.0,3.1,1.8,1.4,85.7,65.7,81.6,50.1,38.4,47.7,3.5,2.2,1.7,5.5,4.1,3.7,45.0,77.0,93.0,92.0,1.0,-0.4,-2.2,48.0,38.0,10.0,37.0,32.0,5.0,11.0,6.0,5.0,-0.5,26-27 Elektrical and electron. Industry,"Manufacture of computers, electronic, optical and electrical products 
This category is made up of the categories: 
26 Manufacture of computers, electronic and optical products 
27 Manufacture of electrical equipment",24,2020
776,332910 ,2021JJ00,4168.0,3236.0,932.0,4008.0,8.7,10.0,9.7,89.2,69.3,85.8,51.6,40.1,49.7,4.1,5.4,5.1,3.1,4.3,4.1,47.0,81.0,97.0,96.0,1.0,4.4,5.4,50.0,39.0,11.0,38.0,33.0,5.0,12.0,7.0,5.0,4.4,26-27 Elektrical and electron. Industry,"Manufacture of computers, electronic, optical and electrical products 
This category is made up of the categories: 
26 Manufacture of computers, electronic and optical products 
27 Manufacture of electrical equipment",24,2021
777,332910 ,2022JJ00,4285.0,3274.0,1011.0,4151.0,2.8,1.1,3.6,89.1,68.0,86.3,51.8,39.6,50.2,-0.2,-1.8,0.6,0.3,-1.3,1.1,48.0,83.0,100.0,99.0,1.0,3.0,2.5,52.0,40.0,12.0,39.0,33.0,6.0,13.0,7.0,6.0,3.3,26-27 Elektrical and electron. Industry,"Manufacture of computers, electronic, optical and electrical products 
This category is made up of the categories: 
26 Manufacture of computers, electronic and optical products 
27 Manufacture of electrical equipment",24,2022
778,332910 ,2023JJ00,4546.0,3467.0,1079.0,4471.0,6.1,5.9,7.7,91.3,69.6,89.8,53.3,40.6,52.4,2.5,2.3,4.1,2.9,2.7,4.4,50.0,85.0,103.0,103.0,1.0,3.5,3.2,54.0,41.0,13.0,40.0,33.0,6.0,14.0,8.0,6.0,3.5,26-27 Elektrical and electron. Industry,"Manufacture of computers, electronic, optical and electrical products 
This category is made up of the categories: 
26 Manufacture of computers, electronic and optical products 
27 Manufacture of electrical equipment",24,2023
779,332910 ,2024JJ00,4832.0,3675.0,1157.0,4706.0,6.3,6.0,5.2,96.2,73.2,93.7,55.8,42.5,54.4,5.4,5.1,4.3,4.8,4.5,3.7,50.0,87.0,105.0,104.0,1.0,0.9,1.4,54.0,41.0,13.0,39.0,33.0,7.0,15.0,8.0,6.0,0.8,26-27 Elektrical and electron. Industry,"Manufacture of computers, electronic, optical and electrical products 
This category is made up of the categories: 
26 Manufacture of computers, electronic and optical products 
27 Manufacture of electrical equipment",24,2024
780,334800 ,1995JJ00,987.0,891.0,96.0,983.0,,,,33.5,30.3,33.4,19.1,17.2,19.0,,,,,,,29.0,52.0,,,,,,31.0,26.0,5.0,,,,,,,,27 Manufacture of electric equipment,Manufacture of electrical equipment,7,1995
781,334800 ,1996JJ00,1025.0,935.0,90.0,1018.0,3.9,5.0,3.6,34.7,31.7,34.5,19.6,17.9,19.5,3.6,4.7,3.3,3.1,4.2,2.8,29.0,52.0,,,,0.3,0.7,31.0,26.0,5.0,,,,,,,0.5,27 Manufacture of electric equipment,Manufacture of electrical equipment,7,1996
782,334800 ,1997JJ00,1074.0,981.0,93.0,1065.0,4.8,4.9,4.6,35.6,32.5,35.3,20.3,18.5,20.1,2.4,2.5,2.2,3.3,3.4,3.1,30.0,53.0,,,,2.3,1.4,32.0,26.0,5.0,,,,,,,1.1,27 Manufacture of electric equipment,Manufacture of electrical equipment,7,1997
783,334800 ,1998JJ00,1099.0,956.0,143.0,1085.0,2.4,-2.5,1.9,37.3,32.4,36.8,21.3,18.5,21.0,4.8,-0.2,4.3,4.8,-0.2,4.3,29.0,52.0,,,,-2.3,-2.3,31.0,26.0,5.0,,,,,,,-1.5,27 Manufacture of electric equipment,Manufacture of electrical equipment,7,1998
784,334800 ,1999JJ00,1110.0,976.0,134.0,1098.0,1.0,2.1,1.2,38.1,33.5,37.7,21.7,19.0,21.4,2.3,3.4,2.5,1.9,3.0,2.1,29.0,51.0,,,,-1.3,-0.8,31.0,25.0,6.0,,,,,,,-1.0,27 Manufacture of electric equipment,Manufacture of electrical equipment,7,1999
785,334800 ,2000JJ00,1147.0,1026.0,121.0,1134.0,3.3,5.1,3.2,39.7,35.5,39.2,22.7,20.3,22.5,4.0,5.9,4.0,4.9,6.7,4.8,29.0,50.0,,,,-0.7,-1.5,31.0,25.0,6.0,,,,,,,0.4,27 Manufacture of electric equipment,Manufacture of electrical equipment,7,2000
786,334800 ,2001JJ00,1170.0,1079.0,91.0,1156.0,2.0,5.2,1.9,40.3,37.1,39.8,23.0,21.2,22.7,1.5,4.6,1.4,1.3,4.5,1.3,29.0,51.0,,,,0.5,0.7,31.0,25.0,6.0,,,,,,,0.5,27 Manufacture of electric equipment,Manufacture of electrical equipment,7,2001
787,334800 ,2002JJ00,1308.0,1090.0,218.0,1293.0,11.8,1.0,11.9,47.1,39.2,46.5,26.8,22.4,26.5,16.9,5.6,16.9,16.6,5.3,16.6,28.0,49.0,,,,-4.3,-4.1,30.0,24.0,6.0,,,,,,,-4.0,27 Manufacture of electric equipment,Manufacture of electrical equipment,7,2002
788,334800 ,2003JJ00,1267.0,1033.0,234.0,1254.0,-3.1,-5.3,-3.0,50.1,40.8,49.6,28.3,23.1,28.0,6.5,4.1,6.6,5.4,3.1,5.5,25.0,45.0,,,,-9.0,-8.1,27.0,22.0,5.0,,,,,,,-8.6,27 Manufacture of electric equipment,Manufacture of electrical equipment,7,2003
789,334800 ,2004JJ00,1251.0,1011.0,240.0,1235.0,-1.3,-2.1,-1.5,51.7,41.8,51.1,29.1,23.5,28.7,3.2,2.4,3.0,2.8,1.9,2.5,24.0,43.0,,,,-4.4,-4.0,26.0,21.0,5.0,,,,,,,-5.0,27 Manufacture of electric equipment,Manufacture of electrical equipment,7,2004
790,334800 ,2005JJ00,1211.0,987.0,224.0,1197.0,-3.1,-2.3,-3.0,52.4,42.7,51.7,29.7,24.2,29.4,1.2,2.0,1.3,2.3,3.1,2.4,23.0,41.0,,,,-4.3,-5.3,25.0,20.0,4.0,,,,,,,-4.0,27 Manufacture of electric equipment,Manufacture of electrical equipment,7,2005
791,334800 ,2006JJ00,1235.0,1013.0,222.0,1219.0,1.9,2.6,1.8,53.1,43.5,52.4,30.3,24.9,29.9,1.4,2.1,1.3,1.9,2.6,1.7,23.0,41.0,,,,0.5,0.0,25.0,20.0,5.0,,,,,,,0.9,27 Manufacture of electric equipment,Manufacture of electrical equipment,7,2006
792,334800 ,2007JJ00,1302.0,1064.0,238.0,1286.0,5.4,5.0,5.5,54.7,44.7,54.1,31.1,25.4,30.7,3.1,2.8,3.2,2.6,2.3,2.7,24.0,42.0,,,,2.2,2.7,26.0,21.0,5.0,,,,,,,2.3,27 Manufacture of electric equipment,Manufacture of electrical equipment,7,2007
793,334800 ,2008JJ00,1365.0,1109.0,256.0,1348.0,4.9,4.3,4.9,57.4,46.6,56.7,32.7,26.5,32.3,4.8,4.2,4.8,5.1,4.4,5.0,24.0,42.0,,,,0.1,-0.1,26.0,21.0,5.0,,,,,,,0.6,27 Manufacture of electric equipment,Manufacture of electrical equipment,7,2008
794,334800 ,2009JJ00,1212.0,1005.0,207.0,1179.0,-11.2,-9.4,-12.5,57.1,47.4,55.6,33.3,27.6,32.4,-0.4,1.6,-1.9,1.9,4.0,0.4,21.0,36.0,,,,-10.8,-12.9,23.0,19.0,4.0,,,,,,,-10.9,27 Manufacture of electric equipment,Manufacture of electrical equipment,7,2009
795,334800 ,2010JJ00,1129.0,934.0,195.0,1104.0,-6.9,-7.1,-6.4,58.8,48.6,57.5,33.2,27.5,32.5,2.9,2.6,3.4,-0.1,-0.4,0.4,19.0,34.0,40.0,40.0,1.0,-9.4,-6.7,21.0,17.0,4.0,16.0,15.0,2.0,5.0,2.0,2.0,-9.5,27 Manufacture of electric equipment,Manufacture of electrical equipment,7,2010
796,334800 ,2011JJ00,1219.0,1003.0,216.0,1196.0,7.9,7.4,8.3,59.1,48.6,58.0,33.8,27.8,33.2,0.5,0.0,0.9,1.8,1.3,2.1,21.0,36.0,42.0,41.0,1.0,7.4,6.1,22.0,18.0,4.0,17.0,16.0,2.0,5.0,3.0,2.0,7.2,27 Manufacture of electric equipment,Manufacture of electrical equipment,7,2011
797,334800 ,2012JJ00,1258.0,1029.0,229.0,1239.0,3.2,2.5,3.6,60.4,49.4,59.5,34.2,28.0,33.7,2.2,1.5,2.6,1.1,0.5,1.5,21.0,37.0,43.0,43.0,1.0,1.0,2.1,23.0,18.0,4.0,18.0,16.0,2.0,5.0,3.0,2.0,0.9,27 Manufacture of electric equipment,Manufacture of electrical equipment,7,2012
798,334800 ,2013JJ00,1234.0,1019.0,215.0,1219.0,-1.9,-0.9,-1.6,61.3,50.6,60.5,34.6,28.5,34.1,1.5,2.5,1.8,1.0,2.0,1.3,20.0,36.0,42.0,42.0,1.0,-3.3,-2.9,22.0,18.0,4.0,17.0,15.0,2.0,5.0,2.0,2.0,-3.9,27 Manufacture of electric equipment,Manufacture of electrical equipment,7,2013
799,334800 ,2014JJ00,1533.0,1044.0,489.0,1521.0,24.3,2.5,24.8,79.6,54.2,79.0,44.4,30.3,44.1,29.9,7.1,30.5,28.6,6.0,29.1,19.0,35.0,40.0,40.0,1.0,-4.4,-3.4,21.0,17.0,4.0,16.0,15.0,2.0,4.0,2.0,2.0,-4.6,27 Manufacture of electric equipment,Manufacture of electrical equipment,7,2014
800,334800 ,2015JJ00,1326.0,1034.0,292.0,1315.0,-13.5,-0.9,-13.5,69.6,54.2,69.0,39.3,30.7,39.0,-12.6,0.1,-12.6,-11.4,1.4,-11.5,19.0,34.0,40.0,39.0,0.0,-1.0,-2.3,21.0,17.0,4.0,16.0,14.0,2.0,4.0,2.0,2.0,-0.5,27 Manufacture of electric equipment,Manufacture of electrical equipment,7,2015
801,334800 ,2016JJ00,1509.0,1167.0,342.0,1476.0,13.8,12.8,12.2,74.2,57.4,72.6,42.0,32.5,41.1,6.7,5.8,5.2,6.8,6.0,5.4,20.0,36.0,42.0,42.0,1.0,6.6,6.5,22.0,18.0,4.0,17.0,15.0,2.0,5.0,2.0,2.0,6.5,27 Manufacture of electric equipment,Manufacture of electrical equipment,7,2016
802,334800 ,2017JJ00,1495.0,1149.0,346.0,1463.0,-0.9,-1.5,-0.9,77.8,59.7,76.1,44.3,34.1,43.4,4.8,4.1,4.8,5.5,4.8,5.5,19.0,34.0,40.0,39.0,0.0,-5.4,-6.1,21.0,17.0,4.0,16.0,14.0,2.0,5.0,2.0,2.0,-5.4,27 Manufacture of electric equipment,Manufacture of electrical equipment,7,2017
803,334800 ,2018JJ00,1594.0,1232.0,362.0,1565.0,6.6,7.2,7.0,77.6,60.0,76.2,44.4,34.3,43.6,-0.2,0.4,0.1,0.2,0.7,0.5,21.0,36.0,43.0,42.0,0.0,6.8,6.4,22.0,18.0,4.0,17.0,15.0,2.0,5.0,3.0,2.0,6.9,27 Manufacture of electric equipment,Manufacture of electrical equipment,7,2018
804,334800 ,2019JJ00,1575.0,1204.0,371.0,1543.0,-1.2,-2.3,-1.4,77.3,59.1,75.8,44.2,33.8,43.3,-0.4,-1.5,-0.6,-0.4,-1.5,-0.6,20.0,36.0,42.0,42.0,0.0,-0.8,-0.8,22.0,18.0,4.0,17.0,15.0,2.0,5.0,3.0,2.0,-0.7,27 Manufacture of electric equipment,Manufacture of electrical equipment,7,2019
805,334800 ,2020JJ00,1619.0,1213.0,406.0,1561.0,2.8,0.7,1.1,80.6,60.4,77.7,47.2,35.4,45.6,4.2,2.2,2.6,6.8,4.7,5.1,20.0,34.0,42.0,41.0,0.0,-1.4,-3.8,22.0,17.0,4.0,17.0,15.0,2.0,5.0,3.0,2.0,-1.6,27 Manufacture of electric equipment,Manufacture of electrical equipment,7,2020
806,334800 ,2021JJ00,1760.0,1345.0,415.0,1711.0,8.7,10.9,9.6,81.9,62.6,79.6,47.4,36.2,46.0,1.6,3.6,2.5,0.2,2.2,1.1,21.0,37.0,44.0,44.0,0.0,7.0,8.5,23.0,18.0,5.0,18.0,15.0,2.0,6.0,3.0,2.0,7.1,27 Manufacture of electric equipment,Manufacture of electrical equipment,7,2021
807,334800 ,2022JJ00,1931.0,1464.0,467.0,1895.0,9.7,8.8,10.8,85.1,64.5,83.5,49.5,37.5,48.5,3.9,3.1,4.9,4.4,3.6,5.4,23.0,39.0,47.0,47.0,0.0,5.6,5.0,25.0,19.0,6.0,19.0,16.0,3.0,6.0,3.0,3.0,6.0,27 Manufacture of electric equipment,Manufacture of electrical equipment,7,2022
808,334800 ,2023JJ00,2031.0,1532.0,499.0,1995.0,5.2,4.7,5.3,85.8,64.7,84.3,50.0,37.7,49.1,0.9,0.4,1.0,1.1,0.6,1.2,24.0,41.0,49.0,49.0,0.0,4.3,4.0,26.0,20.0,6.0,19.0,16.0,3.0,6.0,4.0,3.0,4.1,27 Manufacture of electric equipment,Manufacture of electrical equipment,7,2023
809,334800 ,2024JJ00,2134.0,1599.0,535.0,2097.0,5.1,4.4,5.2,91.7,68.7,90.1,53.0,39.7,52.1,6.8,6.1,6.9,6.0,5.3,6.1,23.0,40.0,49.0,48.0,0.0,-1.6,-0.9,25.0,19.0,6.0,18.0,15.0,3.0,7.0,4.0,3.0,-1.9,27 Manufacture of electric equipment,Manufacture of electrical equipment,7,2024
810,336500 ,1995JJ00,2522.0,2124.0,398.0,2509.0,,,,37.5,31.6,37.3,20.5,17.2,20.4,,,,,,,67.0,123.0,,,,,,70.0,63.0,7.0,,,,,,,,28 Manufacture of machinery n.e.c.,Manufacture of machinery and equipment n.e.c.,7,1995
811,336500 ,1996JJ00,2630.0,2200.0,430.0,2603.0,4.2,3.6,3.7,38.3,32.1,37.9,20.9,17.5,20.7,2.1,1.5,1.6,2.0,1.3,1.5,69.0,126.0,,,,2.1,2.2,72.0,64.0,7.0,,,,,,,2.2,28 Manufacture of machinery n.e.c.,Manufacture of machinery and equipment n.e.c.,7,1996
812,336500 ,1997JJ00,2706.0,2298.0,408.0,2674.0,2.9,4.5,2.8,38.2,32.4,37.7,21.0,17.8,20.8,-0.4,1.1,-0.6,0.6,2.1,0.4,71.0,129.0,,,,3.4,2.3,74.0,66.0,8.0,,,,,,,3.2,28 Manufacture of machinery n.e.c.,Manufacture of machinery and equipment n.e.c.,7,1997
813,336500 ,1998JJ00,2929.0,2311.0,618.0,2886.0,8.2,0.6,7.9,39.8,31.4,39.2,21.8,17.2,21.5,4.3,-3.1,4.0,3.9,-3.4,3.6,74.0,134.0,,,,3.8,4.1,77.0,69.0,9.0,,,,,,,4.8,28 Manufacture of machinery n.e.c.,Manufacture of machinery and equipment n.e.c.,7,1998
814,336500 ,1999JJ00,3095.0,2424.0,671.0,3055.0,5.7,4.9,5.9,41.6,32.6,41.0,22.7,17.8,22.4,4.4,3.6,4.6,4.2,3.4,4.4,74.0,136.0,,,,1.2,1.5,78.0,69.0,9.0,,,,,,,1.3,28 Manufacture of machinery n.e.c.,Manufacture of machinery and equipment n.e.c.,7,1999
815,336500 ,2000JJ00,3278.0,2532.0,746.0,3239.0,5.9,4.5,6.0,44.3,34.2,43.8,24.4,18.9,24.2,6.6,5.1,6.7,7.5,6.1,7.6,74.0,134.0,,,,-0.6,-1.5,80.0,70.0,10.0,,,,,,,1.6,28 Manufacture of machinery n.e.c.,Manufacture of machinery and equipment n.e.c.,7,2000
816,336500 ,2001JJ00,3387.0,2680.0,707.0,3345.0,3.3,5.8,3.3,44.8,35.4,44.2,24.7,19.5,24.4,1.1,3.5,1.0,1.0,3.4,0.9,76.0,137.0,,,,2.2,2.3,81.0,71.0,10.0,,,,,,,1.8,28 Manufacture of machinery n.e.c.,Manufacture of machinery and equipment n.e.c.,7,2001
817,336500 ,2002JJ00,3326.0,2620.0,706.0,3280.0,-1.8,-2.2,-1.9,46.4,36.5,45.8,25.6,20.2,25.2,3.6,3.1,3.4,3.7,3.2,3.6,72.0,130.0,,,,-5.2,-5.3,77.0,67.0,10.0,,,,,,,-5.1,28 Manufacture of machinery n.e.c.,Manufacture of machinery and equipment n.e.c.,7,2002
818,336500 ,2003JJ00,3346.0,2648.0,698.0,3308.0,0.6,1.1,0.9,48.1,38.1,47.6,26.3,20.8,26.0,3.7,4.2,4.0,2.7,3.2,3.0,70.0,127.0,,,,-3.0,-2.1,74.0,65.0,9.0,,,,,,,-3.3,28 Manufacture of machinery n.e.c.,Manufacture of machinery and equipment n.e.c.,7,2003
819,336500 ,2004JJ00,3404.0,2680.0,724.0,3357.0,1.7,1.2,1.5,49.6,39.0,48.9,26.9,21.2,26.5,3.0,2.4,2.7,2.4,1.8,2.1,69.0,126.0,,,,-1.2,-0.6,74.0,65.0,9.0,,,,,,,-1.1,28 Manufacture of machinery n.e.c.,Manufacture of machinery and equipment n.e.c.,7,2004
820,336500 ,2005JJ00,3404.0,2706.0,698.0,3365.0,0.0,1.0,0.2,50.0,39.8,49.5,27.4,21.8,27.1,0.9,1.9,1.2,2.0,3.0,2.2,68.0,124.0,,,,-0.9,-1.9,73.0,64.0,9.0,,,,,,,-0.9,28 Manufacture of machinery n.e.c.,Manufacture of machinery and equipment n.e.c.,7,2005
821,336500 ,2006JJ00,3520.0,2808.0,712.0,3477.0,3.4,3.8,3.3,51.3,40.9,50.7,28.2,22.5,27.9,2.5,2.9,2.4,2.9,3.3,2.8,69.0,125.0,,,,0.9,0.5,74.0,64.0,9.0,,,,,,,1.0,28 Manufacture of machinery n.e.c.,Manufacture of machinery and equipment n.e.c.,7,2006
822,336500 ,2007JJ00,3760.0,3003.0,757.0,3712.0,6.8,7.0,6.8,53.3,42.5,52.6,29.3,23.4,28.9,3.8,4.0,3.8,3.6,3.7,3.5,71.0,129.0,,,,2.9,3.1,76.0,67.0,9.0,,,,,,,3.2,28 Manufacture of machinery n.e.c.,Manufacture of machinery and equipment n.e.c.,7,2007
823,336500 ,2008JJ00,4052.0,3218.0,834.0,3996.0,7.8,7.2,7.6,55.9,44.4,55.1,30.7,24.4,30.3,5.0,4.4,4.9,5.0,4.4,4.9,72.0,132.0,,,,2.6,2.6,78.0,68.0,10.0,,,,,,,2.7,28 Manufacture of machinery n.e.c.,Manufacture of machinery and equipment n.e.c.,7,2008
824,336500 ,2009JJ00,4098.0,3304.0,794.0,3978.0,1.1,2.7,-0.4,56.9,45.8,55.2,31.9,25.7,30.9,1.7,3.2,0.1,3.8,5.4,2.2,72.0,129.0,,,,-0.6,-2.6,78.0,68.0,10.0,,,,,,,-0.7,28 Manufacture of machinery n.e.c.,Manufacture of machinery and equipment n.e.c.,7,2009
825,336500 ,2010JJ00,4013.0,3213.0,800.0,3914.0,-2.1,-2.8,-1.6,59.3,47.5,57.9,32.7,26.2,31.9,4.4,3.7,4.9,2.7,2.0,3.2,68.0,123.0,142.0,139.0,4.0,-6.2,-4.7,73.0,64.0,9.0,60.0,57.0,3.0,13.0,7.0,6.0,-6.2,28 Manufacture of machinery n.e.c.,Manufacture of machinery and equipment n.e.c.,7,2010
826,336500 ,2011JJ00,4346.0,3480.0,866.0,4256.0,8.3,8.3,8.8,62.7,50.2,61.4,34.3,27.5,33.6,5.7,5.7,6.1,4.7,4.7,5.2,69.0,127.0,145.0,141.0,4.0,2.5,3.4,75.0,65.0,9.0,60.0,57.0,3.0,15.0,9.0,6.0,2.9,28 Manufacture of machinery n.e.c.,Manufacture of machinery and equipment n.e.c.,7,2011
827,336500 ,2012JJ00,4555.0,3614.0,941.0,4527.0,4.8,3.9,6.4,64.3,51.0,63.9,35.4,28.1,35.1,2.5,1.6,4.1,3.1,2.2,4.7,71.0,129.0,149.0,146.0,4.0,2.2,1.6,76.0,67.0,10.0,62.0,58.0,3.0,15.0,9.0,6.0,1.8,28 Manufacture of machinery n.e.c.,Manufacture of machinery and equipment n.e.c.,7,2012
828,336500 ,2013JJ00,4852.0,3770.0,1082.0,4779.0,6.5,4.3,5.6,67.0,52.0,66.0,36.5,28.3,35.9,4.1,2.0,3.2,3.2,1.0,2.3,72.0,133.0,154.0,149.0,4.0,2.3,3.3,78.0,68.0,10.0,63.0,60.0,3.0,14.0,8.0,6.0,1.8,28 Manufacture of machinery n.e.c.,Manufacture of machinery and equipment n.e.c.,7,2013
829,336500 ,2014JJ00,4983.0,3922.0,1061.0,4915.0,2.7,4.0,2.9,67.6,53.2,66.7,36.4,28.7,35.9,0.9,2.2,1.1,-0.2,1.1,0.0,74.0,137.0,157.0,153.0,4.0,1.8,2.9,79.0,69.0,10.0,64.0,60.0,4.0,15.0,9.0,6.0,1.9,28 Manufacture of machinery n.e.c.,Manufacture of machinery and equipment n.e.c.,7,2014
830,336500 ,2015JJ00,5048.0,4020.0,1028.0,4979.0,1.3,2.5,1.3,67.9,54.1,67.0,37.1,29.6,36.6,0.5,1.7,0.5,2.0,3.2,2.0,74.0,136.0,157.0,153.0,4.0,0.7,-0.7,80.0,70.0,10.0,64.0,60.0,4.0,16.0,9.0,7.0,0.7,28 Manufacture of machinery n.e.c.,Manufacture of machinery and equipment n.e.c.,7,2015
831,336500 ,2016JJ00,5243.0,4152.0,1091.0,5088.0,3.9,3.3,2.2,69.2,54.8,67.2,37.9,30.0,36.8,1.9,1.4,0.3,2.1,1.6,0.5,76.0,138.0,160.0,156.0,4.0,1.9,1.7,81.0,71.0,10.0,66.0,62.0,4.0,15.0,9.0,7.0,1.7,28 Manufacture of machinery n.e.c.,Manufacture of machinery and equipment n.e.c.,7,2016
832,336500 ,2017JJ00,5498.0,4359.0,1139.0,5346.0,4.9,5.0,5.1,70.2,55.6,68.2,38.9,30.8,37.8,1.4,1.5,1.6,2.5,2.6,2.7,78.0,141.0,164.0,160.0,4.0,3.5,2.3,84.0,73.0,11.0,69.0,65.0,4.0,15.0,8.0,7.0,3.1,28 Manufacture of machinery n.e.c.,Manufacture of machinery and equipment n.e.c.,7,2017
833,336500 ,2018JJ00,5793.0,4573.0,1220.0,5644.0,5.4,4.9,5.6,72.5,57.3,70.7,40.5,31.9,39.4,3.3,2.9,3.5,4.1,3.7,4.3,80.0,143.0,168.0,164.0,4.0,2.0,1.2,85.0,74.0,11.0,69.0,65.0,4.0,16.0,9.0,7.0,2.0,28 Manufacture of machinery n.e.c.,Manufacture of machinery and equipment n.e.c.,7,2018
834,336500 ,2019JJ00,6322.0,4964.0,1358.0,6145.0,9.1,8.5,8.9,75.1,59.0,73.0,42.0,33.0,40.8,3.5,3.0,3.3,3.7,3.2,3.5,84.0,151.0,176.0,172.0,4.0,5.4,5.2,90.0,78.0,12.0,73.0,68.0,5.0,17.0,10.0,7.0,5.3,28 Manufacture of machinery n.e.c.,Manufacture of machinery and equipment n.e.c.,7,2019
835,336500 ,2020JJ00,6708.0,5213.0,1495.0,6294.0,6.1,5.0,2.4,77.5,60.2,72.7,47.2,36.7,44.3,3.2,2.1,-0.4,12.4,11.3,8.5,87.0,142.0,181.0,178.0,3.0,2.9,-5.6,92.0,79.0,13.0,74.0,69.0,5.0,18.0,11.0,8.0,2.7,28 Manufacture of machinery n.e.c.,Manufacture of machinery and equipment n.e.c.,7,2020
836,336500 ,2021JJ00,7152.0,5564.0,1588.0,6850.0,6.6,6.7,8.8,81.2,63.2,77.8,46.1,35.9,44.2,4.9,5.0,7.0,-2.2,-2.1,-0.2,88.0,155.0,183.0,180.0,3.0,1.7,9.0,94.0,81.0,13.0,75.0,69.0,6.0,19.0,11.0,8.0,1.8,28 Manufacture of machinery n.e.c.,Manufacture of machinery and equipment n.e.c.,7,2021
837,336500 ,2022JJ00,7762.0,5997.0,1765.0,7521.0,8.5,7.8,9.8,84.6,65.3,81.9,48.4,37.4,46.9,4.1,3.4,5.3,5.0,4.2,6.2,92.0,160.0,191.0,187.0,3.0,4.3,3.4,98.0,84.0,14.0,77.0,71.0,6.0,21.0,13.0,8.0,4.4,28 Manufacture of machinery n.e.c.,Manufacture of machinery and equipment n.e.c.,7,2022
838,336500 ,2023JJ00,8668.0,6714.0,1954.0,8456.0,11.7,12.0,12.4,89.8,69.5,87.6,51.9,40.2,50.7,6.2,6.4,6.9,7.2,7.5,7.9,97.0,167.0,200.0,196.0,4.0,5.2,4.1,103.0,87.0,16.0,81.0,73.0,7.0,22.0,14.0,8.0,5.2,28 Manufacture of machinery n.e.c.,Manufacture of machinery and equipment n.e.c.,7,2023
839,336500 ,2024JJ00,9355.0,7257.0,2098.0,9129.0,7.9,8.1,8.0,94.9,73.6,92.6,54.7,42.5,53.4,5.7,5.8,5.7,5.4,5.5,5.4,99.0,171.0,205.0,201.0,3.0,2.1,2.4,105.0,88.0,17.0,80.0,72.0,8.0,25.0,16.0,9.0,2.2,28 Manufacture of machinery n.e.c.,Manufacture of machinery and equipment n.e.c.,7,2024
840,339200 ,1995JJ00,696.0,582.0,114.0,694.0,,,,30.0,25.1,29.9,16.8,14.0,16.7,,,,,,,23.0,42.0,,,,,,24.0,22.0,2.0,,,,,,,,29 Manufacture of cars and trailers,"Manufacture of motor vehicles, trailers and semi-trailers",7,1995
841,339200 ,1996JJ00,754.0,627.0,127.0,752.0,8.2,7.7,8.2,34.3,28.5,34.2,19.0,15.8,19.0,14.2,13.7,14.3,13.7,13.1,13.7,22.0,40.0,,,,-5.3,-4.8,23.0,21.0,2.0,,,,,,,-4.9,29 Manufacture of cars and trailers,"Manufacture of motor vehicles, trailers and semi-trailers",7,1996
842,339200 ,1997JJ00,812.0,686.0,126.0,808.0,7.7,9.4,7.4,36.3,30.7,36.1,20.4,17.2,20.3,6.0,7.7,5.7,7.1,8.8,6.9,22.0,40.0,,,,1.6,0.5,23.0,21.0,2.0,,,,,,,0.6,29 Manufacture of cars and trailers,"Manufacture of motor vehicles, trailers and semi-trailers",7,1997
843,339200 ,1998JJ00,872.0,682.0,190.0,867.0,7.5,-0.5,7.4,37.5,29.3,37.3,21.0,16.4,20.8,3.3,-4.4,3.2,2.7,-4.9,2.6,23.0,42.0,,,,4.1,4.7,24.0,22.0,3.0,,,,,,,4.3,29 Manufacture of cars and trailers,"Manufacture of motor vehicles, trailers and semi-trailers",7,1998
844,339200 ,1999JJ00,945.0,725.0,220.0,941.0,8.4,6.3,8.5,39.9,30.6,39.7,22.2,17.1,22.1,6.4,4.4,6.6,6.1,4.1,6.3,24.0,43.0,,,,1.9,2.1,25.0,22.0,3.0,,,,,,,2.4,29 Manufacture of cars and trailers,"Manufacture of motor vehicles, trailers and semi-trailers",7,1999
845,339200 ,2000JJ00,977.0,741.0,236.0,973.0,3.4,2.2,3.4,41.5,31.5,41.3,23.3,17.7,23.2,4.0,2.8,4.0,4.9,3.7,4.9,24.0,42.0,,,,-0.6,-1.4,25.0,22.0,3.0,,,,,,,0.8,29 Manufacture of cars and trailers,"Manufacture of motor vehicles, trailers and semi-trailers",7,2000
846,339200 ,2001JJ00,972.0,751.0,221.0,968.0,-0.6,1.3,-0.6,41.7,32.2,41.5,23.5,18.2,23.4,0.4,2.3,0.4,0.7,2.6,0.7,23.0,41.0,,,,-1.0,-1.3,25.0,22.0,3.0,,,,,,,-1.7,29 Manufacture of cars and trailers,"Manufacture of motor vehicles, trailers and semi-trailers",7,2001
847,339200 ,2002JJ00,958.0,733.0,225.0,954.0,-1.4,-2.4,-1.4,42.9,32.8,42.7,24.4,18.7,24.3,3.0,2.0,3.0,3.8,2.7,3.8,22.0,39.0,,,,-4.2,-5.0,24.0,21.0,2.0,,,,,,,-4.2,29 Manufacture of cars and trailers,"Manufacture of motor vehicles, trailers and semi-trailers",7,2002
848,339200 ,2003JJ00,971.0,745.0,226.0,967.0,1.4,1.7,1.4,44.4,34.1,44.2,25.3,19.4,25.2,3.5,3.8,3.5,3.8,4.1,3.8,22.0,38.0,,,,-2.1,-2.3,23.0,21.0,2.0,,,,,,,-1.8,29 Manufacture of cars and trailers,"Manufacture of motor vehicles, trailers and semi-trailers",7,2003
849,339200 ,2004JJ00,948.0,729.0,219.0,942.0,-2.4,-2.1,-2.6,46.1,35.5,45.8,26.0,20.0,25.8,3.8,4.1,3.6,2.7,2.9,2.4,21.0,37.0,,,,-6.0,-4.9,22.0,20.0,2.0,,,,,,,-5.6,29 Manufacture of cars and trailers,"Manufacture of motor vehicles, trailers and semi-trailers",7,2004
850,339200 ,2005JJ00,911.0,712.0,199.0,906.0,-3.9,-2.4,-3.8,45.9,35.9,45.6,26.0,20.4,25.9,-0.5,1.1,-0.4,0.3,1.9,0.4,20.0,35.0,,,,-3.4,-4.2,21.0,19.0,2.0,,,,,,,-3.9,29 Manufacture of cars and trailers,"Manufacture of motor vehicles, trailers and semi-trailers",7,2005
851,339200 ,2006JJ00,925.0,721.0,204.0,919.0,1.6,1.3,1.5,47.4,36.9,47.1,27.0,21.0,26.8,3.3,3.0,3.2,3.7,3.4,3.6,20.0,34.0,,,,-1.6,-2.0,21.0,19.0,2.0,,,,,,,-1.3,29 Manufacture of cars and trailers,"Manufacture of motor vehicles, trailers and semi-trailers",7,2006
852,339200 ,2007JJ00,904.0,700.0,204.0,897.0,-2.3,-2.9,-2.5,47.5,36.8,47.1,27.2,21.1,27.0,0.3,-0.3,0.1,0.7,0.1,0.6,19.0,33.0,,,,-2.6,-3.0,20.0,18.0,2.0,,,,,,,-2.0,29 Manufacture of cars and trailers,"Manufacture of motor vehicles, trailers and semi-trailers",7,2007
853,339200 ,2008JJ00,968.0,750.0,218.0,959.0,7.0,7.1,6.9,49.3,38.2,48.8,28.6,22.2,28.4,3.8,3.8,3.6,5.3,5.3,5.1,20.0,34.0,,,,3.2,1.7,21.0,19.0,2.0,,,,,,,3.7,29 Manufacture of cars and trailers,"Manufacture of motor vehicles, trailers and semi-trailers",7,2008
854,339200 ,2009JJ00,897.0,704.0,193.0,820.0,-7.3,-6.2,-14.5,49.4,38.7,45.1,32.3,25.4,29.5,0.1,1.4,-7.6,12.8,14.3,4.1,18.0,28.0,,,,-7.5,-17.9,19.0,17.0,2.0,,,,,,,-8.1,29 Manufacture of cars and trailers,"Manufacture of motor vehicles, trailers and semi-trailers",7,2009
855,339200 ,2010JJ00,826.0,643.0,183.0,798.0,-7.9,-8.7,-2.7,50.3,39.1,48.6,30.4,23.6,29.3,1.9,1.0,7.6,-6.0,-6.8,-0.7,16.0,27.0,33.0,33.0,0.0,-9.6,-2.1,17.0,16.0,2.0,15.0,14.0,1.0,3.0,2.0,1.0,-9.9,29 Manufacture of cars and trailers,"Manufacture of motor vehicles, trailers and semi-trailers",7,2010
856,339200 ,2011JJ00,862.0,670.0,192.0,847.0,4.4,4.2,6.2,52.5,40.8,51.6,30.4,23.6,29.9,4.5,4.3,6.2,0.1,0.0,1.8,16.0,28.0,33.0,33.0,0.0,-0.1,4.2,17.0,16.0,2.0,14.0,14.0,1.0,3.0,2.0,1.0,0.2,29 Manufacture of cars and trailers,"Manufacture of motor vehicles, trailers and semi-trailers",7,2011
857,339200 ,2012JJ00,887.0,687.0,200.0,873.0,2.9,2.5,3.0,54.3,42.1,53.5,31.6,24.5,31.1,3.5,3.2,3.7,4.1,3.7,4.2,16.0,28.0,33.0,33.0,0.0,-0.6,-1.1,17.0,16.0,1.0,14.0,14.0,1.0,3.0,2.0,1.0,-1.0,29 Manufacture of cars and trailers,"Manufacture of motor vehicles, trailers and semi-trailers",7,2012
858,339200 ,2013JJ00,857.0,666.0,191.0,845.0,-3.3,-3.0,-3.1,54.7,42.5,53.9,31.1,24.2,30.6,0.6,1.0,0.8,-1.8,-1.4,-1.6,16.0,28.0,32.0,32.0,1.0,-3.9,-1.6,17.0,15.0,1.0,14.0,14.0,1.0,2.0,1.0,1.0,-4.3,29 Manufacture of cars and trailers,"Manufacture of motor vehicles, trailers and semi-trailers",7,2013
859,339200 ,2014JJ00,901.0,688.0,213.0,887.0,5.1,3.2,4.9,56.9,43.4,56.0,32.2,24.6,31.7,4.0,2.1,3.8,3.7,1.9,3.6,16.0,28.0,33.0,32.0,1.0,1.1,1.3,17.0,15.0,1.0,14.0,14.0,1.0,2.0,2.0,1.0,1.2,29 Manufacture of cars and trailers,"Manufacture of motor vehicles, trailers and semi-trailers",7,2014
860,339200 ,2015JJ00,985.0,760.0,225.0,971.0,9.3,10.4,9.5,56.9,43.9,56.0,32.4,25.0,32.0,0.0,1.0,0.1,0.6,1.6,0.7,17.0,30.0,36.0,35.0,1.0,9.3,8.7,18.0,17.0,2.0,15.0,15.0,1.0,3.0,2.0,1.0,9.4,29 Manufacture of cars and trailers,"Manufacture of motor vehicles, trailers and semi-trailers",7,2015
861,339200 ,2016JJ00,1080.0,831.0,249.0,1061.0,9.7,9.4,9.3,59.3,45.6,58.3,33.7,25.9,33.1,4.3,4.0,4.0,3.8,3.5,3.5,18.0,32.0,38.0,37.0,1.0,5.2,5.6,19.0,18.0,2.0,16.0,16.0,1.0,3.0,2.0,1.0,5.0,29 Manufacture of cars and trailers,"Manufacture of motor vehicles, trailers and semi-trailers",7,2016
862,339200 ,2017JJ00,1170.0,900.0,270.0,1157.0,8.3,8.3,9.1,60.6,46.6,59.9,34.8,26.8,34.5,2.1,2.1,2.8,3.5,3.4,4.2,19.0,34.0,40.0,39.0,1.0,6.1,4.7,20.0,18.0,2.0,18.0,17.0,1.0,3.0,2.0,1.0,5.8,29 Manufacture of cars and trailers,"Manufacture of motor vehicles, trailers and semi-trailers",7,2017
863,339200 ,2018JJ00,1339.0,1020.0,319.0,1323.0,14.5,13.4,14.4,60.6,46.1,59.8,35.0,26.6,34.6,0.0,-0.9,-0.1,0.4,-0.6,0.3,22.0,38.0,46.0,45.0,1.0,14.5,14.0,23.0,21.0,2.0,20.0,19.0,1.0,3.0,2.0,1.0,14.3,29 Manufacture of cars and trailers,"Manufacture of motor vehicles, trailers and semi-trailers",7,2018
864,339200 ,2019JJ00,1439.0,1092.0,347.0,1420.0,7.4,7.0,7.3,62.4,47.3,61.6,36.4,27.6,35.9,3.0,2.6,2.9,4.1,3.7,4.0,23.0,40.0,47.0,47.0,1.0,4.3,3.2,24.0,22.0,2.0,21.0,20.0,1.0,3.0,2.0,1.0,4.1,29 Manufacture of cars and trailers,"Manufacture of motor vehicles, trailers and semi-trailers",7,2019
865,339200 ,2020JJ00,1499.0,1140.0,359.0,1343.0,4.2,4.4,-5.4,67.1,51.0,60.1,50.8,38.6,45.5,7.5,7.7,-2.4,39.6,39.8,26.7,22.0,29.0,46.0,45.0,0.0,-3.1,-25.4,23.0,21.0,2.0,20.0,19.0,1.0,3.0,2.0,1.0,-3.1,29 Manufacture of cars and trailers,"Manufacture of motor vehicles, trailers and semi-trailers",7,2020
866,339200 ,2021JJ00,1507.0,1146.0,361.0,1468.0,0.5,0.5,9.3,69.8,53.0,67.9,42.0,32.0,41.0,4.0,4.0,13.0,-17.3,-17.3,-10.1,22.0,36.0,44.0,43.0,0.0,-3.4,21.5,23.0,20.0,2.0,19.0,18.0,1.0,4.0,2.0,1.0,-3.1,29 Manufacture of cars and trailers,"Manufacture of motor vehicles, trailers and semi-trailers",7,2021
867,339200 ,2022JJ00,1576.0,1191.0,385.0,1555.0,4.6,3.9,6.0,72.1,54.4,71.1,42.9,32.4,42.3,3.3,2.6,4.6,2.0,1.4,3.3,22.0,37.0,44.0,44.0,0.0,1.3,2.5,23.0,20.0,3.0,19.0,18.0,1.0,4.0,3.0,1.0,1.5,29 Manufacture of cars and trailers,"Manufacture of motor vehicles, trailers and semi-trailers",7,2022
868,339200 ,2023JJ00,1686.0,1279.0,407.0,1669.0,7.0,7.4,7.3,77.1,58.5,76.3,46.1,35.0,45.7,7.0,7.4,7.3,7.6,8.0,7.9,22.0,37.0,44.0,44.0,0.0,0.0,-0.6,23.0,20.0,3.0,19.0,18.0,1.0,4.0,3.0,1.0,0.2,29 Manufacture of cars and trailers,"Manufacture of motor vehicles, trailers and semi-trailers",7,2023
869,339200 ,2024JJ00,1805.0,1364.0,441.0,1782.0,7.0,6.6,6.7,90.2,68.2,89.1,53.5,40.4,52.8,17.1,16.7,16.8,15.9,15.5,15.6,20.0,34.0,41.0,40.0,0.0,-8.6,-7.7,21.0,19.0,3.0,17.0,15.0,1.0,4.0,3.0,1.0,-8.1,29 Manufacture of cars and trailers,"Manufacture of motor vehicles, trailers and semi-trailers",7,2024
870,339205 ,1995JJ00,1248.0,1052.0,196.0,1233.0,,,,31.3,26.4,30.9,17.3,14.6,17.1,,,,,,,40.0,72.0,,,,,,41.0,37.0,4.0,,,,,,,,29-30 Transport equipment,"Manufacture of transport equipment 
This category is made up of the categories: 
29 Manufacture of motor vehicles, trailers and semi-trailers 
30 Manufacture of other transport equipment",24,1995
871,339205 ,1996JJ00,1271.0,1067.0,204.0,1262.0,1.8,1.4,2.3,33.7,28.3,33.5,18.6,15.6,18.4,7.8,7.4,8.3,7.2,6.9,7.8,38.0,68.0,,,,-5.6,-5.1,39.0,36.0,3.0,,,,,,,-5.2,29-30 Transport equipment,"Manufacture of transport equipment 
This category is made up of the categories: 
29 Manufacture of motor vehicles, trailers and semi-trailers 
30 Manufacture of other transport equipment",24,1996
872,339205 ,1997JJ00,1315.0,1120.0,195.0,1299.0,3.4,5.0,2.9,34.4,29.4,34.0,19.1,16.3,18.9,2.1,3.6,1.6,3.1,4.6,2.6,38.0,69.0,,,,1.3,0.3,39.0,36.0,3.0,,,,,,,0.4,29-30 Transport equipment,"Manufacture of transport equipment 
This category is made up of the categories: 
29 Manufacture of motor vehicles, trailers and semi-trailers 
30 Manufacture of other transport equipment",24,1997
873,339205 ,1998JJ00,1433.0,1132.0,301.0,1412.0,9.1,1.1,8.8,36.1,28.5,35.6,19.9,15.7,19.6,4.7,-2.9,4.5,4.2,-3.4,3.9,40.0,72.0,,,,4.1,4.7,41.0,37.0,4.0,,,,,,,4.3,29-30 Transport equipment,"Manufacture of transport equipment 
This category is made up of the categories: 
29 Manufacture of motor vehicles, trailers and semi-trailers 
30 Manufacture of other transport equipment",24,1998
874,339205 ,1999JJ00,1539.0,1194.0,345.0,1518.0,7.4,5.5,7.5,38.0,29.5,37.5,21.0,16.3,20.7,5.4,3.5,5.5,5.2,3.3,5.3,40.0,73.0,,,,1.9,2.1,42.0,38.0,4.0,,,,,,,2.4,29-30 Transport equipment,"Manufacture of transport equipment 
This category is made up of the categories: 
29 Manufacture of motor vehicles, trailers and semi-trailers 
30 Manufacture of other transport equipment",24,1999
875,339205 ,2000JJ00,1603.0,1228.0,375.0,1583.0,4.0,2.8,4.2,39.7,30.4,39.2,22.1,17.0,21.8,4.4,3.2,4.5,5.4,4.2,5.6,40.0,72.0,,,,-0.3,-1.3,43.0,38.0,4.0,,,,,,,0.9,29-30 Transport equipment,"Manufacture of transport equipment 
This category is made up of the categories: 
29 Manufacture of motor vehicles, trailers and semi-trailers 
30 Manufacture of other transport equipment",24,2000
876,339205 ,2001JJ00,1642.0,1281.0,361.0,1620.0,2.4,4.3,2.3,41.1,32.1,40.6,22.9,17.9,22.6,3.5,5.4,3.4,3.5,5.3,3.4,40.0,72.0,,,,-1.1,-1.0,42.0,37.0,5.0,,,,,,,-1.2,29-30 Transport equipment,"Manufacture of transport equipment 
This category is made up of the categories: 
29 Manufacture of motor vehicles, trailers and semi-trailers 
30 Manufacture of other transport equipment",24,2001
877,339205 ,2002JJ00,1656.0,1287.0,369.0,1631.0,0.9,0.5,0.7,42.7,33.2,42.0,23.9,18.6,23.5,3.7,3.3,3.5,4.4,4.0,4.3,39.0,69.0,,,,-2.7,-3.4,41.0,37.0,4.0,,,,,,,-2.7,29-30 Transport equipment,"Manufacture of transport equipment 
This category is made up of the categories: 
29 Manufacture of motor vehicles, trailers and semi-trailers 
30 Manufacture of other transport equipment",24,2002
878,339205 ,2003JJ00,1648.0,1283.0,365.0,1630.0,-0.5,-0.4,-0.1,44.0,34.2,43.5,24.6,19.2,24.4,3.1,3.2,3.5,3.2,3.3,3.6,37.0,67.0,,,,-3.5,-3.6,40.0,35.0,4.0,,,,,,,-3.1,29-30 Transport equipment,"Manufacture of transport equipment 
This category is made up of the categories: 
29 Manufacture of motor vehicles, trailers and semi-trailers 
30 Manufacture of other transport equipment",24,2003
879,339205 ,2004JJ00,1616.0,1255.0,361.0,1595.0,-1.9,-2.2,-2.1,45.7,35.5,45.1,25.4,19.8,25.1,4.0,3.7,3.8,3.2,2.9,2.9,35.0,64.0,,,,-5.7,-4.9,37.0,34.0,4.0,,,,,,,-5.4,29-30 Transport equipment,"Manufacture of transport equipment 
This category is made up of the categories: 
29 Manufacture of motor vehicles, trailers and semi-trailers 
30 Manufacture of other transport equipment",24,2004
880,339205 ,2005JJ00,1533.0,1218.0,315.0,1514.0,-5.1,-3.0,-5.1,45.6,36.3,45.1,25.6,20.4,25.3,-0.1,2.1,-0.1,0.9,3.1,0.9,34.0,60.0,,,,-5.0,-5.9,35.0,32.0,4.0,,,,,,,-5.2,29-30 Transport equipment,"Manufacture of transport equipment 
This category is made up of the categories: 
29 Manufacture of motor vehicles, trailers and semi-trailers 
30 Manufacture of other transport equipment",24,2005
881,339205 ,2006JJ00,1559.0,1225.0,334.0,1540.0,1.7,0.6,1.8,47.2,37.1,46.6,26.6,20.9,26.3,3.4,2.2,3.4,3.8,2.7,3.9,33.0,59.0,,,,-1.6,-2.0,35.0,31.0,4.0,,,,,,,-1.3,29-30 Transport equipment,"Manufacture of transport equipment 
This category is made up of the categories: 
29 Manufacture of motor vehicles, trailers and semi-trailers 
30 Manufacture of other transport equipment",24,2006
882,339205 ,2007JJ00,1600.0,1254.0,346.0,1580.0,2.6,2.4,2.6,48.3,37.9,47.7,27.3,21.4,26.9,2.3,2.1,2.3,2.4,2.2,2.4,33.0,59.0,,,,0.3,0.2,35.0,32.0,4.0,,,,,,,0.8,29-30 Transport equipment,"Manufacture of transport equipment 
This category is made up of the categories: 
29 Manufacture of motor vehicles, trailers and semi-trailers 
30 Manufacture of other transport equipment",24,2007
883,339205 ,2008JJ00,1739.0,1359.0,380.0,1716.0,8.6,8.3,8.5,50.6,39.6,49.9,28.8,22.5,28.4,4.8,4.5,4.7,5.6,5.3,5.5,34.0,60.0,,,,3.6,2.8,37.0,32.0,4.0,,,,,,,4.5,29-30 Transport equipment,"Manufacture of transport equipment 
This category is made up of the categories: 
29 Manufacture of motor vehicles, trailers and semi-trailers 
30 Manufacture of other transport equipment",24,2008
884,339205 ,2009JJ00,1759.0,1394.0,365.0,1644.0,1.2,2.6,-4.2,51.8,41.0,48.4,31.2,24.7,29.2,2.3,3.8,-3.1,8.4,9.9,2.6,34.0,56.0,,,,-1.1,-6.6,36.0,32.0,4.0,,,,,,,-1.7,29-30 Transport equipment,"Manufacture of transport equipment 
This category is made up of the categories: 
29 Manufacture of motor vehicles, trailers and semi-trailers 
30 Manufacture of other transport equipment",24,2009
885,339205 ,2010JJ00,1730.0,1365.0,365.0,1670.0,-1.6,-2.1,1.6,52.8,41.6,50.9,30.6,24.1,29.5,1.9,1.5,5.3,-2.1,-2.5,1.2,33.0,57.0,68.0,67.0,1.0,-3.5,0.5,35.0,31.0,4.0,29.0,28.0,1.0,6.0,3.0,2.0,-3.7,29-30 Transport equipment,"Manufacture of transport equipment 
This category is made up of the categories: 
29 Manufacture of motor vehicles, trailers and semi-trailers 
30 Manufacture of other transport equipment",24,2010
886,339205 ,2011JJ00,1810.0,1429.0,381.0,1770.0,4.6,4.6,5.9,55.5,43.8,54.2,31.3,24.7,30.6,5.1,5.1,6.4,2.5,2.5,3.8,33.0,58.0,67.0,66.0,1.0,-0.5,2.1,35.0,31.0,4.0,28.0,27.0,1.0,6.0,4.0,2.0,-0.2,29-30 Transport equipment,"Manufacture of transport equipment 
This category is made up of the categories: 
29 Manufacture of motor vehicles, trailers and semi-trailers 
30 Manufacture of other transport equipment",24,2011
887,339205 ,2012JJ00,1827.0,1430.0,397.0,1796.0,1.0,0.1,1.5,57.0,44.6,56.0,32.4,25.4,31.8,2.7,1.8,3.3,3.5,2.6,4.0,32.0,56.0,66.0,65.0,1.0,-1.7,-2.4,34.0,30.0,4.0,28.0,27.0,1.0,6.0,4.0,2.0,-2.1,29-30 Transport equipment,"Manufacture of transport equipment 
This category is made up of the categories: 
29 Manufacture of motor vehicles, trailers and semi-trailers 
30 Manufacture of other transport equipment",24,2012
888,339205 ,2013JJ00,1830.0,1446.0,384.0,1804.0,0.1,1.1,0.4,57.7,45.6,56.9,32.4,25.6,31.9,1.3,2.3,1.5,0.0,1.0,0.2,32.0,56.0,66.0,65.0,1.0,-1.1,0.2,34.0,30.0,4.0,28.0,27.0,1.0,5.0,3.0,2.0,-1.4,29-30 Transport equipment,"Manufacture of transport equipment 
This category is made up of the categories: 
29 Manufacture of motor vehicles, trailers and semi-trailers 
30 Manufacture of other transport equipment",24,2013
889,339205 ,2014JJ00,1923.0,1491.0,432.0,1896.0,5.0,3.1,5.0,60.3,46.8,59.5,33.5,26.0,33.0,4.6,2.6,4.6,3.5,1.6,3.5,32.0,57.0,67.0,65.0,1.0,0.4,1.5,34.0,30.0,4.0,28.0,27.0,1.0,6.0,4.0,2.0,0.7,29-30 Transport equipment,"Manufacture of transport equipment 
This category is made up of the categories: 
29 Manufacture of motor vehicles, trailers and semi-trailers 
30 Manufacture of other transport equipment",24,2014
890,339205 ,2015JJ00,2018.0,1586.0,432.0,1993.0,5.1,6.4,5.2,60.8,47.8,60.0,34.0,26.8,33.6,0.8,2.1,0.9,1.6,2.9,1.8,33.0,59.0,69.0,68.0,1.0,4.3,3.4,35.0,32.0,4.0,29.0,27.0,1.0,6.0,4.0,2.0,4.3,29-30 Transport equipment,"Manufacture of transport equipment 
This category is made up of the categories: 
29 Manufacture of motor vehicles, trailers and semi-trailers 
30 Manufacture of other transport equipment",24,2015
891,339205 ,2016JJ00,2139.0,1670.0,469.0,2103.0,6.0,5.3,5.5,62.9,49.2,61.9,35.3,27.6,34.7,3.6,2.9,3.1,3.8,3.1,3.3,34.0,61.0,71.0,70.0,1.0,2.3,2.1,36.0,32.0,4.0,30.0,28.0,2.0,6.0,4.0,2.0,2.2,29-30 Transport equipment,"Manufacture of transport equipment 
This category is made up of the categories: 
29 Manufacture of motor vehicles, trailers and semi-trailers 
30 Manufacture of other transport equipment",24,2016
892,339205 ,2017JJ00,2220.0,1735.0,485.0,2192.0,3.8,3.8,4.2,63.5,49.6,62.7,36.1,28.2,35.6,0.8,0.9,1.3,2.2,2.2,2.6,35.0,61.0,72.0,71.0,1.0,2.9,1.6,37.0,33.0,4.0,31.0,29.0,2.0,6.0,4.0,3.0,2.9,29-30 Transport equipment,"Manufacture of transport equipment 
This category is made up of the categories: 
29 Manufacture of motor vehicles, trailers and semi-trailers 
30 Manufacture of other transport equipment",24,2017
893,339205 ,2018JJ00,2438.0,1887.0,551.0,2409.0,9.8,8.8,9.9,63.8,49.4,63.0,36.4,28.2,36.0,0.5,-0.5,0.6,0.9,-0.1,1.0,38.0,67.0,79.0,78.0,1.0,9.2,8.8,41.0,36.0,5.0,34.0,32.0,2.0,7.0,4.0,3.0,9.1,29-30 Transport equipment,"Manufacture of transport equipment 
This category is made up of the categories: 
29 Manufacture of motor vehicles, trailers and semi-trailers 
30 Manufacture of other transport equipment",24,2018
894,339205 ,2019JJ00,2642.0,2038.0,604.0,2609.0,8.4,8.0,8.3,65.8,50.8,65.0,37.8,29.1,37.3,3.2,2.8,3.1,3.7,3.4,3.7,40.0,70.0,83.0,82.0,1.0,5.0,4.5,43.0,37.0,5.0,35.0,33.0,2.0,7.0,5.0,3.0,5.0,29-30 Transport equipment,"Manufacture of transport equipment 
This category is made up of the categories: 
29 Manufacture of motor vehicles, trailers and semi-trailers 
30 Manufacture of other transport equipment",24,2019
895,339205 ,2020JJ00,2719.0,2087.0,632.0,2447.0,3.0,2.4,-6.2,69.4,53.3,62.5,46.2,35.5,41.6,5.5,4.9,-3.8,22.3,21.7,11.5,39.0,59.0,81.0,80.0,1.0,-2.4,-15.8,41.0,36.0,5.0,34.0,32.0,2.0,7.0,4.0,3.0,-2.9,29-30 Transport equipment,"Manufacture of transport equipment 
This category is made up of the categories: 
29 Manufacture of motor vehicles, trailers and semi-trailers 
30 Manufacture of other transport equipment",24,2020
896,339205 ,2021JJ00,2712.0,2080.0,632.0,2598.0,-0.3,-0.3,6.1,71.5,54.8,68.5,42.0,32.2,40.2,3.0,3.0,9.6,-9.1,-9.2,-3.3,38.0,65.0,78.0,77.0,1.0,-3.2,9.7,40.0,35.0,5.0,33.0,30.0,2.0,8.0,5.0,3.0,-2.9,29-30 Transport equipment,"Manufacture of transport equipment 
This category is made up of the categories: 
29 Manufacture of motor vehicles, trailers and semi-trailers 
30 Manufacture of other transport equipment",24,2021
897,339205 ,2022JJ00,2821.0,2147.0,674.0,2727.0,4.0,3.2,4.9,73.5,56.0,71.1,43.1,32.8,41.7,2.8,2.0,3.7,2.6,1.9,3.6,38.0,65.0,79.0,78.0,1.0,1.2,1.3,41.0,35.0,5.0,33.0,30.0,2.0,8.0,5.0,3.0,1.3,29-30 Transport equipment,"Manufacture of transport equipment 
This category is made up of the categories: 
29 Manufacture of motor vehicles, trailers and semi-trailers 
30 Manufacture of other transport equipment",24,2022
898,339205 ,2023JJ00,3056.0,2335.0,721.0,3020.0,8.4,8.8,10.8,78.3,59.8,77.4,46.1,35.2,45.6,6.5,6.9,8.8,7.0,7.4,9.3,39.0,66.0,80.0,79.0,1.0,1.8,1.3,42.0,36.0,6.0,33.0,30.0,3.0,9.0,6.0,3.0,2.0,29-30 Transport equipment,"Manufacture of transport equipment 
This category is made up of the categories: 
29 Manufacture of motor vehicles, trailers and semi-trailers 
30 Manufacture of other transport equipment",24,2023
899,339205 ,2024JJ00,3302.0,2520.0,782.0,3261.0,8.1,7.9,8.0,87.5,66.7,86.4,51.2,39.0,50.5,11.8,11.6,11.7,11.0,10.8,10.9,38.0,65.0,78.0,77.0,1.0,-3.3,-2.6,40.0,34.0,6.0,31.0,28.0,3.0,9.0,6.0,3.0,-3.0,29-30 Transport equipment,"Manufacture of transport equipment 
This category is made up of the categories: 
29 Manufacture of motor vehicles, trailers and semi-trailers 
30 Manufacture of other transport equipment",24,2024
900,340200 ,1995JJ00,552.0,470.0,82.0,539.0,,,,33.1,28.2,32.3,18.0,15.3,17.6,,,,,,,17.0,31.0,,,,,,17.0,16.0,2.0,,,,,,,,30 Manufacture of other transport,Manufacture of other transport equipment,7,1995
901,340200 ,1996JJ00,517.0,440.0,77.0,510.0,-6.4,-6.4,-5.4,33.0,28.1,32.6,17.9,15.2,17.6,-0.4,-0.3,0.6,-0.9,-0.8,0.2,16.0,29.0,,,,-6.0,-5.6,16.0,15.0,1.0,,,,,,,-5.7,30 Manufacture of other transport,Manufacture of other transport equipment,7,1996
902,340200 ,1997JJ00,503.0,434.0,69.0,491.0,-2.8,-1.4,-3.8,31.8,27.4,31.0,17.4,15.0,17.0,-3.6,-2.2,-4.6,-2.8,-1.4,-3.8,16.0,29.0,,,,0.9,0.0,16.0,15.0,1.0,,,,,,,0.1,30 Manufacture of other transport,Manufacture of other transport equipment,7,1997
903,340200 ,1998JJ00,561.0,450.0,111.0,545.0,11.6,3.7,11.1,34.1,27.3,33.1,18.5,14.9,18.0,7.1,-0.5,6.6,6.6,-1.0,6.1,16.0,30.0,,,,4.2,4.7,17.0,15.0,2.0,,,,,,,4.4,30 Manufacture of other transport,Manufacture of other transport equipment,7,1998
904,340200 ,1999JJ00,594.0,469.0,125.0,577.0,6.0,4.3,6.0,35.4,27.9,34.4,19.2,15.2,18.7,3.9,2.2,3.9,3.8,2.1,3.8,17.0,31.0,,,,2.0,2.2,17.0,16.0,2.0,,,,,,,2.4,30 Manufacture of other transport,Manufacture of other transport equipment,7,1999
905,340200 ,2000JJ00,626.0,487.0,139.0,610.0,5.1,3.8,5.4,37.2,29.0,36.3,20.4,15.9,19.9,5.2,3.9,5.5,6.3,5.0,6.7,17.0,31.0,,,,-0.1,-1.2,18.0,16.0,2.0,,,,,,,1.1,30 Manufacture of other transport,Manufacture of other transport equipment,7,2000
906,340200 ,2001JJ00,670.0,530.0,140.0,652.0,7.1,8.8,7.0,40.4,31.9,39.3,22.0,17.4,21.4,8.4,10.1,8.3,7.8,9.5,7.6,17.0,30.0,,,,-1.2,-0.6,17.0,16.0,2.0,,,,,,,-0.6,30 Manufacture of other transport,Manufacture of other transport equipment,7,2001
907,340200 ,2002JJ00,698.0,554.0,144.0,677.0,4.2,4.6,3.9,42.3,33.6,41.0,23.3,18.5,22.6,4.8,5.2,4.5,5.5,5.9,5.2,17.0,30.0,,,,-0.6,-1.2,17.0,15.0,2.0,,,,,,,-0.5,30 Manufacture of other transport,Manufacture of other transport equipment,7,2002
908,340200 ,2003JJ00,677.0,538.0,139.0,663.0,-3.1,-3.0,-2.2,43.3,34.4,42.4,23.8,18.9,23.3,2.4,2.5,3.4,2.2,2.3,3.2,16.0,28.0,,,,-5.4,-5.2,16.0,15.0,2.0,,,,,,,-4.9,30 Manufacture of other transport,Manufacture of other transport equipment,7,2003
909,340200 ,2004JJ00,668.0,526.0,142.0,653.0,-1.3,-2.2,-1.5,45.1,35.5,44.1,24.7,19.4,24.1,4.2,3.2,4.0,3.9,2.9,3.7,15.0,27.0,,,,-5.3,-5.0,16.0,14.0,2.0,,,,,,,-5.2,30 Manufacture of other transport,Manufacture of other transport equipment,7,2004
910,340200 ,2005JJ00,622.0,506.0,116.0,608.0,-6.9,-3.9,-6.9,45.3,36.8,44.3,25.1,20.4,24.5,0.4,3.6,0.4,1.6,4.9,1.6,14.0,25.0,,,,-7.2,-8.3,15.0,13.0,2.0,,,,,,,-7.0,30 Manufacture of other transport,Manufacture of other transport equipment,7,2005
911,340200 ,2006JJ00,634.0,504.0,130.0,621.0,1.9,-0.3,2.2,46.9,37.3,45.9,26.1,20.7,25.6,3.6,1.2,3.8,4.0,1.7,4.2,14.0,24.0,,,,-1.6,-2.0,14.0,13.0,2.0,,,,,,,-1.2,30 Manufacture of other transport,Manufacture of other transport equipment,7,2006
912,340200 ,2007JJ00,696.0,554.0,142.0,683.0,9.8,10.0,10.0,49.3,39.3,48.4,27.4,21.8,26.8,5.2,5.3,5.4,4.8,5.0,5.0,14.0,25.0,,,,4.4,4.8,15.0,13.0,2.0,,,,,,,4.9,30 Manufacture of other transport,Manufacture of other transport equipment,7,2007
913,340200 ,2008JJ00,771.0,609.0,162.0,757.0,10.6,9.7,10.6,52.3,41.3,51.4,29.0,22.9,28.5,6.1,5.3,6.1,6.0,5.3,6.1,15.0,27.0,,,,4.2,4.2,16.0,14.0,2.0,,,,,,,5.7,30 Manufacture of other transport,Manufacture of other transport equipment,7,2008
914,340200 ,2009JJ00,862.0,690.0,172.0,824.0,11.9,13.4,9.0,54.6,43.7,52.2,30.1,24.1,28.8,4.3,5.7,1.5,3.9,5.2,1.1,16.0,29.0,,,,7.3,7.8,17.0,14.0,3.0,,,,,,,6.9,30 Manufacture of other transport,Manufacture of other transport equipment,7,2009
915,340200 ,2010JJ00,904.0,722.0,182.0,872.0,4.9,4.7,5.9,55.3,44.2,53.3,30.7,24.5,29.6,1.3,1.1,2.2,2.0,1.8,2.9,16.0,29.0,34.0,34.0,1.0,3.6,2.9,18.0,15.0,2.0,14.0,14.0,1.0,3.0,2.0,1.0,3.3,30 Manufacture of other transport,Manufacture of other transport equipment,7,2010
916,340200 ,2011JJ00,948.0,759.0,189.0,923.0,4.8,5.1,5.8,58.4,46.8,56.9,32.2,25.8,31.3,5.7,6.0,6.7,4.7,5.0,5.7,16.0,29.0,34.0,33.0,1.0,-0.9,0.1,17.0,15.0,2.0,14.0,13.0,1.0,3.0,2.0,1.0,-0.5,30 Manufacture of other transport,Manufacture of other transport equipment,7,2011
917,340200 ,2012JJ00,940.0,743.0,197.0,923.0,-0.7,-2.1,0.1,59.7,47.2,58.6,33.1,26.2,32.5,2.1,0.8,3.0,3.0,1.6,3.9,16.0,28.0,33.0,33.0,1.0,-2.8,-3.6,17.0,15.0,2.0,14.0,13.0,1.0,3.0,2.0,1.0,-3.3,30 Manufacture of other transport,Manufacture of other transport equipment,7,2012
918,340200 ,2013JJ00,973.0,780.0,193.0,959.0,3.4,4.9,3.8,60.6,48.6,59.7,33.6,27.0,33.1,1.5,3.0,1.9,1.5,3.0,1.9,16.0,29.0,34.0,33.0,1.0,1.8,1.9,17.0,15.0,2.0,14.0,13.0,1.0,3.0,2.0,1.0,1.5,30 Manufacture of other transport,Manufacture of other transport equipment,7,2013
919,340200 ,2014JJ00,1022.0,803.0,219.0,1009.0,5.0,2.9,5.2,63.7,50.1,62.9,34.7,27.3,34.3,5.2,3.1,5.4,3.3,1.3,3.5,16.0,29.0,34.0,33.0,1.0,-0.2,1.6,17.0,15.0,2.0,14.0,13.0,1.0,3.0,2.0,1.0,0.2,30 Manufacture of other transport,Manufacture of other transport equipment,7,2014
920,340200 ,2015JJ00,1033.0,826.0,207.0,1022.0,1.3,3.0,1.5,65.0,52.0,64.3,35.7,28.6,35.4,2.0,3.7,2.3,2.9,4.6,3.1,16.0,29.0,34.0,33.0,1.0,-0.7,-1.6,17.0,15.0,2.0,13.0,13.0,1.0,4.0,2.0,1.0,-0.7,30 Manufacture of other transport,Manufacture of other transport equipment,7,2015
921,340200 ,2016JJ00,1059.0,839.0,220.0,1042.0,2.5,1.7,1.9,67.1,53.2,66.1,37.2,29.5,36.6,3.2,2.4,2.7,4.1,3.2,3.5,16.0,28.0,33.0,33.0,1.0,-0.8,-1.5,17.0,15.0,2.0,13.0,13.0,1.0,4.0,2.0,1.0,-0.7,30 Manufacture of other transport,Manufacture of other transport equipment,7,2016
922,340200 ,2017JJ00,1050.0,835.0,215.0,1035.0,-0.9,-0.6,-0.7,67.1,53.3,66.1,37.6,29.9,37.1,-0.1,0.2,0.1,1.1,1.4,1.2,16.0,28.0,33.0,32.0,1.0,-0.8,-2.0,17.0,15.0,2.0,13.0,13.0,1.0,4.0,2.0,2.0,-0.4,30 Manufacture of other transport,Manufacture of other transport equipment,7,2017
923,340200 ,2018JJ00,1099.0,867.0,232.0,1086.0,4.6,3.8,4.9,68.2,53.8,67.4,38.3,30.2,37.9,1.7,0.9,2.0,2.0,1.2,2.2,16.0,29.0,34.0,33.0,1.0,2.8,2.6,17.0,15.0,2.0,14.0,13.0,1.0,4.0,2.0,2.0,2.7,30 Manufacture of other transport,Manufacture of other transport equipment,7,2018
924,340200 ,2019JJ00,1203.0,946.0,257.0,1189.0,9.5,9.2,9.6,70.5,55.4,69.6,39.6,31.1,39.1,3.3,2.9,3.3,3.2,2.8,3.2,17.0,30.0,36.0,35.0,1.0,6.1,6.2,18.0,16.0,3.0,14.0,13.0,1.0,4.0,2.0,2.0,6.3,30 Manufacture of other transport,Manufacture of other transport equipment,7,2019
925,340200 ,2020JJ00,1220.0,947.0,273.0,1104.0,1.5,0.1,-7.1,72.6,56.3,65.7,41.6,32.3,37.6,3.0,1.6,-5.7,5.1,3.7,-3.7,17.0,29.0,35.0,35.0,0.0,-1.4,-3.4,18.0,15.0,3.0,14.0,13.0,1.0,4.0,2.0,2.0,-2.6,30 Manufacture of other transport,Manufacture of other transport equipment,7,2020
926,340200 ,2021JJ00,1205.0,934.0,271.0,1130.0,-1.3,-1.4,2.3,73.9,57.2,69.3,41.9,32.5,39.3,1.8,1.7,5.5,0.9,0.8,4.5,16.0,29.0,34.0,34.0,0.0,-3.0,-2.1,17.0,15.0,3.0,14.0,13.0,1.0,4.0,2.0,2.0,-2.7,30 Manufacture of other transport,Manufacture of other transport equipment,7,2021
927,340200 ,2022JJ00,1245.0,956.0,289.0,1172.0,3.2,2.4,3.6,75.5,58.0,71.0,43.4,33.3,40.8,2.2,1.3,2.5,3.4,2.5,3.8,16.0,29.0,34.0,34.0,0.0,1.0,-0.2,18.0,15.0,3.0,14.0,12.0,1.0,4.0,2.0,2.0,1.1,30 Manufacture of other transport,Manufacture of other transport equipment,7,2022
928,340200 ,2023JJ00,1370.0,1056.0,314.0,1351.0,10.2,10.6,15.4,79.8,61.5,78.7,46.0,35.5,45.4,5.7,6.1,10.8,6.2,6.6,11.2,17.0,30.0,36.0,35.0,0.0,4.2,3.8,18.0,15.0,3.0,14.0,13.0,1.0,5.0,3.0,2.0,4.4,30 Manufacture of other transport,Manufacture of other transport equipment,7,2023
929,340200 ,2024JJ00,1497.0,1156.0,341.0,1479.0,9.4,9.4,9.6,84.4,65.1,83.4,48.6,37.5,48.0,5.8,5.8,6.0,5.6,5.6,5.8,18.0,31.0,37.0,37.0,0.0,3.4,3.6,19.0,16.0,3.0,14.0,13.0,1.0,5.0,3.0,2.0,3.3,30 Manufacture of other transport,Manufacture of other transport equipment,7,2024
930,300023 ,1995JJ00,2326.0,1996.0,330.0,2321.0,,,,31.8,27.3,31.7,17.5,15.1,17.5,,,,,,,73.0,133.0,,,,,,79.0,66.0,13.0,,,,,,,,31-33 Other manufacturing and repair,"Manufacture of furniture and other products; repair and installation of machinery and equipment 
This category is made up of the categories: 
31 Manufacture of furniture 
32 Manufacture of other products (rest) 
33 Repair and installation of machinery and equipment",24,1995
931,300023 ,1996JJ00,2278.0,1968.0,310.0,2265.0,-2.1,-1.5,-2.5,31.1,26.9,30.9,16.9,14.6,16.8,-2.1,-1.5,-2.5,-3.5,-2.8,-3.8,73.0,135.0,,,,0.0,1.4,80.0,66.0,13.0,,,,,,,0.3,31-33 Other manufacturing and repair,"Manufacture of furniture and other products; repair and installation of machinery and equipment 
This category is made up of the categories: 
31 Manufacture of furniture 
32 Manufacture of other products (rest) 
33 Repair and installation of machinery and equipment",24,1996
932,300023 ,1997JJ00,2306.0,2023.0,283.0,2285.0,1.2,2.8,0.9,30.9,27.1,30.7,17.1,15.0,16.9,-0.5,1.1,-0.8,0.8,2.4,0.5,75.0,135.0,,,,1.7,0.4,81.0,67.0,14.0,,,,,,,1.4,31-33 Other manufacturing and repair,"Manufacture of furniture and other products; repair and installation of machinery and equipment 
This category is made up of the categories: 
31 Manufacture of furniture 
32 Manufacture of other products (rest) 
33 Repair and installation of machinery and equipment",24,1997
933,300023 ,1998JJ00,2500.0,2036.0,464.0,2473.0,8.4,0.6,8.3,32.9,26.8,32.5,18.1,14.8,17.9,6.3,-1.3,6.1,6.3,-1.3,6.1,76.0,138.0,,,,2.0,2.0,82.0,68.0,15.0,,,,,,,2.2,31-33 Other manufacturing and repair,"Manufacture of furniture and other products; repair and installation of machinery and equipment 
This category is made up of the categories: 
31 Manufacture of furniture 
32 Manufacture of other products (rest) 
33 Repair and installation of machinery and equipment",24,1998
934,300023 ,1999JJ00,2666.0,2158.0,508.0,2638.0,6.6,6.0,6.6,34.7,28.1,34.3,19.1,15.5,18.9,5.4,4.8,5.5,5.4,4.8,5.4,77.0,139.0,,,,1.1,1.1,84.0,68.0,15.0,,,,,,,1.4,31-33 Other manufacturing and repair,"Manufacture of furniture and other products; repair and installation of machinery and equipment 
This category is made up of the categories: 
31 Manufacture of furniture 
32 Manufacture of other products (rest) 
33 Repair and installation of machinery and equipment",24,1999
935,300023 ,2000JJ00,2880.0,2255.0,625.0,2852.0,8.0,4.5,8.1,37.4,29.3,37.0,20.8,16.3,20.6,7.8,4.3,7.9,8.6,5.0,8.7,77.0,139.0,,,,0.2,-0.5,85.0,69.0,16.0,,,,,,,1.6,31-33 Other manufacturing and repair,"Manufacture of furniture and other products; repair and installation of machinery and equipment 
This category is made up of the categories: 
31 Manufacture of furniture 
32 Manufacture of other products (rest) 
33 Repair and installation of machinery and equipment",24,2000
936,300023 ,2001JJ00,3003.0,2400.0,603.0,2974.0,4.3,6.4,4.3,38.7,30.9,38.3,21.5,17.2,21.3,3.4,5.6,3.4,3.5,5.6,3.5,78.0,140.0,,,,0.8,0.8,86.0,70.0,16.0,,,,,,,0.7,31-33 Other manufacturing and repair,"Manufacture of furniture and other products; repair and installation of machinery and equipment 
This category is made up of the categories: 
31 Manufacture of furniture 
32 Manufacture of other products (rest) 
33 Repair and installation of machinery and equipment",24,2001
937,300023 ,2002JJ00,3038.0,2429.0,609.0,3006.0,1.2,1.2,1.1,40.2,32.2,39.8,22.4,17.9,22.1,4.1,4.1,4.0,4.1,4.1,4.0,75.0,136.0,,,,-2.8,-2.8,83.0,68.0,15.0,,,,,,,-2.9,31-33 Other manufacturing and repair,"Manufacture of furniture and other products; repair and installation of machinery and equipment 
This category is made up of the categories: 
31 Manufacture of furniture 
32 Manufacture of other products (rest) 
33 Repair and installation of machinery and equipment",24,2002
938,300023 ,2003JJ00,2999.0,2391.0,608.0,2975.0,-1.3,-1.6,-1.1,42.2,33.7,41.9,23.4,18.6,23.2,4.9,4.7,5.2,4.4,4.2,4.7,71.0,128.0,,,,-6.0,-5.5,78.0,64.0,14.0,,,,,,,-5.8,31-33 Other manufacturing and repair,"Manufacture of furniture and other products; repair and installation of machinery and equipment 
This category is made up of the categories: 
31 Manufacture of furniture 
32 Manufacture of other products (rest) 
33 Repair and installation of machinery and equipment",24,2003
939,300023 ,2004JJ00,2955.0,2343.0,612.0,2926.0,-1.5,-2.0,-1.6,44.0,34.9,43.6,24.3,19.3,24.0,4.3,3.7,4.1,3.9,3.3,3.7,67.0,122.0,,,,-5.5,-5.2,74.0,61.0,13.0,,,,,,,-5.1,31-33 Other manufacturing and repair,"Manufacture of furniture and other products; repair and installation of machinery and equipment 
This category is made up of the categories: 
31 Manufacture of furniture 
32 Manufacture of other products (rest) 
33 Repair and installation of machinery and equipment",24,2004
940,300023 ,2005JJ00,2923.0,2341.0,582.0,2896.0,-1.1,-0.1,-1.0,44.5,35.7,44.1,24.8,19.9,24.6,1.2,2.2,1.2,2.2,3.2,2.2,66.0,118.0,,,,-2.2,-3.2,73.0,60.0,13.0,,,,,,,-1.8,31-33 Other manufacturing and repair,"Manufacture of furniture and other products; repair and installation of machinery and equipment 
This category is made up of the categories: 
31 Manufacture of furniture 
32 Manufacture of other products (rest) 
33 Repair and installation of machinery and equipment",24,2005
941,300023 ,2006JJ00,2954.0,2366.0,588.0,2931.0,1.1,1.1,1.2,45.7,36.6,45.4,25.6,20.5,25.4,2.7,2.7,2.8,3.0,3.0,3.2,65.0,116.0,,,,-1.6,-1.9,72.0,59.0,13.0,,,,,,,-1.2,31-33 Other manufacturing and repair,"Manufacture of furniture and other products; repair and installation of machinery and equipment 
This category is made up of the categories: 
31 Manufacture of furniture 
32 Manufacture of other products (rest) 
33 Repair and installation of machinery and equipment",24,2006
942,300023 ,2007JJ00,3125.0,2502.0,623.0,3097.0,5.8,5.8,5.6,47.7,38.2,47.3,26.6,21.3,26.3,4.4,4.4,4.3,3.9,3.9,3.8,65.0,118.0,,,,1.3,1.8,73.0,60.0,13.0,,,,,,,1.5,31-33 Other manufacturing and repair,"Manufacture of furniture and other products; repair and installation of machinery and equipment 
This category is made up of the categories: 
31 Manufacture of furniture 
32 Manufacture of other products (rest) 
33 Repair and installation of machinery and equipment",24,2007
943,300023 ,2008JJ00,3288.0,2619.0,669.0,3257.0,5.2,4.7,5.2,49.7,39.6,49.2,27.8,22.1,27.5,4.1,3.6,4.1,4.6,4.0,4.5,66.0,118.0,,,,1.1,0.6,74.0,60.0,15.0,,,,,,,1.8,31-33 Other manufacturing and repair,"Manufacture of furniture and other products; repair and installation of machinery and equipment 
This category is made up of the categories: 
31 Manufacture of furniture 
32 Manufacture of other products (rest) 
33 Repair and installation of machinery and equipment",24,2008
944,300023 ,2009JJ00,3249.0,2543.0,706.0,3208.0,-1.2,-2.9,-1.5,50.8,39.8,50.1,28.7,22.5,28.4,2.2,0.4,1.9,3.4,1.6,3.0,64.0,113.0,,,,-3.3,-4.4,72.0,58.0,14.0,,,,,,,-3.6,31-33 Other manufacturing and repair,"Manufacture of furniture and other products; repair and installation of machinery and equipment 
This category is made up of the categories: 
31 Manufacture of furniture 
32 Manufacture of other products (rest) 
33 Repair and installation of machinery and equipment",24,2009
945,300023 ,2010JJ00,3211.0,2550.0,661.0,3171.0,-1.2,0.3,-1.2,51.8,41.1,51.1,29.0,23.1,28.7,2.0,3.5,2.0,1.0,2.6,1.1,62.0,111.0,129.0,127.0,3.0,-3.1,-2.2,69.0,55.0,14.0,53.0,48.0,5.0,17.0,7.0,10.0,-3.2,31-33 Other manufacturing and repair,"Manufacture of furniture and other products; repair and installation of machinery and equipment 
This category is made up of the categories: 
31 Manufacture of furniture 
32 Manufacture of other products (rest) 
33 Repair and installation of machinery and equipment",24,2010
946,300023 ,2011JJ00,3268.0,2555.0,713.0,3229.0,1.8,0.2,1.9,53.8,42.0,53.1,29.8,23.3,29.4,3.8,2.2,3.9,2.5,0.9,2.6,61.0,110.0,127.0,124.0,3.0,-2.0,-0.7,69.0,54.0,15.0,51.0,46.0,5.0,18.0,8.0,10.0,-1.1,31-33 Other manufacturing and repair,"Manufacture of furniture and other products; repair and installation of machinery and equipment 
This category is made up of the categories: 
31 Manufacture of furniture 
32 Manufacture of other products (rest) 
33 Repair and installation of machinery and equipment",24,2011
947,300023 ,2012JJ00,3351.0,2636.0,715.0,3314.0,2.5,3.1,2.6,55.6,43.8,55.0,31.0,24.4,30.7,3.4,4.1,3.5,4.3,4.9,4.4,60.0,108.0,126.0,123.0,3.0,-0.9,-1.7,68.0,53.0,15.0,50.0,45.0,4.0,19.0,8.0,10.0,-0.7,31-33 Other manufacturing and repair,"Manufacture of furniture and other products; repair and installation of machinery and equipment 
This category is made up of the categories: 
31 Manufacture of furniture 
32 Manufacture of other products (rest) 
33 Repair and installation of machinery and equipment",24,2012
948,300023 ,2013JJ00,3293.0,2606.0,687.0,3264.0,-1.7,-1.2,-1.5,55.7,44.1,55.2,30.8,24.4,30.6,0.2,0.8,0.4,-0.6,0.0,-0.3,59.0,107.0,124.0,122.0,3.0,-1.9,-1.2,67.0,52.0,15.0,48.0,43.0,4.0,19.0,9.0,10.0,-2.0,31-33 Other manufacturing and repair,"Manufacture of furniture and other products; repair and installation of machinery and equipment 
This category is made up of the categories: 
31 Manufacture of furniture 
32 Manufacture of other products (rest) 
33 Repair and installation of machinery and equipment",24,2013
949,300023 ,2014JJ00,3344.0,2596.0,748.0,3320.0,1.6,-0.4,1.7,57.3,44.5,56.9,31.3,24.3,31.1,2.9,0.9,3.0,1.6,-0.4,1.8,58.0,107.0,123.0,120.0,3.0,-1.3,0.0,66.0,52.0,14.0,48.0,44.0,4.0,18.0,8.0,10.0,-1.5,31-33 Other manufacturing and repair,"Manufacture of furniture and other products; repair and installation of machinery and equipment 
This category is made up of the categories: 
31 Manufacture of furniture 
32 Manufacture of other products (rest) 
33 Repair and installation of machinery and equipment",24,2014
950,300023 ,2015JJ00,3437.0,2706.0,731.0,3415.0,2.8,4.2,2.9,58.1,45.8,57.8,32.1,25.2,31.9,1.5,2.9,1.5,2.4,3.8,2.4,59.0,107.0,125.0,122.0,3.0,1.3,0.4,67.0,52.0,14.0,48.0,43.0,4.0,19.0,9.0,10.0,1.1,31-33 Other manufacturing and repair,"Manufacture of furniture and other products; repair and installation of machinery and equipment 
This category is made up of the categories: 
31 Manufacture of furniture 
32 Manufacture of other products (rest) 
33 Repair and installation of machinery and equipment",24,2015
951,300023 ,2016JJ00,3609.0,2831.0,778.0,3581.0,5.0,4.6,4.9,59.5,46.7,59.0,32.9,25.8,32.7,2.3,2.0,2.2,2.6,2.3,2.5,61.0,110.0,127.0,125.0,3.0,2.6,2.3,68.0,54.0,15.0,49.0,44.0,4.0,20.0,9.0,10.0,2.6,31-33 Other manufacturing and repair,"Manufacture of furniture and other products; repair and installation of machinery and equipment 
This category is made up of the categories: 
31 Manufacture of furniture 
32 Manufacture of other products (rest) 
33 Repair and installation of machinery and equipment",24,2016
952,300023 ,2017JJ00,3844.0,3017.0,827.0,3814.0,6.5,6.6,6.5,60.2,47.3,59.8,33.7,26.4,33.4,1.2,1.3,1.2,2.3,2.3,2.3,64.0,114.0,133.0,130.0,3.0,5.2,4.1,71.0,56.0,16.0,52.0,47.0,5.0,19.0,9.0,11.0,4.6,31-33 Other manufacturing and repair,"Manufacture of furniture and other products; repair and installation of machinery and equipment 
This category is made up of the categories: 
31 Manufacture of furniture 
32 Manufacture of other products (rest) 
33 Repair and installation of machinery and equipment",24,2017
953,300023 ,2018JJ00,4069.0,3177.0,892.0,4046.0,5.9,5.3,6.1,61.3,47.8,61.0,34.3,26.8,34.1,1.8,1.2,2.0,1.8,1.3,2.1,66.0,119.0,139.0,136.0,3.0,4.0,4.0,74.0,58.0,16.0,54.0,49.0,5.0,20.0,9.0,11.0,4.2,31-33 Other manufacturing and repair,"Manufacture of furniture and other products; repair and installation of machinery and equipment 
This category is made up of the categories: 
31 Manufacture of furniture 
32 Manufacture of other products (rest) 
33 Repair and installation of machinery and equipment",24,2018
954,300023 ,2019JJ00,4252.0,3291.0,961.0,4238.0,4.5,3.6,4.7,62.3,48.2,62.1,34.7,26.9,34.6,1.7,0.8,1.9,1.3,0.4,1.5,68.0,122.0,143.0,139.0,4.0,2.8,3.2,77.0,60.0,17.0,55.0,50.0,5.0,22.0,10.0,12.0,2.9,31-33 Other manufacturing and repair,"Manufacture of furniture and other products; repair and installation of machinery and equipment 
This category is made up of the categories: 
31 Manufacture of furniture 
32 Manufacture of other products (rest) 
33 Repair and installation of machinery and equipment",24,2019
955,300023 ,2020JJ00,4273.0,3278.0,995.0,4000.0,0.5,-0.4,-5.6,63.6,48.8,59.6,36.8,28.2,34.4,2.1,1.2,-4.1,5.9,5.0,-0.5,67.0,116.0,141.0,138.0,3.0,-1.6,-5.2,75.0,58.0,17.0,53.0,48.0,5.0,22.0,10.0,12.0,-1.5,31-33 Other manufacturing and repair,"Manufacture of furniture and other products; repair and installation of machinery and equipment 
This category is made up of the categories: 
31 Manufacture of furniture 
32 Manufacture of other products (rest) 
33 Repair and installation of machinery and equipment",24,2020
956,300023 ,2021JJ00,4374.0,3355.0,1019.0,4178.0,2.4,2.4,4.5,64.7,49.6,61.8,36.7,28.2,35.1,1.6,1.6,3.7,-0.2,-0.2,1.8,68.0,119.0,141.0,138.0,3.0,0.8,2.6,76.0,59.0,17.0,53.0,48.0,5.0,23.0,10.0,12.0,0.8,31-33 Other manufacturing and repair,"Manufacture of furniture and other products; repair and installation of machinery and equipment 
This category is made up of the categories: 
31 Manufacture of furniture 
32 Manufacture of other products (rest) 
33 Repair and installation of machinery and equipment",24,2021
957,300023 ,2022JJ00,4659.0,3550.0,1109.0,4495.0,6.5,5.8,7.6,66.3,50.5,64.0,38.1,29.0,36.7,2.5,1.8,3.6,3.7,3.0,4.7,70.0,122.0,146.0,143.0,3.0,3.9,2.7,79.0,61.0,19.0,55.0,49.0,6.0,24.0,11.0,13.0,4.0,31-33 Other manufacturing and repair,"Manufacture of furniture and other products; repair and installation of machinery and equipment 
This category is made up of the categories: 
31 Manufacture of furniture 
32 Manufacture of other products (rest) 
33 Repair and installation of machinery and equipment",24,2022
958,300023 ,2023JJ00,5037.0,3872.0,1165.0,4997.0,8.1,9.1,11.2,71.3,54.8,70.7,41.0,31.5,40.7,7.5,8.4,10.5,7.6,8.6,10.7,71.0,123.0,146.0,144.0,3.0,0.6,0.4,79.0,61.0,19.0,55.0,49.0,6.0,25.0,12.0,13.0,0.6,31-33 Other manufacturing and repair,"Manufacture of furniture and other products; repair and installation of machinery and equipment 
This category is made up of the categories: 
31 Manufacture of furniture 
32 Manufacture of other products (rest) 
33 Repair and installation of machinery and equipment",24,2023
959,300023 ,2024JJ00,5434.0,4180.0,1254.0,5396.0,7.9,7.9,8.0,75.4,58.0,74.9,43.2,33.2,42.9,5.7,5.8,5.8,5.4,5.4,5.5,72.0,126.0,150.0,148.0,3.0,2.0,2.4,81.0,62.0,19.0,54.0,48.0,6.0,27.0,14.0,13.0,2.1,31-33 Other manufacturing and repair,"Manufacture of furniture and other products; repair and installation of machinery and equipment 
This category is made up of the categories: 
31 Manufacture of furniture 
32 Manufacture of other products (rest) 
33 Repair and installation of machinery and equipment",24,2024
960,900046 ,1995JJ00,1079.0,944.0,135.0,1076.0,,,,27.0,23.6,26.9,15.2,13.3,15.1,,,,,,,40.0,71.0,,,,,,44.0,35.0,9.0,,,,,,,,31-32 Manufacture of furniture; other,"Manufacture of furniture and other products
This category is made up of the categories:
31 Manufacture of furniture
32 Manufacture of other products (rest)",24,1995
961,900046 ,1996JJ00,1091.0,972.0,119.0,1082.0,1.1,2.9,0.5,27.2,24.2,27.0,14.9,13.3,14.8,0.8,2.6,0.2,-1.5,0.3,-2.0,40.0,73.0,,,,0.3,2.6,44.0,35.0,9.0,,,,,,,0.6,31-32 Manufacture of furniture; other,"Manufacture of furniture and other products
This category is made up of the categories:
31 Manufacture of furniture
32 Manufacture of other products (rest)",24,1996
962,900046 ,1997JJ00,1119.0,1014.0,105.0,1104.0,2.6,4.4,2.1,27.5,25.0,27.2,15.4,13.9,15.2,1.2,3.0,0.7,2.9,4.6,2.3,41.0,73.0,,,,1.3,-0.3,45.0,35.0,10.0,,,,,,,1.1,31-32 Manufacture of furniture; other,"Manufacture of furniture and other products
This category is made up of the categories:
31 Manufacture of furniture
32 Manufacture of other products (rest)",24,1997
963,900046 ,1998JJ00,1188.0,1004.0,184.0,1168.0,6.2,-1.0,5.8,28.8,24.4,28.3,16.1,13.6,15.9,4.7,-2.4,4.3,5.0,-2.1,4.7,41.0,74.0,,,,1.5,1.1,45.0,35.0,10.0,,,,,,,1.3,31-32 Manufacture of furniture; other,"Manufacture of furniture and other products
This category is made up of the categories:
31 Manufacture of furniture
32 Manufacture of other products (rest)",24,1998
964,900046 ,1999JJ00,1292.0,1082.0,210.0,1270.0,8.6,7.7,8.6,30.9,25.9,30.4,17.4,14.6,17.1,7.3,6.4,7.3,7.6,6.7,7.6,42.0,74.0,,,,1.2,0.9,46.0,35.0,11.0,,,,,,,1.4,31-32 Manufacture of furniture; other,"Manufacture of furniture and other products
This category is made up of the categories:
31 Manufacture of furniture
32 Manufacture of other products (rest)",24,1999
965,900046 ,2000JJ00,1421.0,1129.0,292.0,1400.0,10.0,4.3,10.2,33.8,26.8,33.3,19.1,15.2,18.8,9.1,3.5,9.4,9.8,4.1,10.0,42.0,74.0,,,,0.8,0.2,47.0,36.0,11.0,,,,,,,2.0,31-32 Manufacture of furniture; other,"Manufacture of furniture and other products
This category is made up of the categories:
31 Manufacture of furniture
32 Manufacture of other products (rest)",24,2000
966,900046 ,2001JJ00,1480.0,1193.0,287.0,1458.0,4.2,5.7,4.2,34.9,28.1,34.4,19.8,16.0,19.5,3.4,4.9,3.4,3.8,5.3,3.8,42.0,75.0,,,,0.8,0.4,47.0,36.0,11.0,,,,,,,0.6,31-32 Manufacture of furniture; other,"Manufacture of furniture and other products
This category is made up of the categories:
31 Manufacture of furniture
32 Manufacture of other products (rest)",24,2001
967,900046 ,2002JJ00,1484.0,1203.0,281.0,1460.0,0.2,0.8,0.1,36.4,29.5,35.8,20.6,16.7,20.3,4.2,4.8,4.1,4.2,4.8,4.1,41.0,72.0,,,,-3.8,-3.8,45.0,35.0,10.0,,,,,,,-4.0,31-32 Manufacture of furniture; other,"Manufacture of furniture and other products
This category is made up of the categories:
31 Manufacture of furniture
32 Manufacture of other products (rest)",24,2002
968,900046 ,2003JJ00,1449.0,1166.0,283.0,1432.0,-2.4,-3.0,-2.0,38.6,31.1,38.1,21.9,17.6,21.6,6.0,5.3,6.5,6.0,5.3,6.5,38.0,66.0,,,,-7.9,-7.9,42.0,32.0,9.0,,,,,,,-7.6,31-32 Manufacture of furniture; other,"Manufacture of furniture and other products
This category is made up of the categories:
31 Manufacture of furniture
32 Manufacture of other products (rest)",24,2003
969,900046 ,2004JJ00,1389.0,1106.0,283.0,1371.0,-4.1,-5.2,-4.2,40.1,31.9,39.6,22.8,18.1,22.5,4.0,2.9,3.9,4.0,2.9,3.9,35.0,61.0,,,,-7.8,-7.8,39.0,30.0,9.0,,,,,,,-7.2,31-32 Manufacture of furniture; other,"Manufacture of furniture and other products
This category is made up of the categories:
31 Manufacture of furniture
32 Manufacture of other products (rest)",24,2004
970,900046 ,2005JJ00,1365.0,1097.0,268.0,1349.0,-1.7,-0.8,-1.6,40.7,32.7,40.2,23.3,18.7,23.0,1.5,2.5,1.6,2.5,3.5,2.6,34.0,59.0,,,,-3.2,-4.1,38.0,30.0,8.0,,,,,,,-2.5,31-32 Manufacture of furniture; other,"Manufacture of furniture and other products
This category is made up of the categories:
31 Manufacture of furniture
32 Manufacture of other products (rest)",24,2005
971,900046 ,2006JJ00,1357.0,1089.0,268.0,1345.0,-0.5,-0.7,-0.2,41.7,33.4,41.3,24.0,19.2,23.8,2.4,2.2,2.7,2.9,2.7,3.2,33.0,57.0,,,,-2.9,-3.3,37.0,29.0,8.0,,,,,,,-2.3,31-32 Manufacture of furniture; other,"Manufacture of furniture and other products
This category is made up of the categories:
31 Manufacture of furniture
32 Manufacture of other products (rest)",24,2006
972,900046 ,2007JJ00,1405.0,1127.0,278.0,1390.0,3.4,3.4,3.2,43.3,34.8,42.9,24.8,19.9,24.5,3.9,4.0,3.7,3.4,3.4,3.2,32.0,57.0,,,,-0.5,0.0,37.0,29.0,8.0,,,,,,,-0.3,31-32 Manufacture of furniture; other,"Manufacture of furniture and other products
This category is made up of the categories:
31 Manufacture of furniture
32 Manufacture of other products (rest)",24,2007
973,900046 ,2008JJ00,1474.0,1174.0,300.0,1457.0,5.0,4.2,4.9,45.2,36.0,44.7,26.0,20.7,25.7,4.3,3.5,4.2,5.0,4.2,4.9,33.0,57.0,,,,0.7,0.0,37.0,29.0,8.0,,,,,,,0.7,31-32 Manufacture of furniture; other,"Manufacture of furniture and other products
This category is made up of the categories:
31 Manufacture of furniture
32 Manufacture of other products (rest)",24,2008
974,900046 ,2009JJ00,1409.0,1129.0,280.0,1386.0,-4.4,-3.8,-4.9,46.0,36.9,45.3,26.9,21.5,26.4,1.9,2.6,1.4,3.2,3.9,2.7,31.0,52.0,,,,-6.2,-7.4,35.0,27.0,8.0,,,,,,,-6.0,31-32 Manufacture of furniture; other,"Manufacture of furniture and other products
This category is made up of the categories:
31 Manufacture of furniture
32 Manufacture of other products (rest)",24,2009
975,900046 ,2010JJ00,1400.0,1115.0,285.0,1377.0,-0.7,-1.2,-0.7,47.7,38.0,46.9,27.7,22.1,27.2,3.5,2.9,3.5,3.0,2.4,2.9,29.0,51.0,60.0,59.0,1.0,-4.1,-3.5,34.0,25.0,9.0,24.0,21.0,3.0,9.0,3.0,6.0,-4.1,31-32 Manufacture of furniture; other,"Manufacture of furniture and other products
This category is made up of the categories:
31 Manufacture of furniture
32 Manufacture of other products (rest)",24,2010
976,900046 ,2011JJ00,1364.0,1080.0,284.0,1343.0,-2.5,-3.2,-2.4,48.1,38.1,47.4,27.6,21.9,27.2,0.9,0.3,1.0,-0.1,-0.8,0.0,28.0,49.0,58.0,57.0,1.0,-3.4,-2.4,33.0,24.0,9.0,23.0,20.0,3.0,10.0,4.0,6.0,-2.5,31-32 Manufacture of furniture; other,"Manufacture of furniture and other products
This category is made up of the categories:
31 Manufacture of furniture
32 Manufacture of other products (rest)",24,2011
977,900046 ,2012JJ00,1373.0,1083.0,290.0,1354.0,0.6,0.2,0.8,49.5,39.0,48.8,28.6,22.5,28.2,2.8,2.5,3.0,3.3,3.0,3.5,28.0,48.0,57.0,56.0,1.0,-2.2,-2.6,32.0,23.0,9.0,22.0,19.0,3.0,10.0,4.0,6.0,-2.1,31-32 Manufacture of furniture; other,"Manufacture of furniture and other products
This category is made up of the categories:
31 Manufacture of furniture
32 Manufacture of other products (rest)",24,2012
978,900046 ,2013JJ00,1321.0,1050.0,271.0,1306.0,-3.8,-3.1,-3.6,50.1,39.8,49.5,28.7,22.8,28.4,1.2,2.0,1.5,0.5,1.3,0.8,26.0,46.0,55.0,54.0,1.0,-5.0,-4.3,30.0,22.0,9.0,21.0,18.0,3.0,10.0,4.0,6.0,-4.8,31-32 Manufacture of furniture; other,"Manufacture of furniture and other products
This category is made up of the categories:
31 Manufacture of furniture
32 Manufacture of other products (rest)",24,2013
979,900046 ,2014JJ00,1323.0,1031.0,292.0,1309.0,0.1,-1.8,0.2,51.7,40.3,51.2,29.3,22.8,29.0,3.2,1.2,3.3,2.0,0.0,2.1,26.0,45.0,53.0,52.0,1.0,-3.0,-1.9,30.0,21.0,8.0,20.0,17.0,3.0,10.0,4.0,6.0,-2.7,31-32 Manufacture of furniture; other,"Manufacture of furniture and other products
This category is made up of the categories:
31 Manufacture of furniture
32 Manufacture of other products (rest)",24,2014
980,900046 ,2015JJ00,1319.0,1042.0,277.0,1308.0,-0.3,1.1,-0.1,51.3,40.5,50.9,29.2,23.1,29.0,-0.7,0.6,-0.5,-0.3,1.0,-0.1,26.0,45.0,53.0,53.0,1.0,0.4,0.1,30.0,21.0,8.0,20.0,17.0,3.0,10.0,4.0,6.0,0.3,31-32 Manufacture of furniture; other,"Manufacture of furniture and other products
This category is made up of the categories:
31 Manufacture of furniture
32 Manufacture of other products (rest)",24,2015
981,900046 ,2016JJ00,1395.0,1097.0,298.0,1380.0,5.8,5.3,5.5,52.0,40.9,51.4,29.6,23.2,29.2,1.3,0.8,1.0,1.2,0.8,1.0,27.0,47.0,56.0,55.0,1.0,4.5,4.5,31.0,22.0,9.0,21.0,18.0,3.0,10.0,4.0,6.0,4.2,31-32 Manufacture of furniture; other,"Manufacture of furniture and other products
This category is made up of the categories:
31 Manufacture of furniture
32 Manufacture of other products (rest)",24,2016
982,900046 ,2017JJ00,1479.0,1165.0,314.0,1461.0,6.0,6.2,5.9,52.4,41.3,51.8,30.3,23.9,29.9,0.9,1.0,0.7,2.5,2.7,2.4,28.0,49.0,58.0,57.0,1.0,5.1,3.5,33.0,23.0,10.0,22.0,19.0,3.0,11.0,4.0,7.0,5.1,31-32 Manufacture of furniture; other,"Manufacture of furniture and other products
This category is made up of the categories:
31 Manufacture of furniture
32 Manufacture of other products (rest)",24,2017
983,900046 ,2018JJ00,1561.0,1222.0,339.0,1544.0,5.6,4.9,5.7,53.7,42.0,53.1,31.2,24.4,30.9,2.5,1.8,2.6,3.1,2.4,3.2,29.0,50.0,60.0,59.0,1.0,3.0,2.5,34.0,24.0,10.0,22.0,19.0,3.0,11.0,4.0,7.0,3.4,31-32 Manufacture of furniture; other,"Manufacture of furniture and other products
This category is made up of the categories:
31 Manufacture of furniture
32 Manufacture of other products (rest)",24,2018
984,900046 ,2019JJ00,1649.0,1283.0,366.0,1635.0,5.6,5.0,5.8,55.3,43.0,54.8,32.1,25.0,31.8,3.0,2.4,3.2,2.8,2.3,3.0,30.0,51.0,61.0,61.0,1.0,2.5,2.7,34.0,24.0,10.0,23.0,19.0,3.0,12.0,5.0,7.0,2.5,31-32 Manufacture of furniture; other,"Manufacture of furniture and other products
This category is made up of the categories:
31 Manufacture of furniture
32 Manufacture of other products (rest)",24,2019
985,900046 ,2020JJ00,1694.0,1309.0,385.0,1600.0,2.7,2.0,-2.2,56.0,43.3,52.9,33.7,26.0,31.8,1.3,0.6,-3.5,4.9,4.2,-0.1,30.0,50.0,62.0,62.0,1.0,1.4,-2.1,35.0,24.0,10.0,23.0,19.0,3.0,12.0,5.0,7.0,1.1,31-32 Manufacture of furniture; other,"Manufacture of furniture and other products
This category is made up of the categories:
31 Manufacture of furniture
32 Manufacture of other products (rest)",24,2020
986,900046 ,2021JJ00,1803.0,1397.0,406.0,1743.0,6.5,6.8,9.0,57.2,44.3,55.3,33.6,26.0,32.5,2.1,2.3,4.5,-0.2,0.1,2.2,32.0,54.0,65.0,64.0,1.0,4.4,6.7,36.0,25.0,11.0,23.0,20.0,4.0,13.0,5.0,8.0,4.6,31-32 Manufacture of furniture; other,"Manufacture of furniture and other products
This category is made up of the categories:
31 Manufacture of furniture
32 Manufacture of other products (rest)",24,2021
987,900046 ,2022JJ00,1982.0,1523.0,459.0,1960.0,9.9,8.9,12.4,59.3,45.5,58.6,35.0,26.9,34.7,3.7,2.7,6.0,4.3,3.4,6.7,33.0,57.0,68.0,68.0,1.0,6.0,5.4,39.0,27.0,12.0,25.0,21.0,4.0,14.0,6.0,8.0,5.9,31-32 Manufacture of furniture; other,"Manufacture of furniture and other products
This category is made up of the categories:
31 Manufacture of furniture
32 Manufacture of other products (rest)",24,2022
988,900046 ,2023JJ00,2012.0,1555.0,457.0,1989.0,1.5,2.1,1.4,62.0,47.9,61.3,36.7,28.4,36.3,4.6,5.2,4.6,4.8,5.4,4.7,32.0,55.0,66.0,66.0,1.0,-3.0,-3.1,37.0,26.0,12.0,24.0,20.0,4.0,14.0,6.0,8.0,-2.9,31-32 Manufacture of furniture; other,"Manufacture of furniture and other products
This category is made up of the categories:
31 Manufacture of furniture
32 Manufacture of other products (rest)",24,2023
989,900046 ,2024JJ00,2136.0,1649.0,487.0,2115.0,6.2,6.0,6.3,65.7,50.7,65.1,38.8,29.9,38.4,6.0,5.8,6.2,5.6,5.5,5.8,32.0,55.0,67.0,66.0,0.0,0.1,0.5,38.0,26.0,12.0,23.0,19.0,4.0,15.0,6.0,8.0,0.3,31-32 Manufacture of furniture; other,"Manufacture of furniture and other products
This category is made up of the categories:
31 Manufacture of furniture
32 Manufacture of other products (rest)",24,2024
990,344400 ,1995JJ00,1247.0,1052.0,195.0,1245.0,,,,37.5,31.6,37.4,20.3,17.1,20.2,,,,,,,33.0,62.0,,,,,,35.0,32.0,4.0,,,,,,,,33 Repair and installation of machinery,Repair and installation of machinery and equipment,7,1995
991,344400 ,1996JJ00,1187.0,996.0,191.0,1183.0,-4.9,-5.4,-5.0,35.8,30.0,35.7,19.3,16.2,19.2,-4.6,-5.1,-4.7,-4.9,-5.4,-5.1,33.0,62.0,,,,-0.3,0.0,35.0,32.0,4.0,,,,,,,-0.1,33 Repair and installation of machinery,Repair and installation of machinery and equipment,7,1996
992,344400 ,1997JJ00,1187.0,1009.0,178.0,1181.0,0.0,1.3,-0.2,35.0,29.8,34.8,19.1,16.2,19.0,-2.2,-0.9,-2.3,-1.2,0.1,-1.4,34.0,62.0,,,,2.2,1.2,36.0,32.0,4.0,,,,,,,1.8,33 Repair and installation of machinery,Repair and installation of machinery and equipment,7,1997
993,344400 ,1998JJ00,1312.0,1032.0,280.0,1305.0,10.6,2.3,10.5,37.7,29.7,37.5,20.4,16.1,20.3,7.7,-0.3,7.7,7.2,-0.8,7.2,35.0,64.0,,,,2.6,3.1,37.0,33.0,4.0,,,,,,,3.4,33 Repair and installation of machinery,Repair and installation of machinery and equipment,7,1998
994,344400 ,1999JJ00,1374.0,1076.0,298.0,1368.0,4.8,4.3,4.9,39.1,30.6,38.9,21.1,16.5,21.0,3.7,3.2,3.8,3.4,2.9,3.5,35.0,65.0,,,,1.0,1.4,38.0,33.0,5.0,,,,,,,1.4,33 Repair and installation of machinery,Repair and installation of machinery and equipment,7,1999
995,344400 ,2000JJ00,1459.0,1126.0,333.0,1452.0,6.2,4.7,6.1,41.7,32.2,41.5,22.7,17.5,22.6,6.7,5.2,6.7,7.6,6.1,7.6,35.0,64.0,,,,-0.5,-1.3,38.0,33.0,5.0,,,,,,,1.2,33 Repair and installation of machinery,Repair and installation of machinery and equipment,7,2000
996,344400 ,2001JJ00,1523.0,1207.0,316.0,1516.0,4.3,7.1,4.4,43.2,34.2,43.0,23.4,18.6,23.3,3.4,6.2,3.5,3.2,5.9,3.2,35.0,65.0,,,,0.9,1.1,38.0,33.0,5.0,,,,,,,0.7,33 Repair and installation of machinery,Repair and installation of machinery and equipment,7,2001
997,344400 ,2002JJ00,1554.0,1226.0,328.0,1546.0,2.1,1.6,2.0,44.8,35.3,44.6,24.3,19.2,24.2,3.7,3.3,3.7,3.7,3.3,3.7,35.0,64.0,,,,-1.6,-1.6,38.0,33.0,5.0,,,,,,,-1.6,33 Repair and installation of machinery,Repair and installation of machinery and equipment,7,2002
998,344400 ,2003JJ00,1550.0,1225.0,325.0,1543.0,-0.3,-0.1,-0.3,46.3,36.6,46.1,25.0,19.7,24.8,3.4,3.6,3.5,2.6,2.8,2.6,33.0,62.0,,,,-3.6,-2.8,36.0,32.0,5.0,,,,,,,-3.7,33 Repair and installation of machinery,Repair and installation of machinery and equipment,7,2003
999,344400 ,2004JJ00,1566.0,1237.0,329.0,1555.0,1.0,1.0,0.8,48.2,38.1,47.9,25.8,20.4,25.6,4.0,4.0,3.8,3.4,3.4,3.2,32.0,61.0,,,,-2.9,-2.3,35.0,31.0,5.0,,,,,,,-2.8,33 Repair and installation of machinery,Repair and installation of machinery and equipment,7,2004
1000,344400 ,2005JJ00,1558.0,1244.0,314.0,1547.0,-0.5,0.6,-0.5,48.5,38.7,48.2,26.3,21.0,26.1,0.7,1.8,0.7,1.8,2.9,1.8,32.0,59.0,,,,-1.2,-2.2,35.0,31.0,4.0,,,,,,,-1.1,33 Repair and installation of machinery,Repair and installation of machinery and equipment,7,2005
1001,344400 ,2006JJ00,1597.0,1277.0,320.0,1586.0,2.5,2.7,2.5,49.8,39.8,49.5,27.1,21.6,26.9,2.7,2.8,2.7,3.0,3.2,3.0,32.0,59.0,,,,-0.2,-0.5,35.0,30.0,5.0,,,,,,,0.0,33 Repair and installation of machinery,Repair and installation of machinery and equipment,7,2006
1002,344400 ,2007JJ00,1720.0,1375.0,345.0,1707.0,7.8,7.7,7.7,52.1,41.6,51.7,28.2,22.5,28.0,4.5,4.4,4.4,4.2,4.1,4.1,33.0,61.0,,,,3.1,3.5,36.0,31.0,5.0,,,,,,,3.4,33 Repair and installation of machinery,Repair and installation of machinery and equipment,7,2007
1003,344400 ,2008JJ00,1814.0,1445.0,369.0,1800.0,5.4,5.1,5.4,54.1,43.1,53.7,29.4,23.4,29.1,3.9,3.5,3.9,4.1,3.8,4.1,34.0,62.0,,,,1.5,1.2,37.0,31.0,6.0,,,,,,,3.0,33 Repair and installation of machinery,Repair and installation of machinery and equipment,7,2008
1004,344400 ,2009JJ00,1840.0,1414.0,426.0,1822.0,1.4,-2.1,1.2,55.1,42.4,54.6,30.3,23.3,30.0,1.9,-1.7,1.7,3.2,-0.5,2.9,33.0,61.0,,,,-0.5,-1.7,37.0,31.0,6.0,,,,,,,-1.2,33 Repair and installation of machinery,Repair and installation of machinery and equipment,7,2009
1005,344400 ,2010JJ00,1811.0,1435.0,376.0,1794.0,-1.6,1.5,-1.6,55.5,44.0,55.0,30.1,23.9,29.9,0.6,3.8,0.7,-0.5,2.6,-0.5,33.0,60.0,69.0,67.0,2.0,-2.2,-1.1,36.0,31.0,5.0,29.0,27.0,2.0,7.0,4.0,4.0,-2.4,33 Repair and installation of machinery,Repair and installation of machinery and equipment,7,2010
1006,344400 ,2011JJ00,1904.0,1475.0,429.0,1886.0,5.1,2.8,5.1,58.7,45.5,58.2,31.5,24.4,31.2,5.8,3.5,5.8,4.4,2.1,4.4,32.0,60.0,69.0,67.0,2.0,-0.7,0.7,36.0,30.0,6.0,28.0,26.0,2.0,8.0,4.0,4.0,0.2,33 Repair and installation of machinery,Repair and installation of machinery and equipment,7,2011
1007,344400 ,2012JJ00,1978.0,1553.0,425.0,1960.0,3.9,5.3,3.9,60.8,47.8,60.3,33.0,25.9,32.7,3.6,5.0,3.7,4.8,6.2,4.8,33.0,60.0,69.0,67.0,2.0,0.2,-0.9,36.0,30.0,6.0,27.0,26.0,2.0,9.0,5.0,4.0,0.6,33 Repair and installation of machinery,Repair and installation of machinery and equipment,7,2012
1008,344400 ,2013JJ00,1972.0,1556.0,416.0,1958.0,-0.3,0.2,-0.1,60.2,47.5,59.8,32.5,25.6,32.2,-1.0,-0.5,-0.8,-1.6,-1.1,-1.4,33.0,61.0,70.0,68.0,2.0,0.7,1.3,36.0,30.0,6.0,27.0,25.0,2.0,10.0,5.0,4.0,0.6,33 Repair and installation of machinery,Repair and installation of machinery and equipment,7,2013
1009,344400 ,2014JJ00,2021.0,1565.0,456.0,2011.0,2.5,0.6,2.8,61.7,47.7,61.4,32.8,25.4,32.7,2.4,0.4,2.6,1.1,-0.8,1.4,33.0,62.0,70.0,68.0,2.0,0.1,1.4,36.0,30.0,6.0,28.0,26.0,2.0,8.0,4.0,4.0,-0.4,33 Repair and installation of machinery,Repair and installation of machinery and equipment,7,2014
1010,344400 ,2015JJ00,2118.0,1664.0,454.0,2107.0,4.8,6.3,4.8,63.4,49.8,63.0,34.2,26.8,34.0,2.8,4.3,2.7,4.1,5.6,4.1,33.0,62.0,71.0,69.0,2.0,2.0,0.7,37.0,31.0,6.0,28.0,26.0,2.0,9.0,5.0,4.0,1.7,33 Repair and installation of machinery,Repair and installation of machinery and equipment,7,2015
1011,344400 ,2016JJ00,2214.0,1734.0,480.0,2201.0,4.5,4.2,4.5,65.4,51.3,65.1,35.5,27.8,35.3,3.3,3.0,3.2,3.8,3.5,3.7,34.0,62.0,72.0,70.0,2.0,1.2,0.7,37.0,32.0,6.0,28.0,26.0,2.0,9.0,5.0,4.0,1.3,33 Repair and installation of machinery,Repair and installation of machinery and equipment,7,2016
1012,344400 ,2017JJ00,2365.0,1852.0,513.0,2353.0,6.8,6.8,6.9,66.4,52.0,66.1,36.2,28.4,36.0,1.5,1.5,1.5,2.1,2.1,2.1,36.0,65.0,75.0,73.0,2.0,5.2,4.6,39.0,33.0,6.0,30.0,28.0,2.0,9.0,4.0,4.0,4.1,33 Repair and installation of machinery,Repair and installation of machinery and equipment,7,2017
1013,344400 ,2018JJ00,2508.0,1955.0,553.0,2502.0,6.1,5.6,6.3,67.2,52.4,67.0,36.5,28.5,36.5,1.2,0.7,1.5,0.9,0.5,1.2,37.0,69.0,79.0,77.0,3.0,4.8,5.1,41.0,34.0,6.0,32.0,30.0,2.0,9.0,5.0,5.0,4.9,33 Repair and installation of machinery,Repair and installation of machinery and equipment,7,2018
1014,344400 ,2019JJ00,2603.0,2008.0,595.0,2603.0,3.8,2.7,4.0,67.8,52.3,67.8,36.7,28.3,36.7,0.8,-0.2,1.1,0.3,-0.8,0.5,38.0,71.0,82.0,79.0,3.0,2.9,3.5,42.0,35.0,7.0,32.0,30.0,2.0,10.0,5.0,5.0,3.3,33 Repair and installation of machinery,Repair and installation of machinery and equipment,7,2019
1015,344400 ,2020JJ00,2579.0,1969.0,610.0,2400.0,-0.9,-1.9,-7.8,69.9,53.4,65.0,39.2,29.9,36.5,3.1,2.1,-4.0,6.9,5.9,-0.5,37.0,66.0,79.0,76.0,2.0,-4.0,-7.4,41.0,34.0,7.0,31.0,29.0,2.0,10.0,5.0,5.0,-3.6,33 Repair and installation of machinery,Repair and installation of machinery and equipment,7,2020
1016,344400 ,2021JJ00,2571.0,1958.0,613.0,2435.0,-0.3,-0.6,1.5,71.2,54.2,67.5,39.3,29.9,37.2,1.9,1.6,3.7,0.2,-0.1,2.0,36.0,65.0,76.0,74.0,2.0,-2.2,-0.5,40.0,33.0,6.0,30.0,28.0,2.0,10.0,5.0,5.0,-2.4,33 Repair and installation of machinery,Repair and installation of machinery and equipment,7,2021
1017,344400 ,2022JJ00,2677.0,2027.0,650.0,2535.0,4.1,3.6,4.1,72.7,55.1,68.8,40.7,30.8,38.5,2.1,1.5,2.1,3.5,3.0,3.5,37.0,66.0,77.0,75.0,2.0,2.0,0.6,40.0,34.0,7.0,30.0,28.0,2.0,10.0,5.0,5.0,2.2,33 Repair and installation of machinery,Repair and installation of machinery and equipment,7,2022
1018,344400 ,2023JJ00,3025.0,2317.0,708.0,3008.0,13.0,14.3,18.7,79.2,60.6,78.7,44.4,34.0,44.2,8.9,10.1,14.3,9.2,10.4,14.7,38.0,68.0,80.0,78.0,2.0,3.8,3.5,42.0,35.0,7.0,31.0,29.0,2.0,11.0,6.0,5.0,4.0,33 Repair and installation of machinery,Repair and installation of machinery and equipment,7,2023
1019,344400 ,2024JJ00,3298.0,2531.0,767.0,3281.0,9.0,9.2,9.1,83.3,63.9,82.9,46.6,35.8,46.4,5.2,5.4,5.3,4.9,5.1,5.0,40.0,71.0,84.0,81.0,2.0,3.6,3.9,44.0,36.0,7.0,31.0,29.0,2.0,12.0,7.0,5.0,3.7,33 Repair and installation of machinery,Repair and installation of machinery and equipment,7,2024
1020,346600 ,1995JJ00,1466.0,1133.0,333.0,1466.0,,,,50.6,39.1,50.6,28.1,21.7,28.1,,,,,,,29.0,52.0,,,,,,29.0,25.0,5.0,,,,,,,,D Energy supply,"Electricity, gas, steam and air conditioning supply",3,1995
1021,346600 ,1996JJ00,1405.0,1075.0,330.0,1405.0,-4.2,-5.1,-4.2,50.9,39.0,50.9,28.4,21.8,28.4,0.7,-0.3,0.7,1.3,0.3,1.3,28.0,49.0,,,,-4.8,-5.4,28.0,23.0,4.0,,,,,,,-4.7,D Energy supply,"Electricity, gas, steam and air conditioning supply",3,1996
1022,346600 ,1997JJ00,1414.0,1093.0,321.0,1414.0,0.6,1.6,0.6,53.1,41.1,53.1,30.3,23.4,30.3,4.3,5.3,4.3,6.5,7.6,6.5,27.0,47.0,,,,-3.5,-5.6,27.0,22.0,4.0,,,,,,,-2.6,D Energy supply,"Electricity, gas, steam and air conditioning supply",3,1997
1023,346600 ,1998JJ00,1452.0,1056.0,396.0,1451.0,2.7,-3.4,2.6,55.4,40.3,55.3,31.6,23.0,31.6,4.3,-1.9,4.2,4.3,-1.9,4.2,26.0,46.0,,,,-1.5,-1.5,26.0,22.0,4.0,,,,,,,-1.9,D Energy supply,"Electricity, gas, steam and air conditioning supply",3,1998
1024,346600 ,1999JJ00,1475.0,1064.0,411.0,1475.0,1.6,0.8,1.7,58.2,42.0,58.2,33.1,23.9,33.1,5.2,4.3,5.2,4.8,3.9,4.9,25.0,45.0,,,,-3.4,-3.1,26.0,21.0,4.0,,,,,,,-3.3,D Energy supply,"Electricity, gas, steam and air conditioning supply",3,1999
1025,346600 ,2000JJ00,1501.0,1056.0,445.0,1501.0,1.7,-0.7,1.7,62.0,43.6,62.0,35.5,25.0,35.5,6.4,3.8,6.4,7.1,4.4,7.1,24.0,42.0,,,,-4.3,-5.0,25.0,20.0,4.0,,,,,,,-4.1,D Energy supply,"Electricity, gas, steam and air conditioning supply",3,2000
1026,346600 ,2001JJ00,1474.0,1075.0,399.0,1474.0,-1.8,1.8,-1.8,60.4,44.1,60.4,34.7,25.3,34.7,-2.4,1.1,-2.4,-2.1,1.4,-2.1,24.0,42.0,,,,0.7,0.4,25.0,20.0,4.0,,,,,,,-0.1,D Energy supply,"Electricity, gas, steam and air conditioning supply",3,2001
1027,346600 ,2002JJ00,1559.0,1127.0,432.0,1558.0,5.7,4.8,5.7,64.0,46.3,63.9,37.0,26.7,36.9,5.9,5.0,5.8,6.5,5.6,6.4,24.0,42.0,,,,-0.1,-0.7,25.0,21.0,3.0,,,,,,,1.7,D Energy supply,"Electricity, gas, steam and air conditioning supply",3,2002
1028,346600 ,2003JJ00,1572.0,1129.0,443.0,1572.0,0.9,0.2,1.0,66.7,47.9,66.7,38.4,27.6,38.4,4.3,3.6,4.4,4.0,3.3,4.0,24.0,41.0,,,,-3.3,-2.9,24.0,21.0,3.0,,,,,,,-3.1,D Energy supply,"Electricity, gas, steam and air conditioning supply",3,2003
1029,346600 ,2004JJ00,1565.0,1120.0,445.0,1564.0,-0.5,-0.8,-0.6,69.1,49.5,69.1,39.8,28.5,39.7,3.5,3.2,3.5,3.5,3.2,3.4,23.0,39.0,,,,-3.9,-3.9,24.0,20.0,4.0,,,,,,,-2.7,D Energy supply,"Electricity, gas, steam and air conditioning supply",3,2004
1030,346600 ,2005JJ00,1612.0,1187.0,425.0,1611.0,3.1,6.1,3.1,67.3,49.6,67.3,39.4,29.0,39.4,-2.6,0.2,-2.6,-0.8,2.0,-0.8,24.0,41.0,,,,5.9,4.0,25.0,21.0,4.0,,,,,,,5.2,D Energy supply,"Electricity, gas, steam and air conditioning supply",3,2005
1031,346600 ,2006JJ00,1603.0,1201.0,402.0,1601.0,-0.5,1.2,-0.6,68.9,51.6,68.8,40.5,30.3,40.4,2.4,4.2,2.3,2.7,4.4,2.6,23.0,40.0,,,,-2.9,-3.1,24.0,20.0,4.0,,,,,,,-2.7,D Energy supply,"Electricity, gas, steam and air conditioning supply",3,2006
1032,346600 ,2007JJ00,1699.0,1264.0,435.0,1697.0,6.0,5.2,6.0,71.3,53.1,71.2,41.8,31.1,41.8,3.5,2.8,3.5,3.3,2.6,3.3,24.0,41.0,,,,2.4,2.6,25.0,20.0,4.0,,,,,,,2.4,D Energy supply,"Electricity, gas, steam and air conditioning supply",3,2007
1033,346600 ,2008JJ00,1818.0,1351.0,467.0,1815.0,6.9,6.8,6.9,74.2,55.2,74.1,43.6,32.4,43.5,4.1,4.0,4.0,4.2,4.1,4.1,24.0,42.0,,,,2.8,2.7,25.0,20.0,5.0,,,,,,,3.1,D Energy supply,"Electricity, gas, steam and air conditioning supply",3,2008
1034,346600 ,2009JJ00,1892.0,1397.0,495.0,1888.0,4.1,3.4,4.0,79.5,58.7,79.4,46.4,34.2,46.3,7.1,6.5,7.1,6.4,5.7,6.3,24.0,41.0,,,,-2.9,-2.2,25.0,20.0,5.0,,,,,,,-2.5,D Energy supply,"Electricity, gas, steam and air conditioning supply",3,2009
1035,346600 ,2010JJ00,1981.0,1455.0,526.0,1976.0,4.7,4.1,4.7,79.2,58.2,79.0,46.1,33.9,46.0,-0.3,-0.9,-0.4,-0.6,-1.1,-0.6,25.0,43.0,51.0,50.0,0.0,5.1,5.3,26.0,20.0,6.0,20.0,17.0,3.0,6.0,2.0,3.0,5.0,D Energy supply,"Electricity, gas, steam and air conditioning supply",3,2010
1036,346600 ,2011JJ00,1917.0,1508.0,409.0,1913.0,-3.2,3.6,-3.2,77.7,61.1,77.6,45.1,35.5,45.1,-1.9,5.0,-1.9,-2.1,4.9,-2.0,25.0,42.0,50.0,50.0,0.0,-1.3,-1.2,26.0,20.0,6.0,19.0,17.0,3.0,6.0,3.0,3.0,-0.7,D Energy supply,"Electricity, gas, steam and air conditioning supply",3,2011
1037,346600 ,2012JJ00,1946.0,1515.0,431.0,1942.0,1.5,0.5,1.5,79.7,62.0,79.5,46.6,36.3,46.5,2.5,1.5,2.5,3.3,2.2,3.3,24.0,42.0,50.0,49.0,0.0,-1.0,-1.7,26.0,19.0,6.0,19.0,16.0,3.0,6.0,3.0,3.0,-1.2,D Energy supply,"Electricity, gas, steam and air conditioning supply",3,2012
1038,346600 ,2013JJ00,2093.0,1605.0,488.0,2097.0,7.5,5.9,8.0,82.4,63.2,82.5,47.8,36.7,47.9,3.4,1.9,3.8,2.6,1.0,3.0,25.0,44.0,52.0,51.0,1.0,4.0,4.9,27.0,20.0,7.0,20.0,17.0,3.0,7.0,3.0,4.0,3.7,D Energy supply,"Electricity, gas, steam and air conditioning supply",3,2013
1039,346600 ,2014JJ00,2055.0,1603.0,452.0,2059.0,-1.8,-0.1,-1.8,82.8,64.6,83.0,47.8,37.3,47.9,0.5,2.2,0.5,0.0,1.7,0.0,25.0,43.0,51.0,50.0,0.0,-2.3,-1.8,26.0,20.0,6.0,20.0,17.0,3.0,6.0,3.0,4.0,-2.5,D Energy supply,"Electricity, gas, steam and air conditioning supply",3,2014
1040,346600 ,2015JJ00,1998.0,1605.0,393.0,1997.0,-2.8,0.1,-3.1,80.1,64.4,80.1,47.1,37.8,47.0,-3.2,-0.3,-3.5,-1.6,1.4,-1.8,25.0,42.0,51.0,50.0,0.0,0.4,-1.3,26.0,20.0,6.0,19.0,17.0,3.0,7.0,3.0,4.0,1.1,D Energy supply,"Electricity, gas, steam and air conditioning supply",3,2015
1041,346600 ,2016JJ00,1995.0,1599.0,396.0,1996.0,-0.1,-0.3,0.0,81.1,65.0,81.1,47.4,38.0,47.4,1.1,0.9,1.3,0.7,0.5,0.9,25.0,42.0,50.0,50.0,0.0,-1.2,-0.8,26.0,20.0,6.0,19.0,17.0,3.0,7.0,3.0,4.0,-1.2,D Energy supply,"Electricity, gas, steam and air conditioning supply",3,2016
1042,346600 ,2017JJ00,2046.0,1622.0,424.0,2044.0,2.5,1.4,2.4,82.5,65.5,82.5,46.6,36.9,46.5,1.8,0.7,1.7,-1.7,-2.8,-1.9,25.0,44.0,51.0,51.0,0.0,0.7,4.3,26.0,20.0,6.0,20.0,17.0,3.0,6.0,3.0,4.0,0.6,D Energy supply,"Electricity, gas, steam and air conditioning supply",3,2017
1043,346600 ,2018JJ00,2129.0,1671.0,458.0,2130.0,4.0,3.0,4.2,84.1,66.0,84.1,47.5,37.3,47.5,1.9,0.8,2.0,2.0,0.9,2.1,25.0,45.0,53.0,52.0,0.0,2.1,2.0,27.0,20.0,6.0,20.0,17.0,3.0,7.0,3.0,4.0,2.0,D Energy supply,"Electricity, gas, steam and air conditioning supply",3,2018
1044,346600 ,2019JJ00,2238.0,1743.0,495.0,2237.0,5.1,4.3,5.0,87.9,68.4,87.9,50.2,39.1,50.1,4.5,3.7,4.4,5.6,4.8,5.5,25.0,45.0,52.0,52.0,0.0,0.6,-0.4,27.0,20.0,7.0,20.0,17.0,3.0,7.0,3.0,4.0,1.8,D Energy supply,"Electricity, gas, steam and air conditioning supply",3,2019
1045,346600 ,2020JJ00,2306.0,1796.0,510.0,2304.0,3.0,3.0,3.0,89.7,69.8,89.6,50.8,39.6,50.8,2.0,2.0,2.0,1.3,1.3,1.3,26.0,45.0,53.0,53.0,0.0,1.0,1.7,28.0,21.0,7.0,19.0,17.0,2.0,9.0,4.0,5.0,3.1,D Energy supply,"Electricity, gas, steam and air conditioning supply",3,2020
1046,346600 ,2021JJ00,2441.0,1891.0,550.0,2436.0,5.8,5.3,5.7,90.9,70.4,90.7,51.5,39.9,51.4,1.4,0.8,1.2,1.4,0.9,1.3,27.0,47.0,55.0,55.0,0.0,4.4,4.4,30.0,21.0,9.0,20.0,17.0,3.0,10.0,4.0,6.0,7.6,D Energy supply,"Electricity, gas, steam and air conditioning supply",3,2021
1047,346600 ,2022JJ00,2675.0,2055.0,620.0,2675.0,9.6,8.7,9.8,93.6,71.9,93.6,53.9,41.4,53.9,3.0,2.1,3.2,4.7,3.8,4.9,29.0,50.0,58.0,58.0,0.0,6.4,4.7,33.0,23.0,10.0,20.0,18.0,3.0,12.0,5.0,7.0,8.7,D Energy supply,"Electricity, gas, steam and air conditioning supply",3,2022
1048,346600 ,2023JJ00,3138.0,2394.0,744.0,3137.0,17.3,16.5,17.3,99.5,75.9,99.5,57.4,43.8,57.4,6.3,5.5,6.3,6.4,5.7,6.4,32.0,55.0,65.0,64.0,0.0,10.4,10.3,35.0,25.0,10.0,23.0,20.0,3.0,12.0,6.0,6.0,7.4,D Energy supply,"Electricity, gas, steam and air conditioning supply",3,2023
1049,346600 ,2024JJ00,3697.0,2832.0,865.0,3692.0,17.8,18.3,17.7,104.3,79.9,104.1,59.6,45.7,59.6,4.8,5.3,4.7,3.9,4.4,3.8,35.0,62.0,73.0,73.0,1.0,12.4,13.3,39.0,28.0,11.0,26.0,22.0,4.0,14.0,7.0,7.0,12.4,D Energy supply,"Electricity, gas, steam and air conditioning supply",3,2024
1050,346700 ,1995JJ00,1466.0,1133.0,333.0,1466.0,,,,50.6,39.1,50.6,28.1,21.7,28.1,,,,,,,29.0,52.0,,,,,,29.0,25.0,5.0,,,,,,,,35 Energy supply,"Electricity, gas, steam and air conditioning supply",8,1995
1051,346700 ,1996JJ00,1405.0,1075.0,330.0,1405.0,-4.2,-5.1,-4.2,50.9,39.0,50.9,28.4,21.8,28.4,0.7,-0.3,0.7,1.3,0.3,1.3,28.0,49.0,,,,-4.8,-5.4,28.0,23.0,4.0,,,,,,,-4.7,35 Energy supply,"Electricity, gas, steam and air conditioning supply",8,1996
1052,346700 ,1997JJ00,1414.0,1093.0,321.0,1414.0,0.6,1.6,0.6,53.1,41.1,53.1,30.3,23.4,30.3,4.3,5.3,4.3,6.5,7.6,6.5,27.0,47.0,,,,-3.5,-5.6,27.0,22.0,4.0,,,,,,,-2.6,35 Energy supply,"Electricity, gas, steam and air conditioning supply",8,1997
1053,346700 ,1998JJ00,1452.0,1056.0,396.0,1451.0,2.7,-3.4,2.6,55.4,40.3,55.3,31.6,23.0,31.6,4.3,-1.9,4.2,4.3,-1.9,4.2,26.0,46.0,,,,-1.5,-1.5,26.0,22.0,4.0,,,,,,,-1.9,35 Energy supply,"Electricity, gas, steam and air conditioning supply",8,1998
1054,346700 ,1999JJ00,1475.0,1064.0,411.0,1475.0,1.6,0.8,1.7,58.2,42.0,58.2,33.1,23.9,33.1,5.2,4.3,5.2,4.8,3.9,4.9,25.0,45.0,,,,-3.4,-3.1,26.0,21.0,4.0,,,,,,,-3.3,35 Energy supply,"Electricity, gas, steam and air conditioning supply",8,1999
1055,346700 ,2000JJ00,1501.0,1056.0,445.0,1501.0,1.7,-0.7,1.7,62.0,43.6,62.0,35.5,25.0,35.5,6.4,3.8,6.4,7.1,4.4,7.1,24.0,42.0,,,,-4.3,-5.0,25.0,20.0,4.0,,,,,,,-4.1,35 Energy supply,"Electricity, gas, steam and air conditioning supply",8,2000
1056,346700 ,2001JJ00,1474.0,1075.0,399.0,1474.0,-1.8,1.8,-1.8,60.4,44.1,60.4,34.7,25.3,34.7,-2.4,1.1,-2.4,-2.1,1.4,-2.1,24.0,42.0,,,,0.7,0.4,25.0,20.0,4.0,,,,,,,-0.1,35 Energy supply,"Electricity, gas, steam and air conditioning supply",8,2001
1057,346700 ,2002JJ00,1559.0,1127.0,432.0,1558.0,5.7,4.8,5.7,64.0,46.3,63.9,37.0,26.7,36.9,5.9,5.0,5.8,6.5,5.6,6.4,24.0,42.0,,,,-0.1,-0.7,25.0,21.0,3.0,,,,,,,1.7,35 Energy supply,"Electricity, gas, steam and air conditioning supply",8,2002
1058,346700 ,2003JJ00,1572.0,1129.0,443.0,1572.0,0.9,0.2,1.0,66.7,47.9,66.7,38.4,27.6,38.4,4.3,3.6,4.4,4.0,3.3,4.0,24.0,41.0,,,,-3.3,-2.9,24.0,21.0,3.0,,,,,,,-3.1,35 Energy supply,"Electricity, gas, steam and air conditioning supply",8,2003
1059,346700 ,2004JJ00,1565.0,1120.0,445.0,1564.0,-0.5,-0.8,-0.6,69.1,49.5,69.1,39.8,28.5,39.7,3.5,3.2,3.5,3.5,3.2,3.4,23.0,39.0,,,,-3.9,-3.9,24.0,20.0,4.0,,,,,,,-2.7,35 Energy supply,"Electricity, gas, steam and air conditioning supply",8,2004
1060,346700 ,2005JJ00,1612.0,1187.0,425.0,1611.0,3.1,6.1,3.1,67.3,49.6,67.3,39.4,29.0,39.4,-2.6,0.2,-2.6,-0.8,2.0,-0.8,24.0,41.0,,,,5.9,4.0,25.0,21.0,4.0,,,,,,,5.2,35 Energy supply,"Electricity, gas, steam and air conditioning supply",8,2005
1061,346700 ,2006JJ00,1603.0,1201.0,402.0,1601.0,-0.5,1.2,-0.6,68.9,51.6,68.8,40.5,30.3,40.4,2.4,4.2,2.3,2.7,4.4,2.6,23.0,40.0,,,,-2.9,-3.1,24.0,20.0,4.0,,,,,,,-2.7,35 Energy supply,"Electricity, gas, steam and air conditioning supply",8,2006
1062,346700 ,2007JJ00,1699.0,1264.0,435.0,1697.0,6.0,5.2,6.0,71.3,53.1,71.2,41.8,31.1,41.8,3.5,2.8,3.5,3.3,2.6,3.3,24.0,41.0,,,,2.4,2.6,25.0,20.0,4.0,,,,,,,2.4,35 Energy supply,"Electricity, gas, steam and air conditioning supply",8,2007
1063,346700 ,2008JJ00,1818.0,1351.0,467.0,1815.0,6.9,6.8,6.9,74.2,55.2,74.1,43.6,32.4,43.5,4.1,4.0,4.0,4.2,4.1,4.1,24.0,42.0,,,,2.8,2.7,25.0,20.0,5.0,,,,,,,3.1,35 Energy supply,"Electricity, gas, steam and air conditioning supply",8,2008
1064,346700 ,2009JJ00,1892.0,1397.0,495.0,1888.0,4.1,3.4,4.0,79.5,58.7,79.4,46.4,34.2,46.3,7.1,6.5,7.1,6.4,5.7,6.3,24.0,41.0,,,,-2.9,-2.2,25.0,20.0,5.0,,,,,,,-2.5,35 Energy supply,"Electricity, gas, steam and air conditioning supply",8,2009
1065,346700 ,2010JJ00,1981.0,1455.0,526.0,1976.0,4.7,4.1,4.7,79.2,58.2,79.0,46.1,33.9,46.0,-0.3,-0.9,-0.4,-0.6,-1.1,-0.6,25.0,43.0,51.0,50.0,0.0,5.1,5.3,26.0,20.0,6.0,20.0,17.0,3.0,6.0,2.0,3.0,5.0,35 Energy supply,"Electricity, gas, steam and air conditioning supply",8,2010
1066,346700 ,2011JJ00,1917.0,1508.0,409.0,1913.0,-3.2,3.6,-3.2,77.7,61.1,77.6,45.1,35.5,45.1,-1.9,5.0,-1.9,-2.1,4.9,-2.0,25.0,42.0,50.0,50.0,0.0,-1.3,-1.2,26.0,20.0,6.0,19.0,17.0,3.0,6.0,3.0,3.0,-0.7,35 Energy supply,"Electricity, gas, steam and air conditioning supply",8,2011
1067,346700 ,2012JJ00,1946.0,1515.0,431.0,1942.0,1.5,0.5,1.5,79.7,62.0,79.5,46.6,36.3,46.5,2.5,1.5,2.5,3.3,2.2,3.3,24.0,42.0,50.0,49.0,0.0,-1.0,-1.7,26.0,19.0,6.0,19.0,16.0,3.0,6.0,3.0,3.0,-1.2,35 Energy supply,"Electricity, gas, steam and air conditioning supply",8,2012
1068,346700 ,2013JJ00,2093.0,1605.0,488.0,2097.0,7.5,5.9,8.0,82.4,63.2,82.5,47.8,36.7,47.9,3.4,1.9,3.8,2.6,1.0,3.0,25.0,44.0,52.0,51.0,1.0,4.0,4.9,27.0,20.0,7.0,20.0,17.0,3.0,7.0,3.0,4.0,3.7,35 Energy supply,"Electricity, gas, steam and air conditioning supply",8,2013
1069,346700 ,2014JJ00,2055.0,1603.0,452.0,2059.0,-1.8,-0.1,-1.8,82.8,64.6,83.0,47.8,37.3,47.9,0.5,2.2,0.5,0.0,1.7,0.0,25.0,43.0,51.0,50.0,0.0,-2.3,-1.8,26.0,20.0,6.0,20.0,17.0,3.0,6.0,3.0,4.0,-2.5,35 Energy supply,"Electricity, gas, steam and air conditioning supply",8,2014
1070,346700 ,2015JJ00,1998.0,1605.0,393.0,1997.0,-2.8,0.1,-3.1,80.1,64.4,80.1,47.1,37.8,47.0,-3.2,-0.3,-3.5,-1.6,1.4,-1.8,25.0,42.0,51.0,50.0,0.0,0.4,-1.3,26.0,20.0,6.0,19.0,17.0,3.0,7.0,3.0,4.0,1.1,35 Energy supply,"Electricity, gas, steam and air conditioning supply",8,2015
1071,346700 ,2016JJ00,1995.0,1599.0,396.0,1996.0,-0.1,-0.3,0.0,81.1,65.0,81.1,47.4,38.0,47.4,1.1,0.9,1.3,0.7,0.5,0.9,25.0,42.0,50.0,50.0,0.0,-1.2,-0.8,26.0,20.0,6.0,19.0,17.0,3.0,7.0,3.0,4.0,-1.2,35 Energy supply,"Electricity, gas, steam and air conditioning supply",8,2016
1072,346700 ,2017JJ00,2046.0,1622.0,424.0,2044.0,2.5,1.4,2.4,82.5,65.5,82.5,46.6,36.9,46.5,1.8,0.7,1.7,-1.7,-2.8,-1.9,25.0,44.0,51.0,51.0,0.0,0.7,4.3,26.0,20.0,6.0,20.0,17.0,3.0,6.0,3.0,4.0,0.6,35 Energy supply,"Electricity, gas, steam and air conditioning supply",8,2017
1073,346700 ,2018JJ00,2129.0,1671.0,458.0,2130.0,4.0,3.0,4.2,84.1,66.0,84.1,47.5,37.3,47.5,1.9,0.8,2.0,2.0,0.9,2.1,25.0,45.0,53.0,52.0,0.0,2.1,2.0,27.0,20.0,6.0,20.0,17.0,3.0,7.0,3.0,4.0,2.0,35 Energy supply,"Electricity, gas, steam and air conditioning supply",8,2018
1074,346700 ,2019JJ00,2238.0,1743.0,495.0,2237.0,5.1,4.3,5.0,87.9,68.4,87.9,50.2,39.1,50.1,4.5,3.7,4.4,5.6,4.8,5.5,25.0,45.0,52.0,52.0,0.0,0.6,-0.4,27.0,20.0,7.0,20.0,17.0,3.0,7.0,3.0,4.0,1.8,35 Energy supply,"Electricity, gas, steam and air conditioning supply",8,2019
1075,346700 ,2020JJ00,2306.0,1796.0,510.0,2304.0,3.0,3.0,3.0,89.7,69.8,89.6,50.8,39.6,50.8,2.0,2.0,2.0,1.3,1.3,1.3,26.0,45.0,53.0,53.0,0.0,1.0,1.7,28.0,21.0,7.0,19.0,17.0,2.0,9.0,4.0,5.0,3.1,35 Energy supply,"Electricity, gas, steam and air conditioning supply",8,2020
1076,346700 ,2021JJ00,2441.0,1891.0,550.0,2436.0,5.8,5.3,5.7,90.9,70.4,90.7,51.5,39.9,51.4,1.4,0.8,1.2,1.4,0.9,1.3,27.0,47.0,55.0,55.0,0.0,4.4,4.4,30.0,21.0,9.0,20.0,17.0,3.0,10.0,4.0,6.0,7.6,35 Energy supply,"Electricity, gas, steam and air conditioning supply",8,2021
1077,346700 ,2022JJ00,2675.0,2055.0,620.0,2675.0,9.6,8.7,9.8,93.6,71.9,93.6,53.9,41.4,53.9,3.0,2.1,3.2,4.7,3.8,4.9,29.0,50.0,58.0,58.0,0.0,6.4,4.7,33.0,23.0,10.0,20.0,18.0,3.0,12.0,5.0,7.0,8.7,35 Energy supply,"Electricity, gas, steam and air conditioning supply",8,2022
1078,346700 ,2023JJ00,3138.0,2394.0,744.0,3137.0,17.3,16.5,17.3,99.5,75.9,99.5,57.4,43.8,57.4,6.3,5.5,6.3,6.4,5.7,6.4,32.0,55.0,65.0,64.0,0.0,10.4,10.3,35.0,25.0,10.0,23.0,20.0,3.0,12.0,6.0,6.0,7.4,35 Energy supply,"Electricity, gas, steam and air conditioning supply",8,2023
1079,346700 ,2024JJ00,3697.0,2832.0,865.0,3692.0,17.8,18.3,17.7,104.3,79.9,104.1,59.6,45.7,59.6,4.8,5.3,4.7,3.9,4.4,3.8,35.0,62.0,73.0,73.0,1.0,12.4,13.3,39.0,28.0,11.0,26.0,22.0,4.0,14.0,7.0,7.0,12.4,35 Energy supply,"Electricity, gas, steam and air conditioning supply",8,2024
1080,348000 ,1995JJ00,709.0,608.0,101.0,703.0,,,,30.4,26.1,30.2,17.6,15.1,17.4,,,,,,,23.0,40.0,,,,,,25.0,21.0,4.0,,,,,,,,E Water supply and waste management,"Water supply; sewerage, waste management and remediation activities",3,1995
1081,348000 ,1996JJ00,750.0,647.0,103.0,737.0,5.7,6.4,4.8,32.0,27.6,31.5,18.4,15.9,18.1,5.1,5.8,4.2,4.6,5.3,3.7,23.0,41.0,,,,0.6,1.0,25.0,21.0,4.0,,,,,,,1.1,E Water supply and waste management,"Water supply; sewerage, waste management and remediation activities",3,1996
1082,348000 ,1997JJ00,825.0,704.0,121.0,803.0,10.2,8.9,9.2,34.1,29.1,33.2,19.8,16.9,19.3,6.6,5.3,5.6,7.7,6.5,6.7,24.0,42.0,,,,3.4,2.3,26.0,21.0,5.0,,,,,,,4.1,E Water supply and waste management,"Water supply; sewerage, waste management and remediation activities",3,1997
1083,348000 ,1998JJ00,929.0,714.0,215.0,899.0,12.5,1.3,11.8,37.2,28.6,36.0,21.8,16.7,21.1,9.1,-1.7,8.5,9.7,-1.2,9.1,25.0,43.0,,,,3.1,2.6,27.0,22.0,5.0,,,,,,,3.0,E Water supply and waste management,"Water supply; sewerage, waste management and remediation activities",3,1998
1084,348000 ,1999JJ00,1085.0,836.0,249.0,1048.0,16.7,16.9,16.5,42.6,32.8,41.1,24.7,19.0,23.8,14.4,14.7,14.2,13.5,13.7,13.3,25.0,44.0,,,,2.0,2.8,27.0,22.0,5.0,,,,,,,2.0,E Water supply and waste management,"Water supply; sewerage, waste management and remediation activities",3,1999
1085,348000 ,2000JJ00,1157.0,885.0,272.0,1117.0,6.6,5.8,6.5,45.0,34.4,43.4,26.2,20.0,25.3,5.5,4.8,5.5,6.2,5.4,6.1,26.0,44.0,,,,1.0,0.4,28.0,23.0,5.0,,,,,,,1.2,E Water supply and waste management,"Water supply; sewerage, waste management and remediation activities",3,2000
1086,348000 ,2001JJ00,1306.0,1001.0,305.0,1260.0,12.9,13.2,12.8,45.4,34.8,43.8,25.7,19.7,24.8,1.0,1.2,0.9,-2.1,-1.9,-2.2,29.0,51.0,,,,11.8,15.3,31.0,25.0,6.0,,,,,,,13.2,E Water supply and waste management,"Water supply; sewerage, waste management and remediation activities",3,2001
1087,348000 ,2002JJ00,1409.0,1084.0,325.0,1365.0,7.8,8.3,8.2,47.0,36.2,45.6,26.6,20.5,25.8,3.6,4.1,4.1,3.6,4.0,4.0,30.0,53.0,,,,4.0,4.1,32.0,26.0,6.0,,,,,,,3.0,E Water supply and waste management,"Water supply; sewerage, waste management and remediation activities",3,2002
1088,348000 ,2003JJ00,1510.0,1161.0,349.0,1468.0,7.2,7.1,7.6,48.8,37.5,47.5,27.3,21.0,26.6,3.8,3.7,4.2,2.8,2.7,3.2,31.0,55.0,,,,3.3,4.2,33.0,27.0,7.0,,,,,,,3.8,E Water supply and waste management,"Water supply; sewerage, waste management and remediation activities",3,2003
1089,348000 ,2004JJ00,1492.0,1133.0,359.0,1442.0,-1.2,-2.4,-1.8,50.4,38.3,48.7,28.0,21.2,27.0,3.2,2.0,2.6,2.3,1.1,1.7,30.0,53.0,,,,-4.3,-3.5,32.0,26.0,6.0,,,,,,,-2.7,E Water supply and waste management,"Water supply; sewerage, waste management and remediation activities",3,2004
1090,348000 ,2005JJ00,1485.0,1126.0,359.0,1438.0,-0.4,-0.6,-0.3,50.9,38.6,49.3,27.1,20.6,26.3,0.9,0.7,1.1,-3.1,-3.2,-2.9,29.0,55.0,,,,-1.4,2.7,32.0,25.0,6.0,,,,,,,-2.3,E Water supply and waste management,"Water supply; sewerage, waste management and remediation activities",3,2005
1091,348000 ,2006JJ00,1481.0,1145.0,336.0,1435.0,-0.3,1.7,-0.2,51.8,40.0,50.2,27.7,21.4,26.9,1.8,3.8,1.9,2.3,4.3,2.4,29.0,53.0,,,,-2.1,-2.6,31.0,25.0,6.0,,,,,,,-1.8,E Water supply and waste management,"Water supply; sewerage, waste management and remediation activities",3,2006
1092,348000 ,2007JJ00,1529.0,1185.0,344.0,1482.0,3.3,3.6,3.3,53.1,41.2,51.5,28.3,22.0,27.4,2.5,2.9,2.6,2.1,2.4,2.1,29.0,54.0,,,,0.7,1.2,31.0,25.0,6.0,,,,,,,0.8,E Water supply and waste management,"Water supply; sewerage, waste management and remediation activities",3,2007
1093,348000 ,2008JJ00,1604.0,1234.0,370.0,1557.0,4.8,4.1,5.0,55.3,42.6,53.7,29.4,22.6,28.5,4.1,3.4,4.3,3.7,2.9,3.8,29.0,55.0,,,,0.7,1.1,31.0,25.0,7.0,,,,,,,0.4,E Water supply and waste management,"Water supply; sewerage, waste management and remediation activities",3,2008
1094,348000 ,2009JJ00,1686.0,1315.0,371.0,1636.0,5.1,6.6,5.1,56.0,43.7,54.3,29.7,23.2,28.8,1.2,2.6,1.2,1.2,2.6,1.1,30.0,57.0,,,,3.9,3.9,33.0,26.0,7.0,,,,,,,3.9,E Water supply and waste management,"Water supply; sewerage, waste management and remediation activities",3,2009
1095,348000 ,2010JJ00,1737.0,1338.0,399.0,1685.0,3.0,1.7,3.0,57.8,44.5,56.0,30.7,23.6,29.7,3.2,1.8,3.1,3.2,1.9,3.2,30.0,57.0,64.0,61.0,3.0,-0.1,-0.2,32.0,27.0,6.0,26.0,24.0,2.0,7.0,3.0,4.0,-0.9,E Water supply and waste management,"Water supply; sewerage, waste management and remediation activities",3,2010
1096,348000 ,2011JJ00,1805.0,1391.0,414.0,1766.0,3.9,4.0,4.8,59.2,45.6,57.9,31.4,24.2,30.8,2.4,2.5,3.3,2.6,2.6,3.5,30.0,57.0,65.0,62.0,3.0,1.5,1.3,33.0,27.0,6.0,24.0,23.0,2.0,9.0,5.0,4.0,2.3,E Water supply and waste management,"Water supply; sewerage, waste management and remediation activities",3,2011
1097,348000 ,2012JJ00,1804.0,1369.0,435.0,1773.0,-0.1,-1.6,0.4,60.6,46.0,59.5,32.4,24.6,31.8,2.4,0.9,2.9,2.9,1.4,3.4,30.0,56.0,64.0,61.0,3.0,-2.4,-2.9,32.0,27.0,6.0,24.0,22.0,2.0,9.0,5.0,4.0,-2.1,E Water supply and waste management,"Water supply; sewerage, waste management and remediation activities",3,2012
1098,348000 ,2013JJ00,1819.0,1387.0,432.0,1795.0,0.8,1.3,1.2,61.3,46.7,60.5,32.2,24.6,31.8,1.1,1.6,1.5,-0.4,0.1,0.1,30.0,56.0,64.0,61.0,3.0,-0.3,1.2,32.0,26.0,6.0,24.0,23.0,2.0,8.0,4.0,4.0,-1.1,E Water supply and waste management,"Water supply; sewerage, waste management and remediation activities",3,2013
1099,348000 ,2014JJ00,1832.0,1395.0,437.0,1823.0,0.7,0.6,1.6,61.8,47.1,61.5,32.2,24.5,32.0,0.9,0.7,1.7,-0.2,-0.3,0.7,30.0,57.0,64.0,61.0,3.0,-0.1,0.9,32.0,27.0,5.0,24.0,22.0,2.0,9.0,5.0,4.0,0.3,E Water supply and waste management,"Water supply; sewerage, waste management and remediation activities",3,2014
1100,348000 ,2015JJ00,1806.0,1405.0,401.0,1795.0,-1.3,0.8,-1.4,61.4,47.7,61.0,32.3,25.1,32.1,-0.7,1.4,-0.8,0.3,2.4,0.1,29.0,56.0,63.0,60.0,3.0,-0.6,-1.6,32.0,26.0,6.0,23.0,21.0,2.0,9.0,5.0,4.0,-0.5,E Water supply and waste management,"Water supply; sewerage, waste management and remediation activities",3,2015
1101,348000 ,2016JJ00,1856.0,1438.0,418.0,1841.0,2.7,2.4,2.5,62.1,48.2,61.6,32.9,25.5,32.6,1.3,0.9,1.1,1.8,1.5,1.6,30.0,56.0,64.0,61.0,3.0,1.5,0.9,32.0,27.0,6.0,24.0,22.0,2.0,9.0,5.0,4.0,1.4,E Water supply and waste management,"Water supply; sewerage, waste management and remediation activities",3,2016
1102,348000 ,2017JJ00,1926.0,1488.0,438.0,1919.0,3.7,3.4,4.2,62.4,48.2,62.1,33.0,25.5,32.9,0.4,0.1,0.8,0.5,0.2,0.9,31.0,58.0,66.0,63.0,3.0,3.3,3.2,33.0,27.0,6.0,25.0,24.0,2.0,8.0,4.0,4.0,2.8,E Water supply and waste management,"Water supply; sewerage, waste management and remediation activities",3,2017
1103,348000 ,2018JJ00,2060.0,1572.0,488.0,2056.0,7.0,5.7,7.2,64.2,49.0,64.1,34.0,25.9,33.9,3.0,1.7,3.1,2.9,1.6,3.1,32.0,61.0,69.0,66.0,3.0,3.9,4.0,35.0,29.0,6.0,26.0,24.0,2.0,8.0,4.0,4.0,3.8,E Water supply and waste management,"Water supply; sewerage, waste management and remediation activities",3,2018
1104,348000 ,2019JJ00,2158.0,1623.0,535.0,2153.0,4.8,3.3,4.8,66.0,49.6,65.8,35.3,26.5,35.2,2.8,1.2,2.7,3.7,2.2,3.7,33.0,61.0,70.0,67.0,3.0,2.0,1.1,35.0,29.0,6.0,26.0,25.0,2.0,9.0,4.0,4.0,2.0,E Water supply and waste management,"Water supply; sewerage, waste management and remediation activities",3,2019
1105,348000 ,2020JJ00,2214.0,1666.0,548.0,2185.0,2.6,2.6,1.4,67.2,50.5,66.3,36.3,27.3,35.9,1.8,1.8,0.7,3.0,3.1,1.9,33.0,61.0,71.0,68.0,3.0,0.8,-0.5,36.0,29.0,7.0,26.0,24.0,2.0,9.0,5.0,5.0,0.7,E Water supply and waste management,"Water supply; sewerage, waste management and remediation activities",3,2020
1106,348000 ,2021JJ00,2319.0,1746.0,573.0,2294.0,4.7,4.8,4.9,68.2,51.4,67.5,36.8,27.7,36.4,1.6,1.7,1.8,1.2,1.3,1.5,34.0,63.0,73.0,70.0,3.0,3.0,3.4,37.0,30.0,7.0,27.0,25.0,2.0,10.0,5.0,5.0,3.0,E Water supply and waste management,"Water supply; sewerage, waste management and remediation activities",3,2021
1107,348000 ,2022JJ00,2484.0,1843.0,641.0,2467.0,7.1,5.5,7.5,71.3,52.9,70.8,39.1,29.0,38.8,4.4,2.9,4.9,6.3,4.7,6.7,35.0,64.0,74.0,72.0,3.0,2.6,0.8,38.0,30.0,7.0,28.0,25.0,2.0,10.0,5.0,5.0,2.6,E Water supply and waste management,"Water supply; sewerage, waste management and remediation activities",3,2022
1108,348000 ,2023JJ00,2667.0,1987.0,680.0,2641.0,7.4,7.9,7.1,75.2,56.0,74.5,41.4,30.9,41.0,5.5,6.0,5.2,5.9,6.4,5.6,35.0,64.0,76.0,73.0,3.0,1.8,1.4,38.0,31.0,8.0,28.0,25.0,2.0,11.0,6.0,5.0,2.3,E Water supply and waste management,"Water supply; sewerage, waste management and remediation activities",3,2023
1109,348000 ,2024JJ00,2845.0,2120.0,725.0,2817.0,6.7,6.8,6.7,79.0,58.9,78.3,43.4,32.3,42.9,5.1,5.1,5.1,4.7,4.7,4.7,36.0,66.0,77.0,75.0,3.0,1.5,2.0,39.0,31.0,8.0,27.0,25.0,2.0,12.0,7.0,5.0,2.0,E Water supply and waste management,"Water supply; sewerage, waste management and remediation activities",3,2024
1110,348100 ,1995JJ00,236.0,196.0,40.0,236.0,,,,35.7,29.6,35.7,22.1,18.4,22.1,,,,,,,7.0,11.0,,,,,,7.0,5.0,1.0,,,,,,,,36 Water collection and distribution,"Collection, purification and distribution of water",9,1995
1111,348100 ,1996JJ00,241.0,201.0,40.0,241.0,2.0,2.5,2.0,38.0,31.7,38.0,23.7,19.8,23.7,6.6,7.1,6.6,7.2,7.8,7.2,6.0,10.0,,,,-4.3,-4.9,7.0,5.0,1.0,,,,,,,-4.1,36 Water collection and distribution,"Collection, purification and distribution of water",9,1996
1112,348100 ,1997JJ00,243.0,204.0,39.0,243.0,1.0,1.6,1.0,39.6,33.2,39.6,25.3,21.2,25.3,4.1,4.7,4.1,6.5,7.1,6.5,6.0,10.0,,,,-2.9,-5.1,6.0,5.0,1.0,,,,,,,-1.7,36 Water collection and distribution,"Collection, purification and distribution of water",9,1997
1113,348100 ,1998JJ00,258.0,200.0,58.0,258.0,6.0,-2.1,6.0,42.4,32.9,42.4,27.1,21.0,27.1,7.1,-1.1,7.1,7.2,-1.1,7.2,6.0,10.0,,,,-1.0,-1.0,6.0,5.0,1.0,,,,,,,-1.2,36 Water collection and distribution,"Collection, purification and distribution of water",9,1998
1114,348100 ,1999JJ00,262.0,203.0,59.0,263.0,1.6,1.4,2.0,44.1,34.1,44.2,28.1,21.7,28.2,3.9,3.7,4.3,3.6,3.4,4.0,6.0,9.0,,,,-2.2,-1.9,6.0,5.0,1.0,,,,,,,-2.0,36 Water collection and distribution,"Collection, purification and distribution of water",9,1999
1115,348100 ,2000JJ00,267.0,204.0,63.0,268.0,1.9,0.4,1.9,46.6,35.6,46.8,29.9,22.8,30.0,5.8,4.3,5.8,6.5,5.0,6.5,6.0,9.0,,,,-3.7,-4.4,6.0,5.0,1.0,,,,,,,-3.4,36 Water collection and distribution,"Collection, purification and distribution of water",9,2000
1116,348100 ,2001JJ00,261.0,204.0,57.0,262.0,-2.3,0.0,-2.3,49.5,38.6,49.7,30.1,23.5,30.2,6.2,8.7,6.2,0.7,3.1,0.7,5.0,9.0,,,,-8.0,-3.0,6.0,5.0,1.0,,,,,,,-2.6,36 Water collection and distribution,"Collection, purification and distribution of water",9,2001
1117,348100 ,2002JJ00,279.0,216.0,63.0,280.0,6.9,5.9,6.8,52.0,40.2,52.2,31.6,24.4,31.7,5.0,4.0,5.0,4.8,3.9,4.8,5.0,9.0,,,,1.8,1.9,6.0,5.0,1.0,,,,,,,-1.9,36 Water collection and distribution,"Collection, purification and distribution of water",9,2002
1118,348100 ,2003JJ00,289.0,225.0,64.0,290.0,3.7,4.1,3.7,54.4,42.3,54.6,32.6,25.4,32.8,4.6,5.1,4.6,3.4,3.9,3.4,5.0,9.0,,,,-0.9,0.2,6.0,5.0,1.0,,,,,,,-1.3,36 Water collection and distribution,"Collection, purification and distribution of water",9,2003
1119,348100 ,2004JJ00,285.0,221.0,64.0,285.0,-1.5,-1.8,-1.8,56.6,43.9,56.6,33.8,26.2,33.8,4.1,3.8,3.7,3.4,3.2,3.1,5.0,8.0,,,,-5.4,-4.8,5.0,4.0,1.0,,,,,,,-3.9,36 Water collection and distribution,"Collection, purification and distribution of water",9,2004
1120,348100 ,2005JJ00,281.0,217.0,64.0,282.0,-1.3,-1.8,-0.9,57.4,44.2,57.6,34.8,26.8,34.9,1.3,0.7,1.7,2.9,2.3,3.3,5.0,8.0,,,,-2.6,-4.1,5.0,4.0,1.0,,,,,,,-4.6,36 Water collection and distribution,"Collection, purification and distribution of water",9,2005
1121,348100 ,2006JJ00,274.0,215.0,59.0,274.0,-2.6,-1.0,-2.9,57.8,45.3,57.8,35.1,27.5,35.1,0.8,2.5,0.5,1.1,2.7,0.7,5.0,8.0,,,,-3.4,-3.6,5.0,4.0,1.0,,,,,,,-3.2,36 Water collection and distribution,"Collection, purification and distribution of water",9,2006
1122,348100 ,2007JJ00,282.0,224.0,58.0,282.0,2.9,4.3,2.9,60.2,47.8,60.2,36.5,29.0,36.5,4.0,5.5,4.0,4.0,5.4,4.0,5.0,8.0,,,,-1.1,-1.1,5.0,4.0,1.0,,,,,,,-1.1,36 Water collection and distribution,"Collection, purification and distribution of water",9,2007
1123,348100 ,2008JJ00,296.0,227.0,69.0,296.0,4.8,1.3,4.8,63.3,48.6,63.3,37.8,29.0,37.8,5.2,1.7,5.2,3.5,0.0,3.5,5.0,8.0,,,,-0.4,1.3,5.0,4.0,1.0,,,,,,,0.3,36 Water collection and distribution,"Collection, purification and distribution of water",9,2008
1124,348100 ,2009JJ00,305.0,236.0,69.0,305.0,3.0,3.9,3.0,63.9,49.5,63.9,38.0,29.4,38.0,1.0,1.9,1.0,0.5,1.4,0.5,5.0,8.0,,,,2.0,2.5,5.0,4.0,1.0,,,,,,,2.0,36 Water collection and distribution,"Collection, purification and distribution of water",9,2009
1125,348100 ,2010JJ00,318.0,248.0,70.0,318.0,4.3,5.1,4.3,64.2,50.1,64.2,38.7,30.2,38.7,0.5,1.2,0.5,1.7,2.5,1.7,5.0,8.0,10.0,10.0,0.0,3.8,2.5,5.0,4.0,1.0,4.0,4.0,0.0,1.0,0.0,1.0,3.6,36 Water collection and distribution,"Collection, purification and distribution of water",9,2010
1126,348100 ,2011JJ00,328.0,259.0,69.0,329.0,3.2,4.4,3.5,67.1,53.0,67.3,41.4,32.7,41.6,4.5,5.8,4.8,7.1,8.5,7.5,5.0,8.0,10.0,10.0,0.0,-1.3,-3.7,5.0,4.0,1.0,4.0,3.0,0.0,1.0,1.0,1.0,-0.5,36 Water collection and distribution,"Collection, purification and distribution of water",9,2011
1127,348100 ,2012JJ00,339.0,260.0,79.0,337.0,3.4,0.4,2.4,69.1,53.0,68.7,42.9,32.9,42.6,3.0,0.0,2.1,3.5,0.5,2.6,5.0,8.0,10.0,10.0,0.0,0.3,-0.1,5.0,4.0,1.0,4.0,3.0,0.0,2.0,1.0,1.0,0.6,36 Water collection and distribution,"Collection, purification and distribution of water",9,2012
1128,348100 ,2013JJ00,356.0,273.0,83.0,355.0,5.0,5.1,5.3,72.0,55.2,71.8,44.6,34.2,44.5,4.1,4.2,4.4,4.0,4.0,4.3,5.0,8.0,10.0,10.0,0.0,0.9,1.0,5.0,4.0,1.0,4.0,3.0,0.0,1.0,1.0,1.0,0.5,36 Water collection and distribution,"Collection, purification and distribution of water",9,2013
1129,348100 ,2014JJ00,352.0,270.0,82.0,353.0,-1.0,-1.1,-0.4,71.2,54.6,71.4,43.5,33.3,43.6,-1.0,-1.2,-0.5,-2.4,-2.6,-1.9,5.0,8.0,10.0,10.0,0.0,0.0,1.5,5.0,4.0,1.0,4.0,3.0,0.0,2.0,1.0,1.0,0.0,36 Water collection and distribution,"Collection, purification and distribution of water",9,2014
1130,348100 ,2015JJ00,350.0,276.0,74.0,349.0,-0.5,2.4,-1.1,70.8,55.9,70.6,43.4,34.3,43.3,-0.6,2.4,-1.1,-0.2,2.8,-0.7,5.0,8.0,10.0,10.0,0.0,0.0,-0.4,5.0,4.0,1.0,4.0,3.0,0.0,1.0,1.0,1.0,-0.1,36 Water collection and distribution,"Collection, purification and distribution of water",9,2015
1131,348100 ,2016JJ00,351.0,278.0,73.0,349.0,0.5,0.8,0.2,70.6,55.8,70.2,43.4,34.3,43.1,-0.4,-0.1,-0.7,-0.1,0.1,-0.4,5.0,8.0,10.0,10.0,0.0,0.9,0.6,5.0,4.0,1.0,4.0,3.0,0.0,1.0,1.0,1.0,0.8,36 Water collection and distribution,"Collection, purification and distribution of water",9,2016
1132,348100 ,2017JJ00,351.0,275.0,76.0,349.0,-0.1,-1.1,-0.1,71.4,55.9,71.0,43.5,34.1,43.2,1.2,0.1,1.2,0.3,-0.7,0.3,5.0,8.0,10.0,10.0,0.0,-1.3,-0.4,5.0,4.0,1.0,4.0,3.0,0.0,1.0,1.0,1.0,-0.8,36 Water collection and distribution,"Collection, purification and distribution of water",9,2017
1133,348100 ,2018JJ00,357.0,275.0,82.0,355.0,1.8,0.1,1.8,73.2,56.4,72.8,45.1,34.7,44.8,2.6,0.9,2.6,3.6,1.8,3.6,5.0,8.0,10.0,10.0,0.0,-0.8,-1.8,5.0,4.0,1.0,4.0,3.0,0.0,2.0,1.0,1.0,-0.2,36 Water collection and distribution,"Collection, purification and distribution of water",9,2018
1134,348100 ,2019JJ00,370.0,281.0,89.0,368.0,3.7,2.2,3.7,75.3,57.1,74.8,46.4,35.2,46.1,2.8,1.3,2.8,3.0,1.5,3.0,5.0,8.0,10.0,10.0,0.0,0.9,0.7,5.0,4.0,1.0,4.0,3.0,0.0,2.0,1.0,1.0,0.9,36 Water collection and distribution,"Collection, purification and distribution of water",9,2019
1135,348100 ,2020JJ00,385.0,292.0,93.0,383.0,4.1,3.9,4.1,76.9,58.3,76.5,47.4,36.0,47.2,2.1,2.0,2.2,2.3,2.1,2.3,5.0,8.0,10.0,10.0,0.0,1.9,1.8,5.0,4.0,1.0,4.0,3.0,0.0,2.0,1.0,1.0,1.6,36 Water collection and distribution,"Collection, purification and distribution of water",9,2020
1136,348100 ,2021JJ00,401.0,302.0,99.0,399.0,3.9,3.2,3.9,77.6,58.4,77.2,47.4,35.7,47.1,1.0,0.3,1.0,-0.1,-0.8,-0.1,5.0,8.0,11.0,11.0,0.0,2.9,4.0,6.0,4.0,2.0,4.0,3.0,0.0,2.0,1.0,1.0,2.7,36 Water collection and distribution,"Collection, purification and distribution of water",9,2021
1137,348100 ,2022JJ00,429.0,318.0,111.0,427.0,7.0,5.4,7.0,80.0,59.4,79.7,49.5,36.7,49.2,3.1,1.6,3.2,4.4,2.9,4.5,5.0,9.0,11.0,11.0,0.0,3.7,2.4,6.0,4.0,2.0,4.0,3.0,0.0,2.0,1.0,1.0,3.7,36 Water collection and distribution,"Collection, purification and distribution of water",9,2022
1138,348100 ,2023JJ00,451.0,337.0,114.0,450.0,5.1,5.9,5.4,81.8,61.1,81.6,49.8,37.3,49.7,2.2,3.0,2.4,0.8,1.6,1.0,6.0,9.0,11.0,11.0,0.0,2.9,4.3,6.0,4.0,2.0,4.0,3.0,1.0,2.0,1.0,1.0,3.3,36 Water collection and distribution,"Collection, purification and distribution of water",9,2023
1139,348100 ,2024JJ00,494.0,371.0,123.0,493.0,9.8,10.4,9.8,85.9,64.5,85.7,52.0,39.1,51.9,5.0,5.5,5.0,4.3,4.8,4.3,6.0,10.0,12.0,12.0,0.0,4.6,5.3,6.0,4.0,2.0,4.0,4.0,1.0,2.0,1.0,1.0,4.8,36 Water collection and distribution,"Collection, purification and distribution of water",9,2024
1140,800018 ,1995JJ00,473.0,412.0,61.0,467.0,,,,28.4,24.7,28.0,16.0,13.9,15.8,,,,,,,17.0,30.0,,,,,,18.0,15.0,2.0,,,,,,,,37-39 Sewerage and waste treatment,"Sewerage, treatment of waste, remediation activities and other waste management",24,1995
1141,800018 ,1996JJ00,509.0,446.0,63.0,496.0,7.6,8.3,6.2,29.8,26.1,29.0,16.6,14.6,16.2,5.0,5.7,3.6,4.3,5.0,2.9,17.0,31.0,,,,2.5,3.2,18.0,15.0,3.0,,,,,,,3.1,37-39 Sewerage and waste treatment,"Sewerage, treatment of waste, remediation activities and other waste management",24,1996
1142,800018 ,1997JJ00,582.0,500.0,82.0,560.0,14.6,12.2,13.1,32.3,27.7,31.0,18.2,15.6,17.5,8.3,6.1,7.0,9.4,7.1,8.0,18.0,32.0,,,,5.8,4.7,19.0,16.0,3.0,,,,,,,6.2,37-39 Sewerage and waste treatment,"Sewerage, treatment of waste, remediation activities and other waste management",24,1997
1143,800018 ,1998JJ00,671.0,514.0,157.0,641.0,15.2,2.8,14.4,35.5,27.2,34.0,20.2,15.5,19.3,10.2,-1.7,9.4,11.1,-0.8,10.3,19.0,33.0,,,,4.5,3.6,20.0,17.0,4.0,,,,,,,4.4,37-39 Sewerage and waste treatment,"Sewerage, treatment of waste, remediation activities and other waste management",24,1998
1144,800018 ,1999JJ00,823.0,633.0,190.0,785.0,22.5,22.9,22.3,42.1,32.4,40.2,23.8,18.3,22.7,18.6,19.0,18.4,17.6,18.0,17.4,20.0,35.0,,,,3.3,4.2,21.0,17.0,4.0,,,,,,,3.2,37-39 Sewerage and waste treatment,"Sewerage, treatment of waste, remediation activities and other waste management",24,1999
1145,800018 ,2000JJ00,890.0,681.0,209.0,849.0,8.1,7.6,8.1,44.5,34.0,42.4,25.3,19.3,24.1,5.5,5.0,5.5,6.3,5.8,6.3,20.0,35.0,,,,2.4,1.7,22.0,18.0,4.0,,,,,,,2.6,37-39 Sewerage and waste treatment,"Sewerage, treatment of waste, remediation activities and other waste management",24,2000
1146,800018 ,2001JJ00,1045.0,797.0,248.0,998.0,17.5,17.1,17.6,44.5,33.9,42.5,24.8,18.9,23.6,0.0,-0.3,0.1,-2.1,-2.4,-2.0,23.0,42.0,,,,17.5,20.0,25.0,21.0,5.0,,,,,,,17.6,37-39 Sewerage and waste treatment,"Sewerage, treatment of waste, remediation activities and other waste management",24,2001
1147,800018 ,2002JJ00,1130.0,868.0,262.0,1085.0,8.0,8.9,8.6,46.0,35.3,44.1,25.6,19.7,24.6,3.4,4.2,3.9,3.4,4.1,3.9,25.0,44.0,,,,4.5,4.5,26.0,21.0,5.0,,,,,,,4.1,37-39 Sewerage and waste treatment,"Sewerage, treatment of waste, remediation activities and other waste management",24,2002
1148,800018 ,2003JJ00,1221.0,936.0,285.0,1178.0,8.0,7.8,8.6,47.7,36.6,46.0,26.3,20.2,25.4,3.7,3.5,4.2,2.9,2.7,3.4,26.0,46.0,,,,4.2,5.0,28.0,22.0,5.0,,,,,,,4.9,37-39 Sewerage and waste treatment,"Sewerage, treatment of waste, remediation activities and other waste management",24,2003
1149,800018 ,2004JJ00,1207.0,912.0,295.0,1157.0,-1.1,-2.5,-1.8,49.1,37.1,47.1,26.9,20.3,25.8,3.0,1.5,2.4,2.2,0.7,1.5,25.0,45.0,,,,-4.0,-3.2,27.0,22.0,5.0,,,,,,,-2.5,37-39 Sewerage and waste treatment,"Sewerage, treatment of waste, remediation activities and other waste management",24,2004
1150,800018 ,2005JJ00,1204.0,909.0,295.0,1156.0,-0.2,-0.3,-0.1,49.6,37.4,47.6,25.8,19.5,24.8,0.9,0.8,1.0,-4.1,-4.2,-3.9,24.0,47.0,,,,-1.1,4.0,26.0,21.0,5.0,,,,,,,-1.8,37-39 Sewerage and waste treatment,"Sewerage, treatment of waste, remediation activities and other waste management",24,2005
1151,800018 ,2006JJ00,1207.0,930.0,277.0,1161.0,0.2,2.3,0.4,50.6,39.0,48.7,26.5,20.4,25.5,2.1,4.2,2.3,2.7,4.8,2.9,24.0,46.0,,,,-1.8,-2.4,26.0,21.0,5.0,,,,,,,-1.6,37-39 Sewerage and waste treatment,"Sewerage, treatment of waste, remediation activities and other waste management",24,2006
1152,800018 ,2007JJ00,1247.0,961.0,286.0,1200.0,3.4,3.4,3.4,51.7,39.9,49.8,26.9,20.8,25.9,2.3,2.3,2.3,1.8,1.8,1.8,24.0,46.0,,,,1.1,1.6,26.0,21.0,5.0,,,,,,,1.1,37-39 Sewerage and waste treatment,"Sewerage, treatment of waste, remediation activities and other waste management",24,2007
1153,800018 ,2008JJ00,1308.0,1007.0,301.0,1261.0,4.9,4.7,5.1,53.8,41.4,51.8,27.9,21.5,26.9,4.0,3.8,4.1,3.7,3.6,3.9,24.0,47.0,,,,0.9,1.1,26.0,21.0,5.0,,,,,,,0.4,37-39 Sewerage and waste treatment,"Sewerage, treatment of waste, remediation activities and other waste management",24,2008
1154,800018 ,2009JJ00,1381.0,1079.0,302.0,1331.0,5.6,7.2,5.6,54.5,42.6,52.5,28.3,22.2,27.3,1.3,2.9,1.3,1.4,2.9,1.4,25.0,49.0,,,,4.2,4.2,28.0,22.0,6.0,,,,,,,4.3,37-39 Sewerage and waste treatment,"Sewerage, treatment of waste, remediation activities and other waste management",24,2009
1155,800018 ,2010JJ00,1419.0,1090.0,329.0,1367.0,2.7,1.0,2.7,56.5,43.4,54.4,29.3,22.5,28.2,3.6,1.9,3.6,3.4,1.6,3.3,25.0,48.0,54.0,51.0,3.0,-0.9,-0.6,27.0,23.0,4.0,22.0,20.0,2.0,6.0,3.0,3.0,-1.8,37-39 Sewerage and waste treatment,"Sewerage, treatment of waste, remediation activities and other waste management",24,2010
1156,800018 ,2011JJ00,1477.0,1132.0,345.0,1437.0,4.1,3.9,5.1,57.7,44.2,56.1,29.8,22.9,29.0,2.1,1.8,3.1,1.9,1.6,2.9,26.0,49.0,55.0,52.0,3.0,2.0,2.2,28.0,23.0,5.0,21.0,19.0,2.0,7.0,4.0,3.0,2.8,37-39 Sewerage and waste treatment,"Sewerage, treatment of waste, remediation activities and other waste management",24,2011
1157,800018 ,2012JJ00,1465.0,1109.0,356.0,1436.0,-0.8,-2.0,-0.1,58.9,44.6,57.7,30.6,23.2,30.0,2.2,1.0,2.9,2.6,1.4,3.4,25.0,48.0,54.0,51.0,3.0,-2.9,-3.3,27.0,23.0,4.0,20.0,18.0,1.0,7.0,4.0,3.0,-2.7,37-39 Sewerage and waste treatment,"Sewerage, treatment of waste, remediation activities and other waste management",24,2012
1158,800018 ,2013JJ00,1463.0,1114.0,349.0,1440.0,-0.1,0.4,0.3,59.1,45.0,58.2,30.2,23.0,29.7,0.4,0.9,0.8,-1.3,-0.8,-0.9,25.0,48.0,54.0,51.0,3.0,-0.5,1.2,27.0,22.0,4.0,20.0,19.0,1.0,6.0,3.0,3.0,-1.4,37-39 Sewerage and waste treatment,"Sewerage, treatment of waste, remediation activities and other waste management",24,2013
1159,800018 ,2014JJ00,1480.0,1125.0,355.0,1470.0,1.2,1.0,2.1,59.9,45.6,59.5,30.3,23.1,30.1,1.3,1.2,2.2,0.4,0.2,1.3,25.0,49.0,54.0,51.0,3.0,-0.1,0.8,27.0,23.0,4.0,20.0,18.0,1.0,7.0,4.0,3.0,0.4,37-39 Sewerage and waste treatment,"Sewerage, treatment of waste, remediation activities and other waste management",24,2014
1160,800018 ,2015JJ00,1456.0,1129.0,327.0,1446.0,-1.5,0.4,-1.5,59.4,46.1,59.0,30.4,23.6,30.2,-0.8,1.2,-0.8,0.3,2.2,0.3,25.0,48.0,53.0,50.0,3.0,-0.7,-1.8,27.0,22.0,4.0,19.0,18.0,1.0,7.0,4.0,3.0,-0.6,37-39 Sewerage and waste treatment,"Sewerage, treatment of waste, remediation activities and other waste management",24,2015
1161,800018 ,2016JJ00,1505.0,1160.0,345.0,1492.0,3.3,2.8,3.1,60.5,46.6,59.9,31.1,24.0,30.8,1.7,1.2,1.5,2.3,1.8,2.1,25.0,48.0,54.0,51.0,3.0,1.6,0.9,27.0,23.0,4.0,20.0,19.0,1.0,7.0,4.0,3.0,1.5,37-39 Sewerage and waste treatment,"Sewerage, treatment of waste, remediation activities and other waste management",24,2016
1162,800018 ,2017JJ00,1575.0,1213.0,362.0,1570.0,4.6,4.5,5.2,60.7,46.7,60.5,31.4,24.2,31.3,0.3,0.2,0.9,0.8,0.7,1.3,26.0,50.0,56.0,53.0,3.0,4.3,3.8,28.0,24.0,5.0,21.0,20.0,1.0,7.0,3.0,3.0,3.5,37-39 Sewerage and waste treatment,"Sewerage, treatment of waste, remediation activities and other waste management",24,2017
1163,800018 ,2018JJ00,1703.0,1297.0,406.0,1701.0,8.2,7.0,8.4,62.6,47.7,62.5,32.3,24.6,32.3,3.2,2.0,3.4,3.1,2.0,3.3,27.0,53.0,59.0,56.0,3.0,4.8,4.9,29.0,25.0,5.0,23.0,21.0,1.0,7.0,4.0,3.0,4.6,37-39 Sewerage and waste treatment,"Sewerage, treatment of waste, remediation activities and other waste management",24,2018
1164,800018 ,2019JJ00,1788.0,1342.0,446.0,1785.0,5.1,3.5,5.0,64.4,48.3,64.2,33.6,25.2,33.5,2.8,1.2,2.7,3.9,2.3,3.8,28.0,53.0,60.0,57.0,3.0,2.2,1.1,30.0,25.0,5.0,23.0,21.0,1.0,7.0,4.0,3.0,2.2,37-39 Sewerage and waste treatment,"Sewerage, treatment of waste, remediation activities and other waste management",24,2019
1165,800018 ,2020JJ00,1829.0,1374.0,455.0,1802.0,2.2,2.3,0.9,65.4,49.1,64.5,34.6,26.0,34.1,1.7,1.8,0.3,3.1,3.2,1.7,28.0,53.0,61.0,58.0,3.0,0.6,-0.8,30.0,25.0,5.0,23.0,21.0,2.0,7.0,4.0,3.0,0.5,37-39 Sewerage and waste treatment,"Sewerage, treatment of waste, remediation activities and other waste management",24,2020
1166,800018 ,2021JJ00,1918.0,1444.0,474.0,1895.0,4.8,5.1,5.1,66.6,50.1,65.8,35.2,26.5,34.7,1.7,2.0,2.0,1.5,1.8,1.8,29.0,55.0,62.0,59.0,3.0,3.1,3.3,31.0,26.0,5.0,23.0,21.0,2.0,8.0,4.0,4.0,3.0,37-39 Sewerage and waste treatment,"Sewerage, treatment of waste, remediation activities and other waste management",24,2021
1167,800018 ,2022JJ00,2055.0,1525.0,530.0,2040.0,7.1,5.5,7.7,69.7,51.7,69.2,37.5,27.8,37.2,4.7,3.1,5.2,6.6,5.0,7.1,29.0,55.0,63.0,61.0,3.0,2.3,0.5,32.0,26.0,5.0,24.0,22.0,2.0,8.0,4.0,4.0,2.4,37-39 Sewerage and waste treatment,"Sewerage, treatment of waste, remediation activities and other waste management",24,2022
1168,800018 ,2023JJ00,2216.0,1650.0,566.0,2191.0,7.8,8.3,7.4,74.0,55.1,73.2,40.0,29.8,39.6,6.2,6.6,5.8,6.9,7.3,6.4,30.0,55.0,64.0,62.0,3.0,1.6,0.9,32.0,27.0,6.0,24.0,22.0,2.0,9.0,5.0,4.0,2.1,37-39 Sewerage and waste treatment,"Sewerage, treatment of waste, remediation activities and other waste management",24,2023
1169,800018 ,2024JJ00,2351.0,1749.0,602.0,2324.0,6.1,6.0,6.1,77.7,57.8,76.9,41.9,31.2,41.4,5.1,5.0,5.1,4.7,4.6,4.6,30.0,56.0,65.0,63.0,3.0,1.0,1.4,33.0,27.0,6.0,23.0,21.0,2.0,10.0,6.0,4.0,1.5,37-39 Sewerage and waste treatment,"Sewerage, treatment of waste, remediation activities and other waste management",24,2024
1170,350000 ,1995JJ00,11909.0,9248.0,2661.0,11895.0,,,,34.4,26.7,34.3,19.6,15.2,19.6,,,,,,,347.0,608.0,,,,,,375.0,342.0,33.0,,,,,,,,F Construction,Construction,3,1995
1171,350000 ,1996JJ00,12232.0,9540.0,2692.0,12168.0,2.7,3.1,2.3,34.8,27.2,34.7,19.6,15.3,19.5,1.4,1.8,0.9,-0.1,0.4,-0.5,351.0,625.0,,,,1.3,2.8,380.0,349.0,31.0,,,,,,,1.3,F Construction,Construction,3,1996
1172,350000 ,1997JJ00,12672.0,10114.0,2558.0,12574.0,3.6,6.0,3.3,34.8,27.8,34.6,19.7,15.7,19.6,0.0,2.3,-0.2,0.7,3.0,0.4,364.0,643.0,,,,3.6,2.9,390.0,359.0,31.0,,,,,,,2.7,F Construction,Construction,3,1997
1173,350000 ,1998JJ00,13569.0,10232.0,3337.0,13434.0,7.1,1.2,6.8,36.7,27.6,36.3,20.6,15.6,20.4,5.2,-0.6,5.0,4.7,-1.0,4.5,370.0,658.0,,,,1.7,2.2,399.0,367.0,31.0,,,,,,,2.2,F Construction,Construction,3,1998
1174,350000 ,1999JJ00,14691.0,11024.0,3667.0,14549.0,8.3,7.7,8.3,38.6,29.0,38.2,21.8,16.4,21.6,5.2,4.7,5.3,5.7,5.2,5.7,381.0,674.0,,,,2.9,2.4,411.0,378.0,34.0,,,,,,,3.2,F Construction,Construction,3,1999
1175,350000 ,2000JJ00,15938.0,11809.0,4129.0,15793.0,8.5,7.1,8.6,40.8,30.3,40.5,23.2,17.2,23.0,5.8,4.5,5.9,6.4,5.1,6.5,390.0,687.0,,,,2.5,2.0,423.0,387.0,36.0,,,,,,,2.8,F Construction,Construction,3,2000
1176,350000 ,2001JJ00,16724.0,12755.0,3969.0,16572.0,4.9,8.0,4.9,42.0,32.0,41.6,23.8,18.2,23.6,2.9,5.9,2.9,2.6,5.7,2.6,398.0,702.0,,,,2.0,2.2,431.0,390.0,41.0,,,,,,,1.9,F Construction,Construction,3,2001
1177,350000 ,2002JJ00,17254.0,13239.0,4015.0,17087.0,3.2,3.8,3.1,44.0,33.8,43.6,25.0,19.2,24.8,4.8,5.5,4.8,5.1,5.8,5.1,392.0,689.0,,,,-1.6,-1.9,426.0,385.0,41.0,,,,,,,-1.1,F Construction,Construction,3,2002
1178,350000 ,2003JJ00,17067.0,13126.0,3941.0,16942.0,-1.1,-0.9,-0.8,45.7,35.1,45.3,26.0,20.0,25.9,3.7,4.0,4.0,4.0,4.2,4.2,374.0,655.0,,,,-4.6,-4.9,407.0,367.0,40.0,,,,,,,-4.6,F Construction,Construction,3,2003
1179,350000 ,2004JJ00,17030.0,13083.0,3947.0,16884.0,-0.2,-0.3,-0.3,47.2,36.3,46.8,26.8,20.6,26.6,3.4,3.3,3.3,3.0,2.9,2.9,361.0,635.0,,,,-3.5,-3.1,394.0,355.0,38.0,,,,,,,-3.1,F Construction,Construction,3,2004
1180,350000 ,2005JJ00,17037.0,13200.0,3837.0,16926.0,0.0,0.9,0.2,47.8,37.0,47.5,27.3,21.2,27.1,1.2,2.1,1.4,1.9,2.7,2.1,356.0,623.0,,,,-1.2,-1.8,390.0,352.0,38.0,,,,,,,-1.0,F Construction,Construction,3,2005
1181,350000 ,2006JJ00,17351.0,13609.0,3742.0,17261.0,1.9,3.1,2.0,48.8,38.3,48.5,28.1,22.0,27.9,2.0,3.3,2.2,2.8,4.0,2.9,356.0,618.0,,,,-0.2,-0.9,390.0,350.0,40.0,,,,,,,0.1,F Construction,Construction,3,2006
1182,350000 ,2007JJ00,18068.0,14222.0,3846.0,17970.0,4.1,4.5,4.1,50.1,39.5,49.9,28.7,22.6,28.5,2.8,3.1,2.8,2.1,2.5,2.1,360.0,630.0,,,,1.3,2.0,395.0,354.0,41.0,,,,,,,1.3,F Construction,Construction,3,2007
1183,350000 ,2008JJ00,18996.0,14821.0,4175.0,18898.0,5.1,4.2,5.2,52.6,41.0,52.3,29.9,23.3,29.7,4.9,4.0,4.9,4.2,3.3,4.2,361.0,636.0,,,,0.2,0.9,398.0,355.0,43.0,,,,,,,0.6,F Construction,Construction,3,2008
1184,350000 ,2009JJ00,18875.0,14937.0,3938.0,18745.0,-0.6,0.8,-0.8,53.5,42.3,53.1,30.4,24.1,30.2,1.7,3.2,1.6,1.8,3.2,1.6,353.0,620.0,,,,-2.3,-2.4,388.0,347.0,41.0,,,,,,,-2.4,F Construction,Construction,3,2009
1185,350000 ,2010JJ00,18577.0,14603.0,3974.0,18429.0,-1.6,-2.2,-1.7,54.5,42.8,54.0,31.2,24.5,31.0,1.8,1.1,1.7,2.6,1.9,2.4,341.0,595.0,713.0,702.0,11.0,-3.3,-4.0,375.0,334.0,40.0,297.0,286.0,11.0,78.0,49.0,29.0,-3.5,F Construction,Construction,3,2010
1186,350000 ,2011JJ00,18631.0,14552.0,4079.0,18518.0,0.3,-0.4,0.5,55.7,43.5,55.3,31.2,24.4,31.0,2.2,1.5,2.4,0.1,-0.5,0.3,335.0,597.0,701.0,689.0,12.0,-1.9,0.2,368.0,328.0,40.0,289.0,279.0,11.0,78.0,49.0,29.0,-1.9,F Construction,Construction,3,2011
1187,350000 ,2012JJ00,18485.0,14320.0,4165.0,18368.0,-0.8,-1.6,-0.8,57.5,44.5,57.1,32.5,25.2,32.3,3.3,2.5,3.3,4.1,3.3,4.1,322.0,568.0,675.0,663.0,11.0,-4.0,-4.7,353.0,315.0,39.0,276.0,266.0,11.0,77.0,49.0,28.0,-3.9,F Construction,Construction,3,2012
1188,350000 ,2013JJ00,17065.0,13342.0,3723.0,16984.0,-7.7,-6.8,-7.5,58.1,45.4,57.8,32.5,25.4,32.3,1.1,2.0,1.2,-0.1,0.8,0.0,294.0,525.0,624.0,612.0,12.0,-8.7,-7.5,322.0,286.0,36.0,254.0,245.0,10.0,68.0,42.0,26.0,-8.8,F Construction,Construction,3,2013
1189,350000 ,2014JJ00,16475.0,12608.0,3867.0,16423.0,-3.5,-5.5,-3.3,59.4,45.5,59.2,32.5,24.9,32.4,2.2,0.0,2.4,0.1,-2.0,0.3,277.0,507.0,591.0,580.0,11.0,-5.5,-3.6,304.0,269.0,35.0,239.0,230.0,9.0,65.0,40.0,26.0,-5.6,F Construction,Construction,3,2014
1190,350000 ,2015JJ00,16044.0,12381.0,3663.0,15995.0,-2.6,-1.8,-2.6,58.8,45.4,58.6,32.5,25.1,32.4,-1.0,-0.2,-1.0,0.1,0.9,0.1,273.0,493.0,578.0,567.0,11.0,-1.6,-2.7,299.0,264.0,35.0,235.0,226.0,9.0,64.0,38.0,25.0,-1.9,F Construction,Construction,3,2015
1191,350000 ,2016JJ00,16367.0,12729.0,3638.0,16317.0,2.0,2.8,2.0,60.1,46.7,59.9,33.4,26.0,33.3,2.2,3.0,2.2,2.8,3.6,2.8,272.0,489.0,576.0,566.0,11.0,-0.2,-0.8,298.0,263.0,35.0,235.0,226.0,9.0,63.0,37.0,26.0,-0.3,F Construction,Construction,3,2016
1192,350000 ,2017JJ00,16973.0,13216.0,3757.0,16920.0,3.7,3.8,3.7,60.3,47.0,60.1,33.6,26.1,33.5,0.3,0.5,0.3,0.4,0.5,0.4,281.0,506.0,594.0,583.0,11.0,3.4,3.3,307.0,271.0,36.0,246.0,236.0,9.0,61.0,34.0,27.0,3.0,F Construction,Construction,3,2017
1193,350000 ,2018JJ00,18008.0,13955.0,4053.0,17968.0,6.1,5.6,6.2,61.8,47.9,61.7,34.4,26.7,34.4,2.5,2.0,2.6,2.6,2.1,2.7,291.0,523.0,616.0,605.0,11.0,3.5,3.4,317.0,279.0,38.0,253.0,243.0,10.0,64.0,36.0,28.0,3.5,F Construction,Construction,3,2018
1194,350000 ,2019JJ00,19052.0,14704.0,4348.0,19012.0,5.8,5.4,5.8,63.3,48.8,63.1,35.0,27.0,35.0,2.4,1.9,2.4,1.7,1.3,1.8,301.0,544.0,638.0,628.0,10.0,3.4,4.0,328.0,288.0,40.0,260.0,250.0,11.0,68.0,38.0,30.0,3.4,F Construction,Construction,3,2019
1195,350000 ,2020JJ00,19923.0,15286.0,4637.0,19575.0,4.6,4.0,3.0,64.9,49.8,63.8,38.2,29.3,37.5,2.6,2.0,1.0,8.9,8.3,7.3,307.0,522.0,650.0,640.0,9.0,1.9,-4.0,335.0,293.0,42.0,261.0,251.0,11.0,73.0,42.0,31.0,2.0,F Construction,Construction,3,2020
1196,350000 ,2021JJ00,20757.0,15991.0,4766.0,20523.0,4.2,4.6,4.9,66.1,50.9,65.4,37.2,28.7,36.8,1.9,2.3,2.5,-2.5,-2.1,-1.9,314.0,558.0,662.0,653.0,9.0,2.3,6.9,343.0,299.0,44.0,266.0,255.0,12.0,77.0,44.0,33.0,2.5,F Construction,Construction,3,2021
1197,350000 ,2022JJ00,21716.0,16652.0,5064.0,21662.0,4.6,4.1,5.6,67.7,52.0,67.6,38.4,29.5,38.3,2.4,2.0,3.4,3.2,2.7,4.1,321.0,565.0,673.0,664.0,9.0,2.1,1.4,351.0,304.0,47.0,269.0,257.0,12.0,82.0,48.0,35.0,2.4,F Construction,Construction,3,2022
1198,350000 ,2023JJ00,23173.0,17920.0,5253.0,23100.0,6.7,7.6,6.6,71.1,55.0,70.9,40.5,31.3,40.3,5.0,5.8,4.9,5.4,6.3,5.3,326.0,573.0,684.0,675.0,9.0,1.7,1.3,357.0,308.0,49.0,271.0,258.0,13.0,87.0,51.0,36.0,1.7,F Construction,Construction,3,2023
1199,350000 ,2024JJ00,24835.0,19273.0,5562.0,24773.0,7.2,7.6,7.2,75.5,58.6,75.3,42.7,33.1,42.6,6.2,6.6,6.3,5.4,5.8,5.5,329.0,582.0,693.0,684.0,9.0,0.9,1.7,361.0,310.0,51.0,269.0,255.0,14.0,92.0,55.0,37.0,1.0,F Construction,Construction,3,2024
1200,350100 ,1995JJ00,4503.0,3376.0,1127.0,4502.0,,,,38.2,28.6,38.2,22.3,16.8,22.3,,,,,,,118.0,202.0,,,,,,126.0,113.0,13.0,,,,,,,,"41 Construction buildings, development",Construction of buildings and development of building projects,10,1995
1201,350100 ,1996JJ00,4507.0,3403.0,1104.0,4500.0,0.1,0.8,-0.1,38.3,28.9,38.2,22.3,16.8,22.2,0.3,1.0,0.1,-0.4,0.3,-0.5,118.0,202.0,,,,-0.2,0.4,126.0,113.0,13.0,,,,,,,0.2,"41 Construction buildings, development",Construction of buildings and development of building projects,10,1996
1202,350100 ,1997JJ00,4609.0,3576.0,1033.0,4599.0,2.3,5.1,2.2,38.2,29.6,38.1,22.3,17.3,22.3,-0.2,2.5,-0.3,0.2,2.9,0.1,121.0,207.0,,,,2.5,2.1,128.0,117.0,11.0,,,,,,,1.5,"41 Construction buildings, development",Construction of buildings and development of building projects,10,1997
1203,350100 ,1998JJ00,4745.0,3493.0,1252.0,4730.0,2.9,-2.3,2.8,39.5,29.1,39.4,22.9,16.9,22.8,3.4,-1.8,3.3,2.7,-2.5,2.6,120.0,207.0,,,,-0.5,0.2,129.0,118.0,10.0,,,,,,,0.6,"41 Construction buildings, development",Construction of buildings and development of building projects,10,1998
1204,350100 ,1999JJ00,5112.0,3743.0,1369.0,5100.0,7.8,7.2,7.9,41.4,30.3,41.3,24.2,17.7,24.2,4.9,4.3,5.0,5.8,5.2,5.9,123.0,211.0,,,,2.7,1.9,132.0,121.0,12.0,,,,,,,3.0,"41 Construction buildings, development",Construction of buildings and development of building projects,10,1999
1205,350100 ,2000JJ00,5547.0,4008.0,1539.0,5535.0,8.5,7.1,8.5,43.9,31.7,43.8,25.8,18.7,25.8,6.1,4.7,6.1,6.5,5.1,6.5,126.0,215.0,,,,2.3,1.9,136.0,124.0,12.0,,,,,,,2.7,"41 Construction buildings, development",Construction of buildings and development of building projects,10,2000
1206,350100 ,2001JJ00,5777.0,4312.0,1465.0,5766.0,4.1,7.6,4.2,45.0,33.6,45.0,26.5,19.8,26.5,2.5,5.9,2.6,2.7,6.1,2.7,128.0,218.0,,,,1.6,1.4,138.0,124.0,14.0,,,,,,,1.5,"41 Construction buildings, development",Construction of buildings and development of building projects,10,2001
1207,350100 ,2002JJ00,5900.0,4464.0,1436.0,5887.0,2.1,3.5,2.1,46.9,35.5,46.8,27.7,20.9,27.6,4.2,5.6,4.1,4.4,5.8,4.3,126.0,213.0,,,,-2.0,-2.2,137.0,122.0,15.0,,,,,,,-0.9,"41 Construction buildings, development",Construction of buildings and development of building projects,10,2002
1208,350100 ,2003JJ00,5909.0,4483.0,1426.0,5900.0,0.2,0.4,0.2,48.7,36.9,48.6,28.8,21.9,28.8,3.8,4.0,3.8,4.1,4.4,4.2,121.0,205.0,,,,-3.5,-3.8,131.0,117.0,14.0,,,,,,,-4.0,"41 Construction buildings, development",Construction of buildings and development of building projects,10,2003
1209,350100 ,2004JJ00,5975.0,4525.0,1450.0,5954.0,1.1,1.0,0.9,50.8,38.5,50.6,30.2,22.9,30.1,4.4,4.2,4.2,4.7,4.6,4.5,118.0,198.0,,,,-3.1,-3.5,127.0,113.0,14.0,,,,,,,-3.1,"41 Construction buildings, development",Construction of buildings and development of building projects,10,2004
1210,350100 ,2005JJ00,5788.0,4425.0,1363.0,5777.0,-3.1,-2.2,-3.0,50.8,38.8,50.7,30.5,23.3,30.4,0.0,1.0,0.2,1.0,1.9,1.1,114.0,190.0,,,,-3.1,-4.1,124.0,110.0,14.0,,,,,,,-2.5,"41 Construction buildings, development",Construction of buildings and development of building projects,10,2005
1211,350100 ,2006JJ00,5919.0,4597.0,1322.0,5911.0,2.3,3.9,2.3,52.1,40.4,52.0,31.5,24.5,31.5,2.5,4.1,2.5,3.4,5.0,3.4,114.0,188.0,,,,-0.2,-1.1,124.0,110.0,14.0,,,,,,,0.1,"41 Construction buildings, development",Construction of buildings and development of building projects,10,2006
1212,350100 ,2007JJ00,6198.0,4821.0,1377.0,6188.0,4.7,4.9,4.7,53.9,41.9,53.8,32.4,25.2,32.4,3.5,3.7,3.5,2.9,3.0,2.9,115.0,191.0,,,,1.2,1.8,126.0,111.0,15.0,,,,,,,1.2,"41 Construction buildings, development",Construction of buildings and development of building projects,10,2007
1213,350100 ,2008JJ00,6450.0,4966.0,1484.0,6440.0,4.1,3.0,4.1,56.5,43.5,56.4,33.8,26.0,33.7,4.9,3.8,4.9,4.2,3.2,4.2,114.0,191.0,,,,-0.8,-0.2,125.0,110.0,16.0,,,,,,,-0.3,"41 Construction buildings, development",Construction of buildings and development of building projects,10,2008
1214,350100 ,2009JJ00,6191.0,4839.0,1352.0,6173.0,-4.0,-2.5,-4.1,56.8,44.4,56.7,34.0,26.6,33.9,0.5,2.1,0.4,0.5,2.1,0.4,109.0,182.0,,,,-4.5,-4.5,120.0,105.0,14.0,,,,,,,-4.6,"41 Construction buildings, development",Construction of buildings and development of building projects,10,2009
1215,350100 ,2010JJ00,5904.0,4591.0,1313.0,5873.0,-4.6,-5.1,-4.9,57.9,45.0,57.6,35.1,27.3,34.9,1.8,1.3,1.6,3.3,2.7,3.0,102.0,168.0,213.0,212.0,1.0,-6.4,-7.7,112.0,99.0,13.0,89.0,85.0,3.0,23.0,14.0,10.0,-6.3,"41 Construction buildings, development",Construction of buildings and development of building projects,10,2010
1216,350100 ,2011JJ00,5793.0,4473.0,1320.0,5778.0,-1.9,-2.6,-1.6,58.8,45.4,58.7,34.2,26.4,34.1,1.6,0.9,1.9,-2.4,-3.1,-2.2,99.0,169.0,206.0,205.0,1.0,-3.4,0.6,108.0,96.0,13.0,86.0,82.0,3.0,23.0,13.0,9.0,-3.3,"41 Construction buildings, development",Construction of buildings and development of building projects,10,2011
1217,350100 ,2012JJ00,5480.0,4203.0,1277.0,5463.0,-5.4,-6.0,-5.4,60.2,46.2,60.0,35.8,27.4,35.7,2.4,1.7,2.3,4.5,3.8,4.4,91.0,153.0,191.0,190.0,1.0,-7.6,-9.4,100.0,89.0,12.0,79.0,76.0,3.0,22.0,13.0,9.0,-7.3,"41 Construction buildings, development",Construction of buildings and development of building projects,10,2012
1218,350100 ,2013JJ00,4852.0,3756.0,1096.0,4842.0,-11.4,-10.6,-11.4,61.1,47.3,61.0,36.0,27.9,36.0,1.5,2.5,1.6,0.8,1.7,0.9,79.0,135.0,170.0,169.0,1.0,-12.8,-12.1,88.0,77.0,11.0,69.0,66.0,3.0,19.0,11.0,8.0,-12.5,"41 Construction buildings, development",Construction of buildings and development of building projects,10,2013
1219,350100 ,2014JJ00,4540.0,3438.0,1102.0,4536.0,-6.4,-8.5,-6.3,62.1,47.1,62.1,35.1,26.6,35.1,1.7,-0.5,1.8,-2.7,-4.8,-2.5,73.0,129.0,156.0,155.0,1.0,-8.0,-3.9,81.0,71.0,10.0,63.0,61.0,3.0,18.0,10.0,8.0,-7.9,"41 Construction buildings, development",Construction of buildings and development of building projects,10,2014
1220,350100 ,2015JJ00,4429.0,3373.0,1056.0,4422.0,-2.5,-1.9,-2.5,61.6,46.9,61.5,34.9,26.6,34.8,-0.8,-0.2,-0.9,-0.6,0.0,-0.7,72.0,127.0,153.0,152.0,1.0,-1.7,-1.9,80.0,69.0,10.0,62.0,60.0,3.0,17.0,10.0,8.0,-1.7,"41 Construction buildings, development",Construction of buildings and development of building projects,10,2015
1221,350100 ,2016JJ00,4664.0,3625.0,1039.0,4658.0,5.3,7.5,5.3,63.7,49.5,63.6,37.2,28.9,37.1,3.4,5.5,3.4,6.5,8.7,6.6,73.0,126.0,155.0,154.0,1.0,1.9,-1.2,81.0,71.0,11.0,63.0,60.0,3.0,18.0,10.0,8.0,1.9,"41 Construction buildings, development",Construction of buildings and development of building projects,10,2016
1222,350100 ,2017JJ00,4917.0,3818.0,1099.0,4910.0,5.5,5.3,5.4,63.7,49.5,63.6,36.6,28.4,36.6,0.0,-0.1,0.0,-1.5,-1.6,-1.5,77.0,134.0,163.0,162.0,1.0,5.4,7.0,85.0,74.0,11.0,66.0,64.0,3.0,19.0,11.0,8.0,5.1,"41 Construction buildings, development",Construction of buildings and development of building projects,10,2017
1223,350100 ,2018JJ00,5294.0,4084.0,1210.0,5288.0,7.6,7.0,7.7,65.8,50.8,65.7,37.7,29.1,37.7,3.3,2.6,3.3,3.0,2.3,3.0,80.0,140.0,170.0,169.0,1.0,4.2,4.5,89.0,77.0,12.0,69.0,66.0,3.0,20.0,11.0,9.0,4.2,"41 Construction buildings, development",Construction of buildings and development of building projects,10,2018
1224,350100 ,2019JJ00,5707.0,4404.0,1303.0,5704.0,7.8,7.8,7.9,67.6,52.1,67.5,38.0,29.3,38.0,2.7,2.7,2.8,0.9,0.9,0.9,84.0,150.0,180.0,179.0,1.0,5.0,6.9,93.0,81.0,13.0,72.0,69.0,3.0,21.0,12.0,9.0,4.9,"41 Construction buildings, development",Construction of buildings and development of building projects,10,2019
1225,350100 ,2020JJ00,5973.0,4579.0,1394.0,5875.0,4.7,4.0,3.0,69.7,53.5,68.6,40.9,31.4,40.2,3.2,2.5,1.5,7.6,6.9,5.9,86.0,146.0,183.0,182.0,1.0,1.4,-2.7,95.0,81.0,13.0,72.0,69.0,3.0,22.0,13.0,10.0,1.5,"41 Construction buildings, development",Construction of buildings and development of building projects,10,2020
1226,350100 ,2021JJ00,6219.0,4813.0,1406.0,6152.0,4.1,5.1,4.7,70.8,54.8,70.0,40.7,31.5,40.3,1.5,2.4,2.0,-0.5,0.5,0.1,88.0,153.0,187.0,186.0,1.0,2.6,4.6,97.0,83.0,14.0,73.0,70.0,4.0,24.0,13.0,10.0,2.8,"41 Construction buildings, development",Construction of buildings and development of building projects,10,2021
1227,350100 ,2022JJ00,6556.0,5062.0,1494.0,6551.0,5.4,5.2,6.5,72.6,56.1,72.6,41.9,32.4,41.9,2.6,2.4,3.7,2.9,2.7,3.9,90.0,156.0,191.0,190.0,1.0,2.7,2.5,100.0,85.0,15.0,74.0,70.0,4.0,26.0,15.0,11.0,3.0,"41 Construction buildings, development",Construction of buildings and development of building projects,10,2022
1228,350100 ,2023JJ00,6929.0,5392.0,1537.0,6919.0,5.7,6.5,5.6,75.6,58.9,75.5,44.2,34.4,44.1,4.2,5.0,4.1,5.5,6.3,5.4,92.0,157.0,194.0,193.0,1.0,1.5,0.2,102.0,86.0,16.0,75.0,71.0,4.0,27.0,15.0,12.0,1.5,"41 Construction buildings, development",Construction of buildings and development of building projects,10,2023
1229,350100 ,2024JJ00,7405.0,5774.0,1631.0,7402.0,6.8,7.1,7.0,80.6,62.9,80.6,46.5,36.3,46.5,6.6,6.8,6.7,5.2,5.4,5.3,92.0,159.0,195.0,194.0,1.0,0.3,1.6,102.0,86.0,16.0,74.0,70.0,4.0,28.0,16.0,12.0,0.3,"41 Construction buildings, development",Construction of buildings and development of building projects,10,2024
1230,350600 ,1995JJ00,1846.0,1425.0,421.0,1840.0,,,,38.2,29.5,38.1,20.9,16.1,20.9,,,,,,,48.0,88.0,,,,,,53.0,48.0,5.0,,,,,,,,42 Civil engineering,Civil engineering,10,1995
1231,350600 ,1996JJ00,1970.0,1531.0,439.0,1957.0,6.7,7.4,6.3,39.6,30.8,39.3,21.3,16.6,21.2,3.6,4.3,3.2,1.8,2.6,1.5,50.0,92.0,,,,3.0,4.7,55.0,50.0,5.0,,,,,,,2.7,42 Civil engineering,Civil engineering,10,1996
1232,350600 ,1997JJ00,2043.0,1635.0,408.0,2027.0,3.8,6.8,3.6,40.6,32.5,40.3,22.0,17.6,21.8,2.6,5.6,2.5,3.2,6.3,3.1,50.0,93.0,,,,1.1,0.5,54.0,51.0,4.0,,,,,,,-0.8,42 Civil engineering,Civil engineering,10,1997
1233,350600 ,1998JJ00,2157.0,1626.0,531.0,2137.0,5.6,-0.6,5.4,42.0,31.6,41.6,22.6,17.1,22.4,3.4,-2.6,3.2,2.9,-3.0,2.8,51.0,95.0,,,,2.1,2.6,56.0,52.0,3.0,,,,,,,2.6,42 Civil engineering,Civil engineering,10,1998
1234,350600 ,1999JJ00,2339.0,1752.0,587.0,2319.0,8.4,7.8,8.5,44.1,33.0,43.7,23.9,17.9,23.7,5.0,4.4,5.1,5.8,5.1,5.8,53.0,98.0,,,,3.2,2.5,57.0,54.0,4.0,,,,,,,2.5,42 Civil engineering,Civil engineering,10,1999
1235,350600 ,2000JJ00,2512.0,1848.0,664.0,2492.0,7.4,5.5,7.5,46.9,34.5,46.5,25.5,18.8,25.3,6.4,4.5,6.4,6.6,4.7,6.7,54.0,98.0,,,,1.0,0.8,58.0,54.0,4.0,,,,,,,0.8,42 Civil engineering,Civil engineering,10,2000
1236,350600 ,2001JJ00,2643.0,2013.0,630.0,2620.0,5.2,8.9,5.1,47.6,36.2,47.2,25.9,19.8,25.7,1.4,5.0,1.3,1.6,5.2,1.5,56.0,102.0,,,,3.7,3.6,59.0,55.0,4.0,,,,,,,1.8,42 Civil engineering,Civil engineering,10,2001
1237,350600 ,2002JJ00,2790.0,2138.0,652.0,2765.0,5.5,6.2,5.5,50.1,38.4,49.6,27.4,21.0,27.2,5.2,5.9,5.2,5.7,6.4,5.7,56.0,102.0,,,,0.3,-0.2,59.0,55.0,4.0,,,,,,,0.4,42 Civil engineering,Civil engineering,10,2002
1238,350600 ,2003JJ00,2694.0,2075.0,619.0,2673.0,-3.4,-3.0,-3.3,52.0,40.1,51.6,28.3,21.8,28.1,3.9,4.4,4.0,3.3,3.8,3.4,52.0,95.0,,,,-7.1,-6.5,55.0,51.0,4.0,,,,,,,-6.7,42 Civil engineering,Civil engineering,10,2003
1239,350600 ,2004JJ00,2599.0,2011.0,588.0,2574.0,-3.5,-3.1,-3.7,53.6,41.5,53.1,28.8,22.3,28.5,3.1,3.6,2.9,1.7,2.2,1.5,48.0,90.0,,,,-6.4,-5.2,52.0,48.0,4.0,,,,,,,-5.9,42 Civil engineering,Civil engineering,10,2004
1240,350600 ,2005JJ00,2675.0,2080.0,595.0,2654.0,2.9,3.4,3.1,54.7,42.5,54.2,29.5,22.9,29.2,1.9,2.4,2.1,2.2,2.8,2.4,49.0,91.0,,,,1.0,0.6,52.0,49.0,4.0,,,,,,,1.3,42 Civil engineering,Civil engineering,10,2005
1241,350600 ,2006JJ00,2774.0,2164.0,610.0,2754.0,3.7,4.0,3.8,55.9,43.6,55.5,30.4,23.7,30.2,2.2,2.6,2.3,3.1,3.5,3.2,50.0,91.0,,,,1.5,0.6,53.0,49.0,4.0,,,,,,,1.6,42 Civil engineering,Civil engineering,10,2006
1242,350600 ,2007JJ00,2832.0,2237.0,595.0,2812.0,2.1,3.4,2.1,56.5,44.6,56.1,30.4,24.0,30.2,1.0,2.3,1.0,0.1,1.4,0.1,50.0,93.0,,,,1.0,2.0,54.0,49.0,4.0,,,,,,,0.5,42 Civil engineering,Civil engineering,10,2007
1243,350600 ,2008JJ00,2994.0,2348.0,646.0,2979.0,5.7,5.0,5.9,58.6,46.0,58.3,31.5,24.7,31.4,3.8,3.1,4.1,3.6,2.9,3.8,51.0,95.0,,,,1.8,2.0,54.0,50.0,4.0,,,,,,,1.6,42 Civil engineering,Civil engineering,10,2008
1244,350600 ,2009JJ00,3138.0,2495.0,643.0,3109.0,4.8,6.3,4.4,60.4,48.0,59.8,32.8,26.1,32.5,3.0,4.5,2.6,4.0,5.5,3.6,52.0,96.0,,,,1.7,0.8,55.0,51.0,4.0,,,,,,,1.6,42 Civil engineering,Civil engineering,10,2009
1245,350600 ,2010JJ00,3262.0,2578.0,684.0,3232.0,3.9,3.3,3.9,61.4,48.6,60.9,33.5,26.5,33.2,1.7,1.1,1.7,2.2,1.6,2.2,53.0,97.0,113.0,111.0,3.0,2.2,1.7,57.0,52.0,5.0,48.0,46.0,2.0,8.0,5.0,3.0,2.3,42 Civil engineering,Civil engineering,10,2010
1246,350600 ,2011JJ00,3368.0,2649.0,719.0,3341.0,3.2,2.7,3.4,63.0,49.6,62.5,34.0,26.8,33.8,2.6,2.1,2.7,1.6,1.1,1.7,53.0,99.0,114.0,111.0,3.0,0.6,1.6,57.0,52.0,5.0,48.0,46.0,2.0,9.0,6.0,3.0,0.7,42 Civil engineering,Civil engineering,10,2011
1247,350600 ,2012JJ00,3524.0,2725.0,799.0,3494.0,4.6,2.9,4.6,65.9,51.0,65.3,35.9,27.7,35.6,4.6,2.8,4.5,5.4,3.7,5.4,53.0,98.0,114.0,112.0,3.0,0.1,-0.7,57.0,52.0,5.0,48.0,46.0,2.0,9.0,6.0,3.0,0.0,42 Civil engineering,Civil engineering,10,2012
1248,350600 ,2013JJ00,3416.0,2688.0,728.0,3396.0,-3.1,-1.3,-2.8,65.6,51.7,65.3,34.9,27.4,34.7,-0.4,1.4,-0.1,-2.8,-1.1,-2.6,52.0,98.0,114.0,111.0,3.0,-2.7,-0.2,55.0,50.0,5.0,47.0,45.0,2.0,8.0,5.0,3.0,-3.0,42 Civil engineering,Civil engineering,10,2013
1249,350600 ,2014JJ00,3408.0,2627.0,781.0,3391.0,-0.2,-2.3,-0.1,67.7,52.2,67.4,35.3,27.2,35.1,3.1,1.0,3.2,1.1,-1.0,1.2,50.0,97.0,111.0,108.0,3.0,-3.2,-1.3,53.0,48.0,5.0,45.0,43.0,2.0,8.0,5.0,3.0,-3.7,42 Civil engineering,Civil engineering,10,2014
1250,350600 ,2015JJ00,3231.0,2514.0,717.0,3211.0,-5.2,-4.3,-5.3,67.4,52.4,66.9,36.1,28.1,35.8,-0.5,0.5,-0.6,2.3,3.3,2.2,48.0,90.0,104.0,101.0,2.0,-4.7,-7.3,51.0,46.0,5.0,43.0,41.0,2.0,7.0,4.0,3.0,-4.8,42 Civil engineering,Civil engineering,10,2015
1251,350600 ,2016JJ00,3216.0,2523.0,693.0,3196.0,-0.5,0.3,-0.5,70.3,55.2,69.9,37.5,29.4,37.2,4.4,5.3,4.4,3.9,4.7,3.9,46.0,86.0,99.0,97.0,2.0,-4.7,-4.2,48.0,44.0,5.0,41.0,39.0,2.0,7.0,4.0,3.0,-4.7,42 Civil engineering,Civil engineering,10,2016
1252,350600 ,2017JJ00,3342.0,2612.0,730.0,3322.0,3.9,3.5,3.9,71.6,56.0,71.2,38.0,29.7,37.8,1.8,1.5,1.9,1.4,1.0,1.4,47.0,88.0,101.0,99.0,2.0,2.0,2.5,49.0,44.0,5.0,42.0,40.0,2.0,7.0,4.0,3.0,2.0,42 Civil engineering,Civil engineering,10,2017
1253,350600 ,2018JJ00,3431.0,2673.0,758.0,3414.0,2.7,2.3,2.8,72.8,56.7,72.4,38.8,30.2,38.6,1.6,1.3,1.7,2.0,1.7,2.1,47.0,89.0,102.0,100.0,2.0,1.0,0.7,50.0,45.0,5.0,42.0,40.0,2.0,7.0,4.0,3.0,1.3,42 Civil engineering,Civil engineering,10,2018
1254,350600 ,2019JJ00,3532.0,2738.0,794.0,3514.0,2.9,2.4,2.9,73.9,57.3,73.6,39.3,30.5,39.1,1.6,1.1,1.6,1.4,0.9,1.4,48.0,90.0,104.0,102.0,2.0,1.3,1.5,50.0,45.0,5.0,43.0,41.0,2.0,7.0,4.0,3.0,1.2,42 Civil engineering,Civil engineering,10,2019
1255,350600 ,2020JJ00,3583.0,2752.0,831.0,3532.0,1.5,0.5,0.5,75.3,57.9,74.3,40.6,31.2,40.0,1.9,1.0,0.9,3.4,2.4,2.4,48.0,88.0,103.0,101.0,2.0,-0.4,-1.9,50.0,45.0,5.0,42.0,40.0,2.0,8.0,5.0,3.0,-0.1,42 Civil engineering,Civil engineering,10,2020
1256,350600 ,2021JJ00,3665.0,2836.0,829.0,3627.0,2.3,3.0,2.7,76.9,59.5,76.1,41.4,32.1,41.0,2.1,2.8,2.5,2.0,2.7,2.4,48.0,88.0,103.0,101.0,2.0,0.2,0.3,51.0,45.0,6.0,42.0,40.0,2.0,8.0,5.0,4.0,0.4,42 Civil engineering,Civil engineering,10,2021
1257,350600 ,2022JJ00,3752.0,2878.0,874.0,3739.0,2.4,1.5,3.1,78.3,60.1,78.0,42.5,32.6,42.4,1.8,0.9,2.5,2.7,1.8,3.4,48.0,88.0,103.0,101.0,2.0,0.6,-0.3,51.0,45.0,6.0,42.0,40.0,2.0,9.0,5.0,4.0,0.9,42 Civil engineering,Civil engineering,10,2022
1258,350600 ,2023JJ00,3981.0,3086.0,895.0,3960.0,6.1,7.2,5.9,82.2,63.7,81.8,44.6,34.6,44.4,5.0,6.1,4.8,5.0,6.1,4.8,48.0,89.0,104.0,103.0,2.0,1.0,1.1,52.0,45.0,7.0,42.0,40.0,3.0,9.0,5.0,4.0,1.0,42 Civil engineering,Civil engineering,10,2023
1259,350600 ,2024JJ00,4350.0,3386.0,964.0,4329.0,9.3,9.7,9.3,87.5,68.1,87.0,47.5,36.9,47.2,6.4,6.8,6.4,6.3,6.7,6.3,50.0,92.0,107.0,105.0,2.0,2.7,2.8,53.0,46.0,7.0,43.0,40.0,3.0,10.0,6.0,4.0,3.0,42 Civil engineering,Civil engineering,10,2024
1260,351900 ,1995JJ00,5560.0,4447.0,1113.0,5553.0,,,,30.8,24.7,30.8,17.5,14.0,17.4,,,,,,,180.0,318.0,,,,,,196.0,181.0,15.0,,,,,,,,43 Specialised construction activities,Specialised construction activities,10,1995
1261,351900 ,1996JJ00,5755.0,4606.0,1149.0,5711.0,3.5,3.6,2.8,31.3,25.1,31.1,17.4,14.0,17.3,1.6,1.7,1.0,-0.2,-0.1,-0.8,184.0,330.0,,,,1.9,3.7,199.0,186.0,13.0,,,,,,,1.7,43 Specialised construction activities,Specialised construction activities,10,1996
1262,351900 ,1997JJ00,6020.0,4903.0,1117.0,5948.0,4.6,6.4,4.2,31.2,25.4,30.9,17.5,14.3,17.3,-0.3,1.4,-0.8,0.5,2.3,0.1,193.0,344.0,,,,5.0,4.1,208.0,191.0,17.0,,,,,,,4.4,43 Specialised construction activities,Specialised construction activities,10,1997
1263,351900 ,1998JJ00,6667.0,5113.0,1554.0,6567.0,10.7,4.3,10.4,33.6,25.7,33.1,18.8,14.4,18.5,7.5,1.2,7.2,7.1,0.9,6.8,199.0,355.0,,,,3.0,3.4,214.0,197.0,18.0,,,,,,,3.1,43 Specialised construction activities,Specialised construction activities,10,1998
1264,351900 ,1999JJ00,7240.0,5529.0,1711.0,7130.0,8.6,8.1,8.6,35.4,27.1,34.9,19.8,15.1,19.5,5.6,5.1,5.5,5.7,5.2,5.7,204.0,365.0,,,,2.9,2.8,222.0,203.0,18.0,,,,,,,3.5,43 Specialised construction activities,Specialised construction activities,10,1999
1265,351900 ,2000JJ00,7879.0,5953.0,1926.0,7766.0,8.8,7.7,8.9,37.4,28.3,36.9,21.1,15.9,20.8,5.6,4.5,5.7,6.4,5.2,6.5,211.0,373.0,,,,3.0,2.3,229.0,209.0,20.0,,,,,,,3.5,43 Specialised construction activities,Specialised construction activities,10,2000
1266,351900 ,2001JJ00,8304.0,6430.0,1874.0,8186.0,5.4,8.0,5.4,38.7,30.0,38.2,21.7,16.8,21.4,3.5,6.1,3.5,3.0,5.5,3.0,214.0,382.0,,,,1.8,2.3,234.0,211.0,23.0,,,,,,,2.2,43 Specialised construction activities,Specialised construction activities,10,2001
1267,351900 ,2002JJ00,8564.0,6637.0,1927.0,8435.0,3.1,3.2,3.0,40.7,31.5,40.1,22.9,17.8,22.6,5.1,5.2,5.0,5.4,5.5,5.3,210.0,374.0,,,,-1.8,-2.2,230.0,209.0,22.0,,,,,,,-1.7,43 Specialised construction activities,Specialised construction activities,10,2002
1268,351900 ,2003JJ00,8464.0,6568.0,1896.0,8369.0,-1.1,-1.0,-0.8,42.2,32.7,41.7,23.8,18.5,23.6,3.7,3.8,4.1,4.1,4.2,4.5,201.0,355.0,,,,-4.7,-5.0,220.0,199.0,21.0,,,,,,,-4.4,43 Specialised construction activities,Specialised construction activities,10,2003
1269,351900 ,2004JJ00,8456.0,6547.0,1909.0,8356.0,-0.1,-0.3,-0.2,43.5,33.6,42.9,24.4,18.9,24.1,3.0,2.8,2.9,2.3,2.1,2.3,195.0,347.0,,,,-3.0,-2.4,215.0,194.0,21.0,,,,,,,-2.5,43 Specialised construction activities,Specialised construction activities,10,2004
1270,351900 ,2005JJ00,8574.0,6695.0,1879.0,8495.0,1.4,2.2,1.6,44.3,34.6,43.9,25.0,19.5,24.8,1.9,2.8,2.2,2.5,3.4,2.8,194.0,343.0,,,,-0.6,-1.1,213.0,193.0,20.0,,,,,,,-0.6,43 Specialised construction activities,Specialised construction activities,10,2005
1271,351900 ,2006JJ00,8658.0,6848.0,1810.0,8596.0,1.0,2.3,1.2,45.0,35.6,44.7,25.6,20.2,25.4,1.6,2.9,1.8,2.2,3.5,2.4,192.0,339.0,,,,-0.6,-1.2,213.0,191.0,21.0,,,,,,,-0.3,43 Specialised construction activities,Specialised construction activities,10,2006
1272,351900 ,2007JJ00,9038.0,7164.0,1874.0,8970.0,4.4,4.6,4.4,46.3,36.7,46.0,26.1,20.7,25.9,2.9,3.1,2.8,2.2,2.5,2.2,195.0,346.0,,,,1.5,2.1,216.0,194.0,22.0,,,,,,,1.6,43 Specialised construction activities,Specialised construction activities,10,2007
1273,351900 ,2008JJ00,9552.0,7507.0,2045.0,9479.0,5.7,4.8,5.7,48.7,38.3,48.4,27.3,21.5,27.1,5.2,4.3,5.2,4.5,3.6,4.4,196.0,350.0,,,,0.4,1.2,218.0,195.0,23.0,,,,,,,0.9,43 Specialised construction activities,Specialised construction activities,10,2008
1274,351900 ,2009JJ00,9546.0,7603.0,1943.0,9463.0,-0.1,1.3,-0.2,49.8,39.6,49.3,27.9,22.2,27.6,2.1,3.5,2.0,2.1,3.4,1.9,192.0,343.0,,,,-2.1,-2.1,213.0,191.0,22.0,,,,,,,-2.2,43 Specialised construction activities,Specialised construction activities,10,2009
1275,351900 ,2010JJ00,9411.0,7434.0,1977.0,9324.0,-1.4,-2.2,-1.5,50.6,40.0,50.1,28.5,22.5,28.3,1.7,0.9,1.6,2.4,1.6,2.3,186.0,330.0,386.0,379.0,7.0,-3.0,-3.7,206.0,183.0,22.0,160.0,154.0,6.0,46.0,30.0,16.0,-3.4,43 Specialised construction activities,Specialised construction activities,10,2010
1276,351900 ,2011JJ00,9470.0,7430.0,2040.0,9399.0,0.6,-0.1,0.8,51.8,40.6,51.4,28.8,22.6,28.6,2.4,1.7,2.6,1.1,0.4,1.3,183.0,328.0,380.0,372.0,8.0,-1.7,-0.5,202.0,180.0,22.0,156.0,150.0,6.0,46.0,30.0,16.0,-1.8,43 Specialised construction activities,Specialised construction activities,10,2011
1277,351900 ,2012JJ00,9481.0,7392.0,2089.0,9411.0,0.1,-0.5,0.1,53.6,41.8,53.2,29.9,23.3,29.7,3.4,2.7,3.4,3.8,3.1,3.8,177.0,317.0,369.0,362.0,8.0,-3.2,-3.5,196.0,174.0,22.0,150.0,144.0,6.0,46.0,30.0,16.0,-3.1,43 Specialised construction activities,Specialised construction activities,10,2012
1278,351900 ,2013JJ00,8797.0,6898.0,1899.0,8746.0,-7.2,-6.7,-7.1,54.2,42.5,53.9,30.0,23.6,29.9,1.3,1.8,1.4,0.4,1.0,0.6,162.0,293.0,340.0,333.0,8.0,-8.4,-7.6,179.0,159.0,20.0,139.0,134.0,5.0,41.0,25.0,15.0,-8.6,43 Specialised construction activities,Specialised construction activities,10,2013
1279,351900 ,2014JJ00,8527.0,6543.0,1984.0,8496.0,-3.1,-5.1,-2.9,55.4,42.5,55.2,30.4,23.3,30.3,2.1,-0.1,2.3,1.2,-1.0,1.4,154.0,281.0,323.0,316.0,7.0,-5.1,-4.2,170.0,150.0,20.0,131.0,126.0,5.0,39.0,25.0,15.0,-5.1,43 Specialised construction activities,Specialised construction activities,10,2014
1280,351900 ,2015JJ00,8384.0,6494.0,1890.0,8362.0,-1.7,-0.8,-1.6,54.8,42.4,54.6,30.3,23.5,30.2,-1.1,-0.2,-1.0,-0.2,0.7,-0.1,153.0,276.0,321.0,314.0,7.0,-0.6,-1.5,168.0,149.0,19.0,129.0,125.0,5.0,39.0,24.0,15.0,-1.0,43 Specialised construction activities,Specialised construction activities,10,2015
1281,351900 ,2016JJ00,8487.0,6581.0,1906.0,8463.0,1.2,1.3,1.2,55.3,42.9,55.2,30.5,23.7,30.4,1.0,1.1,1.0,0.7,0.8,0.6,153.0,278.0,322.0,315.0,7.0,0.2,0.5,168.0,149.0,20.0,131.0,126.0,5.0,38.0,23.0,15.0,0.1,43 Specialised construction activities,Specialised construction activities,10,2016
1282,351900 ,2017JJ00,8714.0,6786.0,1928.0,8688.0,2.7,3.1,2.7,55.3,43.1,55.1,30.8,23.9,30.7,-0.1,0.4,-0.1,0.7,1.2,0.7,158.0,283.0,330.0,322.0,7.0,2.8,2.0,172.0,152.0,20.0,137.0,132.0,5.0,35.0,20.0,15.0,2.2,43 Specialised construction activities,Specialised construction activities,10,2017
1283,351900 ,2018JJ00,9283.0,7198.0,2085.0,9266.0,6.5,6.1,6.7,56.7,44.0,56.6,31.6,24.5,31.5,2.5,2.1,2.6,2.7,2.2,2.8,164.0,294.0,343.0,336.0,7.0,3.9,3.8,179.0,158.0,21.0,142.0,137.0,5.0,37.0,20.0,16.0,3.8,43 Specialised construction activities,Specialised construction activities,10,2018
1284,351900 ,2019JJ00,9813.0,7562.0,2251.0,9794.0,5.7,5.1,5.7,58.1,44.8,58.0,32.3,24.9,32.2,2.5,1.8,2.5,2.3,1.6,2.3,169.0,304.0,354.0,347.0,7.0,3.2,3.4,185.0,162.0,22.0,146.0,140.0,5.0,39.0,22.0,17.0,3.3,43 Specialised construction activities,Specialised construction activities,10,2019
1285,351900 ,2020JJ00,10367.0,7955.0,2412.0,10168.0,5.6,5.2,3.8,59.7,45.8,58.6,36.0,27.6,35.3,2.8,2.3,1.0,11.6,11.1,9.6,174.0,288.0,364.0,358.0,6.0,2.8,-5.3,190.0,166.0,23.0,147.0,142.0,5.0,43.0,25.0,18.0,2.8,43 Specialised construction activities,Specialised construction activities,10,2020
1286,351900 ,2021JJ00,10873.0,8342.0,2531.0,10744.0,4.9,4.9,5.7,61.0,46.8,60.3,34.4,26.4,33.9,2.1,2.1,2.9,-4.6,-4.7,-3.9,178.0,317.0,372.0,366.0,7.0,2.7,10.0,195.0,171.0,25.0,151.0,145.0,6.0,45.0,26.0,19.0,2.9,43 Specialised construction activities,Specialised construction activities,10,2021
1287,351900 ,2022JJ00,11408.0,8712.0,2696.0,11372.0,4.9,4.4,5.8,62.6,47.8,62.4,35.6,27.2,35.5,2.6,2.1,3.5,3.6,3.1,4.5,182.0,321.0,379.0,373.0,6.0,2.2,1.3,200.0,174.0,26.0,153.0,147.0,6.0,47.0,28.0,20.0,2.4,43 Specialised construction activities,Specialised construction activities,10,2022
1288,351900 ,2023JJ00,12263.0,9442.0,2821.0,12221.0,7.5,8.4,7.5,66.0,50.8,65.8,37.5,28.9,37.4,5.5,6.3,5.4,5.5,6.4,5.5,186.0,327.0,386.0,380.0,6.0,1.9,1.9,204.0,177.0,27.0,154.0,147.0,6.0,51.0,30.0,21.0,2.1,43 Specialised construction activities,Specialised construction activities,10,2023
1289,351900 ,2024JJ00,13080.0,10113.0,2967.0,13042.0,6.7,7.1,6.7,69.9,54.0,69.7,39.5,30.5,39.4,5.9,6.3,5.9,5.2,5.7,5.3,187.0,331.0,391.0,385.0,6.0,0.7,1.4,206.0,178.0,28.0,152.0,145.0,7.0,54.0,33.0,21.0,0.9,43 Specialised construction activities,Specialised construction activities,10,2024
1290,300006 ,1995JJ00,34762.0,29645.0,5117.0,34680.0,,,,29.4,25.0,29.3,16.7,14.2,16.6,,,,,,,1184.0,2084.0,,,,,,1604.0,941.0,663.0,,,,,,,,"G-I Trade, transport, hotels, catering","Trade, transport, hotels, catering 
This category is made up of the categories: 
G Wholesale and retail trade 
H Transportation and storage 
I Accommodation and food serving",4,1995
1291,300006 ,1996JJ00,36034.0,30783.0,5251.0,35727.0,3.7,3.8,3.0,30.0,25.6,29.7,16.9,14.5,16.8,2.2,2.3,1.5,1.6,1.8,1.0,1202.0,2126.0,,,,1.5,2.0,1629.0,960.0,669.0,,,,,,,1.5,"G-I Trade, transport, hotels, catering","Trade, transport, hotels, catering 
This category is made up of the categories: 
G Wholesale and retail trade 
H Transportation and storage 
I Accommodation and food serving",4,1996
1292,300006 ,1997JJ00,37652.0,32393.0,5259.0,37159.0,4.5,5.2,4.0,30.6,26.3,30.2,17.4,15.0,17.2,2.1,2.8,1.6,2.9,3.6,2.4,1230.0,2159.0,,,,2.4,1.5,1679.0,985.0,694.0,,,,,,,3.1,"G-I Trade, transport, hotels, catering","Trade, transport, hotels, catering 
This category is made up of the categories: 
G Wholesale and retail trade 
H Transportation and storage 
I Accommodation and food serving",4,1997
1293,300006 ,1998JJ00,40139.0,32375.0,7764.0,39445.0,6.6,-0.1,6.2,31.6,25.5,31.1,18.0,14.5,17.7,3.3,-3.2,2.8,3.2,-3.3,2.7,1270.0,2231.0,,,,3.2,3.3,1737.0,1015.0,722.0,,,,,,,3.5,"G-I Trade, transport, hotels, catering","Trade, transport, hotels, catering 
This category is made up of the categories: 
G Wholesale and retail trade 
H Transportation and storage 
I Accommodation and food serving",4,1998
1294,300006 ,1999JJ00,43426.0,34974.0,8452.0,42668.0,8.2,8.0,8.2,32.7,26.3,32.1,18.6,15.0,18.3,3.5,3.3,3.5,3.4,3.2,3.4,1328.0,2335.0,,,,4.5,4.7,1825.0,1061.0,764.0,,,,,,,5.1,"G-I Trade, transport, hotels, catering","Trade, transport, hotels, catering 
This category is made up of the categories: 
G Wholesale and retail trade 
H Transportation and storage 
I Accommodation and food serving",4,1999
1295,300006 ,2000JJ00,46684.0,37411.0,9273.0,45903.0,7.5,7.0,7.6,34.3,27.5,33.7,19.7,15.8,19.4,4.9,4.3,4.9,5.9,5.3,5.9,1361.0,2371.0,,,,2.5,1.6,1884.0,1083.0,800.0,,,,,,,3.2,"G-I Trade, transport, hotels, catering","Trade, transport, hotels, catering 
This category is made up of the categories: 
G Wholesale and retail trade 
H Transportation and storage 
I Accommodation and food serving",4,2000
1296,300006 ,2001JJ00,48726.0,39546.0,9180.0,47890.0,4.4,5.7,4.3,35.6,28.9,35.0,20.3,16.5,20.0,3.9,5.2,3.8,3.1,4.4,3.1,1368.0,2400.0,,,,0.5,1.2,1914.0,1097.0,817.0,,,,,,,1.6,"G-I Trade, transport, hotels, catering","Trade, transport, hotels, catering 
This category is made up of the categories: 
G Wholesale and retail trade 
H Transportation and storage 
I Accommodation and food serving",4,2001
1297,300006 ,2002JJ00,50466.0,40561.0,9905.0,49574.0,3.6,2.6,3.5,37.2,29.9,36.5,21.2,17.1,20.9,4.3,3.3,4.3,4.5,3.5,4.5,1358.0,2378.0,,,,-0.7,-0.9,1926.0,1103.0,823.0,,,,,,,0.6,"G-I Trade, transport, hotels, catering","Trade, transport, hotels, catering 
This category is made up of the categories: 
G Wholesale and retail trade 
H Transportation and storage 
I Accommodation and food serving",4,2002
1298,300006 ,2003JJ00,51966.0,41208.0,10758.0,51266.0,3.0,1.6,3.4,38.9,30.8,38.4,22.1,17.5,21.8,4.6,3.2,5.1,4.2,2.8,4.7,1337.0,2349.0,,,,-1.6,-1.2,1919.0,1099.0,820.0,,,,,,,-0.4,"G-I Trade, transport, hotels, catering","Trade, transport, hotels, catering 
This category is made up of the categories: 
G Wholesale and retail trade 
H Transportation and storage 
I Accommodation and food serving",4,2003
1299,300006 ,2004JJ00,52547.0,41864.0,10683.0,51765.0,1.1,1.6,1.0,39.5,31.5,38.9,22.0,17.6,21.7,1.6,2.1,1.5,-0.4,0.1,-0.5,1330.0,2385.0,,,,-0.5,1.5,1895.0,1091.0,804.0,,,,,,,-1.3,"G-I Trade, transport, hotels, catering","Trade, transport, hotels, catering 
This category is made up of the categories: 
G Wholesale and retail trade 
H Transportation and storage 
I Accommodation and food serving",4,2004
1300,300006 ,2005JJ00,52673.0,42218.0,10455.0,52061.0,0.2,0.8,0.6,40.1,32.1,39.6,22.6,18.1,22.3,1.5,2.1,1.8,2.3,3.0,2.7,1314.0,2335.0,,,,-1.2,-2.1,1880.0,1079.0,801.0,,,,,,,-0.8,"G-I Trade, transport, hotels, catering","Trade, transport, hotels, catering 
This category is made up of the categories: 
G Wholesale and retail trade 
H Transportation and storage 
I Accommodation and food serving",4,2005
1301,300006 ,2006JJ00,53886.0,43712.0,10174.0,53367.0,2.3,3.5,2.5,40.5,32.9,40.1,22.9,18.6,22.7,1.1,2.3,1.3,1.6,2.8,1.8,1330.0,2352.0,,,,1.2,0.7,1901.0,1095.0,806.0,,,,,,,1.1,"G-I Trade, transport, hotels, catering","Trade, transport, hotels, catering 
This category is made up of the categories: 
G Wholesale and retail trade 
H Transportation and storage 
I Accommodation and food serving",4,2006
1302,300006 ,2007JJ00,56899.0,46276.0,10623.0,56359.0,5.6,5.9,5.6,41.7,33.9,41.3,23.6,19.2,23.3,2.8,3.1,2.9,2.8,3.1,2.8,1366.0,2416.0,,,,2.7,2.7,1963.0,1129.0,834.0,,,,,,,3.3,"G-I Trade, transport, hotels, catering","Trade, transport, hotels, catering 
This category is made up of the categories: 
G Wholesale and retail trade 
H Transportation and storage 
I Accommodation and food serving",4,2007
1303,300006 ,2008JJ00,59892.0,48291.0,11601.0,59339.0,5.3,4.4,5.3,43.2,34.8,42.8,24.4,19.7,24.1,3.6,2.7,3.6,3.5,2.6,3.5,1388.0,2457.0,,,,1.6,1.7,2000.0,1145.0,854.0,,,,,,,1.9,"G-I Trade, transport, hotels, catering","Trade, transport, hotels, catering 
This category is made up of the categories: 
G Wholesale and retail trade 
H Transportation and storage 
I Accommodation and food serving",4,2008
1304,300006 ,2009JJ00,60225.0,48635.0,11590.0,59539.0,0.6,0.7,0.3,44.2,35.7,43.7,24.9,20.1,24.7,2.3,2.5,2.1,2.3,2.5,2.1,1364.0,2415.0,,,,-1.7,-1.7,1984.0,1135.0,849.0,,,,,,,-0.8,"G-I Trade, transport, hotels, catering","Trade, transport, hotels, catering 
This category is made up of the categories: 
G Wholesale and retail trade 
H Transportation and storage 
I Accommodation and food serving",4,2009
1305,300006 ,2010JJ00,60534.0,48874.0,11660.0,59839.0,0.5,0.5,0.5,44.8,36.2,44.3,25.3,20.5,25.0,1.5,1.5,1.5,1.6,1.6,1.6,1351.0,2390.0,2785.0,2714.0,72.0,-1.0,-1.1,1977.0,1121.0,856.0,904.0,723.0,181.0,1073.0,398.0,675.0,-0.3,"G-I Trade, transport, hotels, catering","Trade, transport, hotels, catering 
This category is made up of the categories: 
G Wholesale and retail trade 
H Transportation and storage 
I Accommodation and food serving",4,2010
1306,300006 ,2011JJ00,62680.0,50371.0,12309.0,62097.0,3.6,3.1,3.8,46.1,37.0,45.6,25.8,20.8,25.6,2.8,2.3,3.0,1.9,1.5,2.2,1361.0,2427.0,2803.0,2731.0,72.0,0.7,1.6,2014.0,1143.0,870.0,889.0,713.0,176.0,1124.0,430.0,694.0,1.9,"G-I Trade, transport, hotels, catering","Trade, transport, hotels, catering 
This category is made up of the categories: 
G Wholesale and retail trade 
H Transportation and storage 
I Accommodation and food serving",4,2011
1307,300006 ,2012JJ00,63951.0,50908.0,13043.0,63440.0,2.0,1.1,2.2,47.2,37.6,46.9,26.6,21.2,26.4,2.6,1.6,2.7,3.1,2.1,3.2,1354.0,2402.0,2797.0,2729.0,68.0,-0.5,-1.0,2018.0,1143.0,875.0,875.0,702.0,173.0,1143.0,441.0,702.0,0.2,"G-I Trade, transport, hotels, catering","Trade, transport, hotels, catering 
This category is made up of the categories: 
G Wholesale and retail trade 
H Transportation and storage 
I Accommodation and food serving",4,2012
1308,300006 ,2013JJ00,64068.0,50978.0,13090.0,63763.0,0.2,0.1,0.5,47.9,38.1,47.7,27.0,21.5,26.8,1.5,1.4,1.8,1.3,1.3,1.6,1337.0,2375.0,2773.0,2706.0,67.0,-1.3,-1.1,1996.0,1129.0,868.0,862.0,694.0,168.0,1134.0,435.0,699.0,-1.1,"G-I Trade, transport, hotels, catering","Trade, transport, hotels, catering 
This category is made up of the categories: 
G Wholesale and retail trade 
H Transportation and storage 
I Accommodation and food serving",4,2013
1309,300006 ,2014JJ00,64477.0,51024.0,13453.0,64268.0,0.6,0.1,0.8,48.6,38.4,48.4,27.1,21.5,27.1,1.3,0.7,1.4,0.6,0.1,0.8,1328.0,2376.0,2756.0,2690.0,66.0,-0.6,0.0,2003.0,1126.0,877.0,840.0,675.0,164.0,1163.0,450.0,712.0,0.3,"G-I Trade, transport, hotels, catering","Trade, transport, hotels, catering 
This category is made up of the categories: 
G Wholesale and retail trade 
H Transportation and storage 
I Accommodation and food serving",4,2014
1310,300006 ,2015JJ00,65784.0,52646.0,13138.0,65554.0,2.0,3.2,2.0,49.0,39.2,48.9,27.5,22.0,27.4,1.0,2.1,1.0,1.4,2.5,1.3,1342.0,2391.0,2789.0,2721.0,67.0,1.0,0.7,2032.0,1139.0,893.0,838.0,675.0,163.0,1195.0,464.0,730.0,1.5,"G-I Trade, transport, hotels, catering","Trade, transport, hotels, catering 
This category is made up of the categories: 
G Wholesale and retail trade 
H Transportation and storage 
I Accommodation and food serving",4,2015
1311,300006 ,2016JJ00,68318.0,54368.0,13950.0,68034.0,3.9,3.3,3.8,49.4,39.3,49.2,27.6,22.0,27.5,0.7,0.1,0.6,0.5,-0.1,0.4,1384.0,2472.0,2876.0,2812.0,64.0,3.2,3.4,2072.0,1164.0,908.0,859.0,693.0,166.0,1213.0,471.0,742.0,2.0,"G-I Trade, transport, hotels, catering","Trade, transport, hotels, catering 
This category is made up of the categories: 
G Wholesale and retail trade 
H Transportation and storage 
I Accommodation and food serving",4,2016
1312,300006 ,2017JJ00,70757.0,56272.0,14485.0,70297.0,3.6,3.5,3.3,49.5,39.3,49.1,27.9,22.2,27.7,0.2,0.2,0.0,1.0,1.0,0.8,1430.0,2534.0,2955.0,2890.0,65.0,3.3,2.5,2127.0,1195.0,932.0,881.0,713.0,168.0,1246.0,482.0,764.0,2.6,"G-I Trade, transport, hotels, catering","Trade, transport, hotels, catering 
This category is made up of the categories: 
G Wholesale and retail trade 
H Transportation and storage 
I Accommodation and food serving",4,2017
1313,300006 ,2018JJ00,74947.0,59264.0,15683.0,74458.0,5.9,5.3,5.9,50.5,39.9,50.2,28.7,22.7,28.5,2.1,1.5,2.1,2.7,2.1,2.7,1484.0,2613.0,3072.0,3007.0,65.0,3.7,3.1,2195.0,1231.0,964.0,911.0,731.0,179.0,1285.0,500.0,785.0,3.2,"G-I Trade, transport, hotels, catering","Trade, transport, hotels, catering 
This category is made up of the categories: 
G Wholesale and retail trade 
H Transportation and storage 
I Accommodation and food serving",4,2018
1314,300006 ,2019JJ00,78970.0,62071.0,16899.0,78506.0,5.4,4.7,5.4,52.0,40.9,51.7,29.5,23.2,29.3,2.9,2.3,3.0,2.7,2.1,2.8,1519.0,2681.0,3146.0,3083.0,62.0,2.4,2.6,2241.0,1261.0,980.0,930.0,745.0,185.0,1311.0,516.0,795.0,2.1,"G-I Trade, transport, hotels, catering","Trade, transport, hotels, catering 
This category is made up of the categories: 
G Wholesale and retail trade 
H Transportation and storage 
I Accommodation and food serving",4,2019
1315,300006 ,2020JJ00,79847.0,62473.0,17374.0,74977.0,1.1,0.7,-4.5,53.2,41.6,50.0,32.3,25.3,30.3,2.4,1.9,-3.3,9.7,9.2,3.6,1500.0,2471.0,3116.0,3062.0,54.0,-1.2,-7.8,2189.0,1237.0,951.0,912.0,732.0,181.0,1276.0,506.0,771.0,-2.3,"G-I Trade, transport, hotels, catering","Trade, transport, hotels, catering 
This category is made up of the categories: 
G Wholesale and retail trade 
H Transportation and storage 
I Accommodation and food serving",4,2020
1316,300006 ,2021JJ00,82699.0,64640.0,18059.0,78594.0,3.6,3.5,4.8,54.5,42.6,51.8,32.1,25.1,30.5,2.5,2.4,3.7,-0.8,-0.9,0.4,1516.0,2580.0,3137.0,3079.0,58.0,1.1,4.4,2203.0,1248.0,955.0,927.0,738.0,189.0,1276.0,509.0,766.0,0.6,"G-I Trade, transport, hotels, catering","Trade, transport, hotels, catering 
This category is made up of the categories: 
G Wholesale and retail trade 
H Transportation and storage 
I Accommodation and food serving",4,2021
1317,300006 ,2022JJ00,89652.0,69721.0,19931.0,88710.0,8.4,7.9,12.9,56.7,44.1,56.1,32.6,25.3,32.2,3.9,3.4,8.2,1.6,1.1,5.8,1582.0,2753.0,3262.0,3205.0,57.0,4.3,6.7,2308.0,1300.0,1008.0,960.0,755.0,205.0,1348.0,545.0,803.0,4.8,"G-I Trade, transport, hotels, catering","Trade, transport, hotels, catering 
This category is made up of the categories: 
G Wholesale and retail trade 
H Transportation and storage 
I Accommodation and food serving",4,2022
1318,300006 ,2023JJ00,96780.0,75492.0,21288.0,96189.0,7.9,8.3,8.4,60.3,47.1,60.0,34.8,27.2,34.6,6.4,6.8,6.9,7.0,7.3,7.5,1604.0,2777.0,3300.0,3248.0,52.0,1.4,0.9,2351.0,1323.0,1029.0,963.0,752.0,211.0,1389.0,571.0,818.0,1.9,"G-I Trade, transport, hotels, catering","Trade, transport, hotels, catering 
This category is made up of the categories: 
G Wholesale and retail trade 
H Transportation and storage 
I Accommodation and food serving",4,2023
1319,300006 ,2024JJ00,102663.0,79931.0,22732.0,102124.0,6.1,5.9,6.2,63.9,49.8,63.6,36.7,28.5,36.5,5.9,5.7,6.0,5.2,5.0,5.3,1606.0,2801.0,3324.0,3273.0,51.0,0.1,0.8,2365.0,1336.0,1029.0,949.0,740.0,209.0,1417.0,597.0,820.0,0.6,"G-I Trade, transport, hotels, catering","Trade, transport, hotels, catering 
This category is made up of the categories: 
G Wholesale and retail trade 
H Transportation and storage 
I Accommodation and food serving",4,2024
1320,354200 ,1995JJ00,21736.0,18865.0,2871.0,21694.0,,,,29.0,25.2,28.9,16.5,14.3,16.4,,,,,,,750.0,1320.0,,,,,,1015.0,553.0,462.0,,,,,,,,G Wholesale and retail trade,Wholesale and retail trade; repair of motor vehicles and motorcycles,3,1995
1321,354200 ,1996JJ00,22535.0,19606.0,2929.0,22334.0,3.7,3.9,2.9,29.5,25.6,29.2,16.7,14.5,16.5,1.6,1.9,0.9,1.2,1.5,0.5,765.0,1352.0,,,,2.0,2.4,1036.0,570.0,467.0,,,,,,,2.1,G Wholesale and retail trade,Wholesale and retail trade; repair of motor vehicles and motorcycles,3,1996
1322,354200 ,1997JJ00,23504.0,20560.0,2944.0,23178.0,4.3,4.9,3.8,29.8,26.1,29.4,17.1,14.9,16.8,1.3,1.8,0.8,2.5,3.0,2.0,788.0,1376.0,,,,3.0,1.8,1075.0,590.0,485.0,,,,,,,3.7,G Wholesale and retail trade,Wholesale and retail trade; repair of motor vehicles and motorcycles,3,1997
1323,354200 ,1998JJ00,24979.0,20600.0,4379.0,24513.0,6.3,0.2,5.8,30.7,25.3,30.1,17.5,14.5,17.2,2.8,-3.0,2.3,2.6,-3.3,2.1,814.0,1425.0,,,,3.3,3.6,1116.0,607.0,509.0,,,,,,,3.8,G Wholesale and retail trade,Wholesale and retail trade; repair of motor vehicles and motorcycles,3,1998
1324,354200 ,1999JJ00,27145.0,22317.0,4828.0,26636.0,8.7,8.3,8.7,31.7,26.0,31.1,18.1,14.9,17.7,3.2,2.8,3.2,3.2,2.9,3.2,857.0,1501.0,,,,5.3,5.3,1184.0,645.0,539.0,,,,,,,6.1,G Wholesale and retail trade,Wholesale and retail trade; repair of motor vehicles and motorcycles,3,1999
1325,354200 ,2000JJ00,29240.0,23915.0,5325.0,28720.0,7.7,7.2,7.8,33.3,27.3,32.7,19.2,15.7,18.9,5.3,4.7,5.4,6.3,5.7,6.4,877.0,1521.0,,,,2.3,1.3,1216.0,654.0,562.0,,,,,,,2.7,G Wholesale and retail trade,Wholesale and retail trade; repair of motor vehicles and motorcycles,3,2000
1326,354200 ,2001JJ00,30562.0,25286.0,5276.0,30014.0,4.5,5.7,4.5,34.5,28.6,33.9,19.9,16.5,19.6,3.6,4.8,3.6,3.6,4.8,3.6,885.0,1535.0,,,,0.9,0.9,1231.0,659.0,572.0,,,,,,,1.2,G Wholesale and retail trade,Wholesale and retail trade; repair of motor vehicles and motorcycles,3,2001
1327,354200 ,2002JJ00,31725.0,25838.0,5887.0,31147.0,3.8,2.2,3.8,36.2,29.4,35.5,20.8,17.0,20.4,4.7,3.0,4.6,4.6,2.9,4.5,877.0,1524.0,,,,-0.8,-0.7,1236.0,660.0,576.0,,,,,,,0.4,G Wholesale and retail trade,Wholesale and retail trade; repair of motor vehicles and motorcycles,3,2002
1328,354200 ,2003JJ00,32878.0,26309.0,6569.0,32430.0,3.6,1.8,4.1,38.0,30.4,37.5,21.9,17.5,21.6,5.2,3.4,5.7,5.1,3.3,5.6,864.0,1503.0,,,,-1.5,-1.4,1232.0,659.0,573.0,,,,,,,-0.3,G Wholesale and retail trade,Wholesale and retail trade; repair of motor vehicles and motorcycles,3,2003
1329,354200 ,2004JJ00,33268.0,26811.0,6457.0,32780.0,1.2,1.9,1.1,38.5,31.1,38.0,21.7,17.5,21.4,1.3,2.0,1.2,-0.6,0.1,-0.7,863.0,1530.0,,,,-0.1,1.8,1218.0,656.0,562.0,,,,,,,-1.2,G Wholesale and retail trade,Wholesale and retail trade; repair of motor vehicles and motorcycles,3,2004
1330,354200 ,2005JJ00,33417.0,27012.0,6405.0,33050.0,0.4,0.7,0.8,39.3,31.7,38.8,22.3,18.1,22.1,1.8,2.1,2.2,2.7,3.0,3.1,851.0,1496.0,,,,-1.4,-2.2,1206.0,646.0,560.0,,,,,,,-1.0,G Wholesale and retail trade,Wholesale and retail trade; repair of motor vehicles and motorcycles,3,2005
1331,354200 ,2006JJ00,34445.0,28146.0,6299.0,34139.0,3.1,4.2,3.3,39.8,32.5,39.4,22.8,18.6,22.6,1.3,2.5,1.6,1.9,3.0,2.1,866.0,1514.0,,,,1.7,1.2,1222.0,661.0,561.0,,,,,,,1.3,G Wholesale and retail trade,Wholesale and retail trade; repair of motor vehicles and motorcycles,3,2006
1332,354200 ,2007JJ00,36405.0,29839.0,6566.0,36084.0,5.7,6.0,5.7,40.9,33.5,40.6,23.4,19.2,23.2,2.8,3.2,2.8,2.7,3.1,2.8,890.0,1557.0,,,,2.8,2.9,1261.0,680.0,581.0,,,,,,,3.2,G Wholesale and retail trade,Wholesale and retail trade; repair of motor vehicles and motorcycles,3,2007
1333,354200 ,2008JJ00,38522.0,31359.0,7163.0,38190.0,5.8,5.1,5.8,42.5,34.6,42.1,24.3,19.8,24.1,3.9,3.2,3.9,3.9,3.2,3.9,907.0,1586.0,,,,1.9,1.9,1290.0,692.0,598.0,,,,,,,2.3,G Wholesale and retail trade,Wholesale and retail trade; repair of motor vehicles and motorcycles,3,2008
1334,354200 ,2009JJ00,38793.0,31649.0,7144.0,38365.0,0.7,0.9,0.5,43.5,35.5,43.0,24.9,20.3,24.6,2.4,2.6,2.1,2.5,2.7,2.2,892.0,1559.0,,,,-1.7,-1.7,1281.0,686.0,595.0,,,,,,,-0.7,G Wholesale and retail trade,Wholesale and retail trade; repair of motor vehicles and motorcycles,3,2009
1335,354200 ,2010JJ00,39069.0,31909.0,7160.0,38640.0,0.7,0.8,0.7,44.3,36.2,43.9,25.4,20.8,25.1,1.9,2.0,1.9,2.1,2.3,2.1,881.0,1537.0,1792.0,1768.0,24.0,-1.2,-1.4,1276.0,678.0,598.0,587.0,458.0,130.0,688.0,220.0,468.0,-0.4,G Wholesale and retail trade,Wholesale and retail trade; repair of motor vehicles and motorcycles,3,2010
1336,354200 ,2011JJ00,40457.0,32863.0,7594.0,40106.0,3.6,3.0,3.8,45.7,37.1,45.3,26.0,21.1,25.8,3.1,2.5,3.3,2.2,1.7,2.5,885.0,1557.0,1798.0,1774.0,24.0,0.5,1.3,1296.0,690.0,606.0,578.0,453.0,125.0,719.0,237.0,481.0,1.6,G Wholesale and retail trade,Wholesale and retail trade; repair of motor vehicles and motorcycles,3,2011
1337,354200 ,2012JJ00,41498.0,33343.0,8155.0,41211.0,2.6,1.5,2.7,47.1,37.8,46.8,26.9,21.6,26.7,3.0,1.9,3.2,3.3,2.2,3.5,881.0,1545.0,1798.0,1774.0,24.0,-0.5,-0.7,1298.0,692.0,606.0,570.0,448.0,122.0,728.0,244.0,484.0,0.1,G Wholesale and retail trade,Wholesale and retail trade; repair of motor vehicles and motorcycles,3,2012
1338,354200 ,2013JJ00,41368.0,33257.0,8111.0,41220.0,-0.3,-0.3,0.0,47.8,38.4,47.6,27.2,21.8,27.1,1.4,1.5,1.8,1.1,1.2,1.5,866.0,1523.0,1774.0,1749.0,24.0,-1.7,-1.4,1279.0,681.0,598.0,558.0,440.0,118.0,721.0,241.0,480.0,-1.4,G Wholesale and retail trade,Wholesale and retail trade; repair of motor vehicles and motorcycles,3,2013
1339,354200 ,2014JJ00,41653.0,33234.0,8419.0,41549.0,0.7,-0.1,0.8,48.6,38.8,48.5,27.4,21.9,27.4,1.7,0.9,1.8,1.0,0.2,1.1,857.0,1519.0,1758.0,1734.0,24.0,-1.0,-0.3,1280.0,679.0,601.0,542.0,427.0,114.0,738.0,252.0,486.0,0.0,G Wholesale and retail trade,Wholesale and retail trade; repair of motor vehicles and motorcycles,3,2014
1340,354200 ,2015JJ00,42405.0,34209.0,8196.0,42277.0,1.8,2.9,1.8,49.3,39.8,49.1,27.9,22.5,27.8,1.4,2.5,1.4,1.7,2.9,1.7,861.0,1520.0,1768.0,1743.0,25.0,0.4,0.1,1293.0,686.0,608.0,536.0,424.0,111.0,758.0,261.0,497.0,1.1,G Wholesale and retail trade,Wholesale and retail trade; repair of motor vehicles and motorcycles,3,2015
1341,354200 ,2016JJ00,43798.0,35177.0,8621.0,43633.0,3.3,2.8,3.2,49.5,39.7,49.3,28.0,22.5,27.9,0.4,-0.1,0.3,0.2,-0.2,0.2,885.0,1566.0,1818.0,1795.0,23.0,2.9,3.0,1316.0,700.0,616.0,545.0,433.0,112.0,770.0,267.0,503.0,1.7,G Wholesale and retail trade,Wholesale and retail trade; repair of motor vehicles and motorcycles,3,2016
1342,354200 ,2017JJ00,45431.0,36336.0,9095.0,45157.0,3.7,3.3,3.5,49.8,39.8,49.5,28.4,22.7,28.3,0.7,0.2,0.4,1.6,1.2,1.4,912.0,1598.0,1863.0,1840.0,23.0,3.1,2.1,1348.0,718.0,630.0,555.0,444.0,110.0,793.0,273.0,520.0,2.4,G Wholesale and retail trade,Wholesale and retail trade; repair of motor vehicles and motorcycles,3,2017
1343,354200 ,2018JJ00,47807.0,38077.0,9730.0,47511.0,5.2,4.8,5.2,50.8,40.4,50.4,29.2,23.2,29.0,1.9,1.5,1.9,2.6,2.1,2.5,942.0,1640.0,1928.0,1906.0,22.0,3.2,2.6,1383.0,736.0,648.0,571.0,454.0,116.0,813.0,281.0,531.0,2.6,G Wholesale and retail trade,Wholesale and retail trade; repair of motor vehicles and motorcycles,3,2018
1344,354200 ,2019JJ00,50195.0,39601.0,10594.0,49907.0,5.0,4.0,5.0,52.3,41.3,52.0,30.0,23.6,29.8,3.1,2.1,3.2,2.8,1.8,2.9,959.0,1675.0,1965.0,1944.0,22.0,1.8,2.1,1406.0,750.0,655.0,579.0,460.0,119.0,827.0,290.0,537.0,1.6,G Wholesale and retail trade,Wholesale and retail trade; repair of motor vehicles and motorcycles,3,2019
1345,354200 ,2020JJ00,51581.0,40597.0,10984.0,49812.0,2.8,2.5,-0.2,53.4,42.1,51.6,31.8,25.1,30.8,2.1,1.9,-0.8,6.3,6.0,3.2,965.0,1620.0,1985.0,1968.0,17.0,0.7,-3.3,1408.0,751.0,657.0,574.0,456.0,118.0,835.0,296.0,539.0,0.2,G Wholesale and retail trade,Wholesale and retail trade; repair of motor vehicles and motorcycles,3,2020
1346,354200 ,2021JJ00,53874.0,42354.0,11520.0,52594.0,4.4,4.3,5.6,54.9,43.2,53.6,32.4,25.5,31.7,2.8,2.7,3.9,1.8,1.7,3.0,981.0,1661.0,2006.0,1989.0,17.0,1.6,2.5,1428.0,762.0,666.0,585.0,461.0,124.0,843.0,301.0,542.0,1.4,G Wholesale and retail trade,Wholesale and retail trade; repair of motor vehicles and motorcycles,3,2021
1347,354200 ,2022JJ00,57725.0,45137.0,12588.0,57320.0,7.1,6.6,9.0,57.5,44.9,57.1,33.4,26.1,33.1,4.6,4.0,6.4,2.9,2.3,4.7,1004.0,1730.0,2051.0,2034.0,17.0,2.4,4.1,1455.0,778.0,677.0,597.0,466.0,131.0,858.0,312.0,546.0,1.9,G Wholesale and retail trade,Wholesale and retail trade; repair of motor vehicles and motorcycles,3,2022
1348,354200 ,2023JJ00,61616.0,48333.0,13283.0,61238.0,6.7,7.1,6.8,61.1,47.9,60.7,35.6,27.9,35.4,6.3,6.6,6.4,6.6,6.9,6.7,1009.0,1732.0,2057.0,2042.0,16.0,0.4,0.1,1461.0,783.0,679.0,594.0,461.0,133.0,867.0,321.0,546.0,0.4,G Wholesale and retail trade,Wholesale and retail trade; repair of motor vehicles and motorcycles,3,2023
1349,354200 ,2024JJ00,65316.0,51030.0,14286.0,65016.0,6.0,5.6,6.2,64.7,50.6,64.4,37.5,29.3,37.3,6.0,5.5,6.1,5.3,4.9,5.5,1009.0,1743.0,2071.0,2056.0,15.0,0.0,0.6,1465.0,790.0,675.0,586.0,455.0,132.0,879.0,336.0,543.0,0.3,G Wholesale and retail trade,Wholesale and retail trade; repair of motor vehicles and motorcycles,3,2024
1350,354300 ,1995JJ00,2816.0,2402.0,414.0,2816.0,,,,29.4,25.0,29.4,16.1,13.8,16.1,,,,,,,96.0,175.0,,,,,,103.0,89.0,14.0,,,,,,,,45 Sale and repair of motor vehicles,"Sale and repair of motor vehicles, motorcycles and trailers",11,1995
1351,354300 ,1996JJ00,2881.0,2476.0,405.0,2852.0,2.3,3.1,1.3,29.7,25.5,29.4,16.1,13.9,16.0,1.1,1.9,0.1,0.1,0.9,-0.9,97.0,178.0,,,,1.2,2.1,105.0,90.0,15.0,,,,,,,1.8,45 Sale and repair of motor vehicles,"Sale and repair of motor vehicles, motorcycles and trailers",11,1996
1352,354300 ,1997JJ00,2927.0,2533.0,394.0,2881.0,1.6,2.3,1.0,29.6,25.7,29.2,16.6,14.3,16.3,-0.1,0.5,-0.7,2.6,3.3,2.0,99.0,177.0,,,,1.8,-1.0,108.0,91.0,16.0,,,,,,,2.9,45 Sale and repair of motor vehicles,"Sale and repair of motor vehicles, motorcycles and trailers",11,1997
1353,354300 ,1998JJ00,3097.0,2502.0,595.0,3030.0,5.8,-1.2,5.2,31.1,25.1,30.4,17.3,13.9,16.9,4.9,-2.1,4.2,4.2,-2.8,3.5,100.0,179.0,,,,0.9,1.6,108.0,91.0,17.0,,,,,,,0.8,45 Sale and repair of motor vehicles,"Sale and repair of motor vehicles, motorcycles and trailers",11,1998
1354,354300 ,1999JJ00,3420.0,2762.0,658.0,3348.0,10.4,10.4,10.5,32.2,26.0,31.5,18.0,14.6,17.6,3.6,3.5,3.6,4.5,4.5,4.6,106.0,190.0,,,,6.6,5.7,117.0,98.0,19.0,,,,,,,8.0,45 Sale and repair of motor vehicles,"Sale and repair of motor vehicles, motorcycles and trailers",11,1999
1355,354300 ,2000JJ00,3661.0,2934.0,727.0,3590.0,7.1,6.2,7.3,33.9,27.2,33.2,19.2,15.4,18.9,5.3,4.5,5.5,6.7,5.9,6.9,108.0,190.0,,,,1.7,0.3,120.0,99.0,20.0,,,,,,,2.0,45 Sale and repair of motor vehicles,"Sale and repair of motor vehicles, motorcycles and trailers",11,2000
1356,354300 ,2001JJ00,3764.0,3071.0,693.0,3692.0,2.8,4.7,2.9,35.3,28.8,34.6,20.2,16.4,19.8,4.0,5.9,4.1,4.7,6.6,4.8,107.0,187.0,,,,-1.1,-1.8,120.0,99.0,22.0,,,,,,,0.7,45 Sale and repair of motor vehicles,"Sale and repair of motor vehicles, motorcycles and trailers",11,2001
1357,354300 ,2002JJ00,3943.0,3195.0,748.0,3862.0,4.7,4.0,4.6,37.0,30.0,36.3,21.2,17.2,20.7,5.0,4.3,4.8,5.1,4.4,4.9,107.0,186.0,,,,-0.2,-0.4,122.0,100.0,23.0,,,,,,,1.3,45 Sale and repair of motor vehicles,"Sale and repair of motor vehicles, motorcycles and trailers",11,2002
1358,354300 ,2003JJ00,4014.0,3255.0,759.0,3958.0,1.8,1.9,2.5,37.9,30.7,37.3,21.4,17.4,21.1,2.3,2.4,3.0,1.3,1.3,1.9,106.0,187.0,,,,-0.5,0.5,122.0,99.0,22.0,,,,,,,-0.4,45 Sale and repair of motor vehicles,"Sale and repair of motor vehicles, motorcycles and trailers",11,2003
1359,354300 ,2004JJ00,4115.0,3337.0,778.0,4063.0,2.5,2.5,2.7,38.8,31.5,38.3,21.9,17.8,21.6,2.4,2.4,2.5,2.1,2.1,2.3,106.0,188.0,,,,0.1,0.4,122.0,100.0,22.0,,,,,,,0.5,45 Sale and repair of motor vehicles,"Sale and repair of motor vehicles, motorcycles and trailers",11,2004
1360,354300 ,2005JJ00,4118.0,3364.0,754.0,4087.0,0.1,0.8,0.6,39.3,32.1,39.0,22.3,18.2,22.1,1.2,2.0,1.7,1.9,2.6,2.4,105.0,185.0,,,,-1.2,-1.8,122.0,100.0,22.0,,,,,,,-0.6,45 Sale and repair of motor vehicles,"Sale and repair of motor vehicles, motorcycles and trailers",11,2005
1361,354300 ,2006JJ00,4186.0,3454.0,732.0,4166.0,1.7,2.7,1.9,39.9,32.9,39.7,22.8,18.8,22.7,1.5,2.6,1.8,2.1,3.1,2.4,105.0,184.0,,,,0.1,-0.4,122.0,100.0,23.0,,,,,,,0.7,45 Sale and repair of motor vehicles,"Sale and repair of motor vehicles, motorcycles and trailers",11,2006
1362,354300 ,2007JJ00,4348.0,3584.0,764.0,4326.0,3.9,3.8,3.9,40.9,33.7,40.7,23.4,19.3,23.2,2.6,2.5,2.6,2.5,2.4,2.5,106.0,186.0,,,,1.3,1.3,124.0,101.0,23.0,,,,,,,1.5,45 Sale and repair of motor vehicles,"Sale and repair of motor vehicles, motorcycles and trailers",11,2007
1363,354300 ,2008JJ00,4591.0,3758.0,833.0,4564.0,5.6,4.9,5.5,42.9,35.1,42.7,24.5,20.1,24.4,4.9,4.2,4.9,4.9,4.2,4.8,107.0,187.0,,,,0.6,0.7,126.0,103.0,23.0,,,,,,,1.3,45 Sale and repair of motor vehicles,"Sale and repair of motor vehicles, motorcycles and trailers",11,2008
1364,354300 ,2009JJ00,4560.0,3739.0,821.0,4520.0,-0.7,-0.5,-1.0,43.9,36.0,43.5,25.1,20.5,24.8,2.2,2.3,1.9,2.3,2.4,2.0,104.0,182.0,,,,-2.8,-2.9,122.0,100.0,22.0,,,,,,,-3.1,45 Sale and repair of motor vehicles,"Sale and repair of motor vehicles, motorcycles and trailers",11,2009
1365,354300 ,2010JJ00,4550.0,3702.0,848.0,4512.0,-0.2,-1.0,-0.2,44.3,36.0,43.9,25.2,20.5,25.0,0.9,0.2,1.0,0.7,0.0,0.8,103.0,180.0,210.0,208.0,2.0,-1.2,-1.0,120.0,102.0,19.0,87.0,82.0,5.0,33.0,20.0,13.0,-1.2,45 Sale and repair of motor vehicles,"Sale and repair of motor vehicles, motorcycles and trailers",11,2010
1366,354300 ,2011JJ00,4795.0,3871.0,924.0,4760.0,5.4,4.6,5.5,45.9,37.1,45.6,26.0,21.0,25.8,3.8,3.0,3.9,2.9,2.1,3.0,104.0,185.0,213.0,211.0,2.0,1.6,2.4,123.0,104.0,19.0,86.0,81.0,5.0,36.0,23.0,14.0,2.0,45 Sale and repair of motor vehicles,"Sale and repair of motor vehicles, motorcycles and trailers",11,2011
1367,354300 ,2012JJ00,4883.0,3919.0,964.0,4849.0,1.8,1.2,1.8,47.5,38.2,47.2,27.0,21.7,26.8,3.5,2.9,3.5,4.0,3.4,4.1,103.0,181.0,210.0,208.0,2.0,-1.6,-2.1,121.0,102.0,19.0,84.0,79.0,5.0,37.0,23.0,14.0,-1.5,45 Sale and repair of motor vehicles,"Sale and repair of motor vehicles, motorcycles and trailers",11,2012
1368,354300 ,2013JJ00,4735.0,3803.0,932.0,4712.0,-3.0,-2.9,-2.8,48.1,38.6,47.9,27.3,22.0,27.2,1.1,1.2,1.4,1.2,1.3,1.4,98.0,173.0,203.0,200.0,2.0,-4.1,-4.2,116.0,98.0,18.0,81.0,76.0,5.0,35.0,22.0,13.0,-4.5,45 Sale and repair of motor vehicles,"Sale and repair of motor vehicles, motorcycles and trailers",11,2013
1369,354300 ,2014JJ00,4669.0,3667.0,1002.0,4661.0,-1.4,-3.6,-1.1,49.2,38.7,49.1,27.8,21.8,27.8,2.3,0.1,2.7,1.7,-0.6,2.0,95.0,168.0,195.0,193.0,2.0,-3.7,-3.0,112.0,95.0,17.0,77.0,73.0,5.0,35.0,22.0,13.0,-3.2,45 Sale and repair of motor vehicles,"Sale and repair of motor vehicles, motorcycles and trailers",11,2014
1370,354300 ,2015JJ00,4562.0,3625.0,937.0,4552.0,-2.3,-1.2,-2.3,48.9,38.9,48.8,27.7,22.0,27.6,-0.6,0.6,-0.6,-0.4,0.7,-0.5,93.0,165.0,192.0,190.0,2.0,-1.8,-1.9,110.0,93.0,17.0,74.0,70.0,4.0,36.0,23.0,13.0,-1.5,45 Sale and repair of motor vehicles,"Sale and repair of motor vehicles, motorcycles and trailers",11,2015
1371,354300 ,2016JJ00,4726.0,3746.0,980.0,4716.0,3.6,3.4,3.6,49.5,39.2,49.4,27.9,22.1,27.8,1.1,0.8,1.1,0.6,0.4,0.6,96.0,170.0,197.0,195.0,2.0,2.5,3.0,113.0,96.0,17.0,77.0,73.0,5.0,36.0,23.0,13.0,2.5,45 Sale and repair of motor vehicles,"Sale and repair of motor vehicles, motorcycles and trailers",11,2016
1372,354300 ,2017JJ00,4897.0,3890.0,1007.0,4873.0,3.6,3.8,3.3,49.9,39.6,49.7,28.4,22.5,28.2,0.9,1.1,0.6,1.8,2.0,1.5,98.0,173.0,201.0,199.0,3.0,2.7,1.8,116.0,98.0,18.0,80.0,76.0,5.0,35.0,22.0,13.0,2.5,45 Sale and repair of motor vehicles,"Sale and repair of motor vehicles, motorcycles and trailers",11,2017
1373,354300 ,2018JJ00,5143.0,4066.0,1077.0,5117.0,5.0,4.5,5.0,50.9,40.2,50.6,29.0,22.9,28.8,2.0,1.5,2.0,2.1,1.6,2.1,101.0,178.0,208.0,206.0,3.0,3.0,2.9,119.0,101.0,19.0,82.0,77.0,5.0,37.0,24.0,14.0,3.0,45 Sale and repair of motor vehicles,"Sale and repair of motor vehicles, motorcycles and trailers",11,2018
1374,354300 ,2019JJ00,5361.0,4206.0,1155.0,5337.0,4.2,3.4,4.3,52.5,41.2,52.3,29.8,23.4,29.7,3.1,2.4,3.2,3.0,2.2,3.1,102.0,180.0,210.0,208.0,2.0,1.1,1.2,121.0,102.0,19.0,82.0,77.0,5.0,38.0,24.0,14.0,1.1,45 Sale and repair of motor vehicles,"Sale and repair of motor vehicles, motorcycles and trailers",11,2019
1375,354300 ,2020JJ00,5456.0,4254.0,1202.0,5201.0,1.8,1.2,-2.5,54.0,42.1,51.5,32.8,25.6,31.3,2.9,2.3,-1.4,10.1,9.4,5.4,101.0,166.0,209.0,207.0,2.0,-1.1,-7.5,119.0,100.0,19.0,81.0,76.0,5.0,38.0,24.0,14.0,-1.6,45 Sale and repair of motor vehicles,"Sale and repair of motor vehicles, motorcycles and trailers",11,2020
1376,354300 ,2021JJ00,5519.0,4310.0,1209.0,5388.0,1.1,1.3,3.6,55.3,43.2,54.0,32.0,25.0,31.3,2.3,2.5,4.8,-2.4,-2.3,-0.1,100.0,172.0,205.0,204.0,2.0,-1.1,3.6,117.0,99.0,19.0,79.0,74.0,5.0,38.0,25.0,14.0,-1.2,45 Sale and repair of motor vehicles,"Sale and repair of motor vehicles, motorcycles and trailers",11,2021
1377,354300 ,2022JJ00,5754.0,4459.0,1295.0,5733.0,4.3,3.5,6.4,57.4,44.5,57.2,33.3,25.8,33.2,3.8,3.0,5.9,3.9,3.1,6.0,100.0,173.0,206.0,204.0,2.0,0.4,0.3,118.0,99.0,19.0,79.0,73.0,5.0,39.0,26.0,14.0,0.7,45 Sale and repair of motor vehicles,"Sale and repair of motor vehicles, motorcycles and trailers",11,2022
1378,354300 ,2023JJ00,6151.0,4791.0,1360.0,6125.0,6.9,7.5,6.9,60.0,46.7,59.8,34.8,27.1,34.6,4.6,5.1,4.5,4.4,4.9,4.3,102.0,177.0,211.0,208.0,2.0,2.2,2.4,121.0,101.0,20.0,79.0,74.0,6.0,42.0,27.0,14.0,2.5,45 Sale and repair of motor vehicles,"Sale and repair of motor vehicles, motorcycles and trailers",11,2023
1379,354300 ,2024JJ00,6733.0,5255.0,1478.0,6715.0,9.4,9.7,9.6,63.5,49.6,63.3,36.4,28.4,36.3,5.8,6.0,5.9,4.6,4.8,4.8,106.0,185.0,219.0,217.0,2.0,3.5,4.6,125.0,105.0,21.0,80.0,74.0,6.0,46.0,31.0,15.0,3.5,45 Sale and repair of motor vehicles,"Sale and repair of motor vehicles, motorcycles and trailers",11,2024
1380,356900 ,1995JJ00,11591.0,10325.0,1266.0,11578.0,,,,35.7,31.8,35.7,20.1,17.9,20.1,,,,,,,324.0,577.0,,,,,,361.0,262.0,98.0,,,,,,,,46 Wholesale trade (no motor vehicles),Wholesale trade (no motor vehicles and motorcycles),11,1995
1381,356900 ,1996JJ00,12097.0,10758.0,1339.0,12048.0,4.4,4.2,4.1,36.0,32.0,35.8,20.1,17.9,20.0,0.6,0.5,0.3,0.3,0.1,0.0,336.0,601.0,,,,3.7,4.1,376.0,273.0,103.0,,,,,,,4.2,46 Wholesale trade (no motor vehicles),Wholesale trade (no motor vehicles and motorcycles),11,1996
1382,356900 ,1997JJ00,12670.0,11277.0,1393.0,12600.0,4.7,4.8,4.6,36.6,32.5,36.4,20.7,18.4,20.6,1.7,1.8,1.5,2.8,2.8,2.6,347.0,613.0,,,,3.0,1.9,382.0,277.0,105.0,,,,,,,1.7,46 Wholesale trade (no motor vehicles),Wholesale trade (no motor vehicles and motorcycles),11,1997
1383,356900 ,1998JJ00,13483.0,11357.0,2126.0,13380.0,6.4,0.7,6.2,37.5,31.5,37.2,21.1,17.8,21.0,2.4,-3.1,2.2,2.2,-3.3,2.0,360.0,638.0,,,,3.9,4.1,399.0,288.0,110.0,,,,,,,4.3,46 Wholesale trade (no motor vehicles),Wholesale trade (no motor vehicles and motorcycles),11,1998
1384,356900 ,1999JJ00,14543.0,12259.0,2284.0,14450.0,7.9,7.9,8.0,38.6,32.5,38.3,21.7,18.3,21.6,3.0,3.1,3.1,2.7,2.8,2.8,377.0,670.0,,,,4.7,5.0,422.0,303.0,119.0,,,,,,,5.9,46 Wholesale trade (no motor vehicles),Wholesale trade (no motor vehicles and motorcycles),11,1999
1385,356900 ,2000JJ00,15531.0,13113.0,2418.0,15439.0,6.8,7.0,6.8,40.1,33.9,39.9,22.8,19.2,22.6,4.0,4.1,4.0,4.9,5.1,5.0,387.0,682.0,,,,2.7,1.8,438.0,309.0,129.0,,,,,,,3.7,46 Wholesale trade (no motor vehicles),Wholesale trade (no motor vehicles and motorcycles),11,2000
1386,356900 ,2001JJ00,16320.0,13824.0,2496.0,16222.0,5.1,5.4,5.1,41.8,35.4,41.5,23.7,20.1,23.6,4.2,4.5,4.2,4.3,4.6,4.3,391.0,687.0,,,,0.8,0.8,444.0,310.0,134.0,,,,,,,1.4,46 Wholesale trade (no motor vehicles),Wholesale trade (no motor vehicles and motorcycles),11,2001
1387,356900 ,2002JJ00,16943.0,13981.0,2962.0,16840.0,3.8,1.1,3.8,44.2,36.5,43.9,25.1,20.7,25.0,5.7,3.0,5.7,5.9,3.2,5.9,384.0,674.0,,,,-1.8,-2.0,440.0,308.0,132.0,,,,,,,-0.8,46 Wholesale trade (no motor vehicles),Wholesale trade (no motor vehicles and motorcycles),11,2002
1388,356900 ,2003JJ00,17750.0,14232.0,3518.0,17668.0,4.8,1.8,4.9,47.1,37.7,46.9,26.6,21.3,26.5,6.6,3.5,6.7,5.8,2.8,6.0,377.0,667.0,,,,-1.7,-1.0,436.0,305.0,130.0,,,,,,,-1.0,46 Wholesale trade (no motor vehicles),Wholesale trade (no motor vehicles and motorcycles),11,2003
1389,356900 ,2004JJ00,17779.0,14428.0,3351.0,17654.0,0.2,1.4,-0.1,47.7,38.7,47.4,26.5,21.5,26.3,1.4,2.7,1.2,-0.4,0.8,-0.7,372.0,671.0,,,,-1.2,0.6,429.0,302.0,127.0,,,,,,,-1.6,46 Wholesale trade (no motor vehicles),Wholesale trade (no motor vehicles and motorcycles),11,2004
1390,356900 ,2005JJ00,18043.0,14611.0,3432.0,17959.0,1.5,1.3,1.7,49.1,39.7,48.8,27.4,22.2,27.3,2.7,2.5,3.0,3.5,3.2,3.7,368.0,658.0,,,,-1.2,-1.9,426.0,300.0,126.0,,,,,,,-0.7,46 Wholesale trade (no motor vehicles),Wholesale trade (no motor vehicles and motorcycles),11,2005
1391,356900 ,2006JJ00,18760.0,15324.0,3436.0,18684.0,4.0,4.9,4.0,50.1,40.9,49.9,28.2,23.0,28.0,2.1,3.0,2.1,2.7,3.6,2.8,375.0,666.0,,,,1.9,1.2,434.0,303.0,131.0,,,,,,,1.9,46 Wholesale trade (no motor vehicles),Wholesale trade (no motor vehicles and motorcycles),11,2006
1392,356900 ,2007JJ00,19923.0,16349.0,3574.0,19843.0,6.2,6.7,6.2,51.8,42.5,51.6,29.1,23.9,29.0,3.4,3.9,3.4,3.4,3.9,3.4,385.0,684.0,,,,2.7,2.7,447.0,312.0,134.0,,,,,,,3.0,46 Wholesale trade (no motor vehicles),Wholesale trade (no motor vehicles and motorcycles),11,2007
1393,356900 ,2008JJ00,21252.0,17350.0,3902.0,21171.0,6.7,6.1,6.7,53.8,43.9,53.6,30.2,24.6,30.1,3.9,3.3,3.9,3.7,3.1,3.7,395.0,704.0,,,,2.7,2.9,459.0,319.0,139.0,,,,,,,2.7,46 Wholesale trade (no motor vehicles),Wholesale trade (no motor vehicles and motorcycles),11,2008
1394,356900 ,2009JJ00,21520.0,17608.0,3912.0,21378.0,1.3,1.5,1.0,54.8,44.8,54.4,30.8,25.2,30.6,1.8,2.1,1.6,2.2,2.4,1.9,393.0,698.0,,,,-0.6,-0.9,456.0,317.0,139.0,,,,,,,-0.7,46 Wholesale trade (no motor vehicles),Wholesale trade (no motor vehicles and motorcycles),11,2009
1395,356900 ,2010JJ00,21720.0,17778.0,3942.0,21577.0,0.9,1.0,0.9,56.0,45.8,55.6,31.4,25.7,31.2,2.2,2.3,2.2,2.0,2.0,2.0,388.0,691.0,805.0,793.0,12.0,-1.3,-1.0,449.0,314.0,135.0,316.0,264.0,52.0,133.0,50.0,83.0,-1.4,46 Wholesale trade (no motor vehicles),Wholesale trade (no motor vehicles and motorcycles),11,2010
1396,356900 ,2011JJ00,22571.0,18350.0,4221.0,22448.0,3.9,3.2,4.0,57.9,47.1,57.6,32.3,26.3,32.1,3.4,2.7,3.5,2.8,2.1,2.9,390.0,699.0,806.0,794.0,12.0,0.5,1.1,453.0,317.0,137.0,313.0,262.0,52.0,140.0,55.0,85.0,1.0,46 Wholesale trade (no motor vehicles),Wholesale trade (no motor vehicles and motorcycles),11,2011
1397,356900 ,2012JJ00,23354.0,18778.0,4576.0,23258.0,3.5,2.3,3.6,59.3,47.7,59.1,33.2,26.7,33.1,2.5,1.4,2.6,2.7,1.6,2.9,394.0,704.0,817.0,805.0,12.0,1.0,0.7,458.0,320.0,138.0,315.0,263.0,52.0,143.0,56.0,86.0,1.0,46 Wholesale trade (no motor vehicles),Wholesale trade (no motor vehicles and motorcycles),11,2012
1398,356900 ,2013JJ00,23416.0,18881.0,4535.0,23396.0,0.3,0.5,0.6,60.1,48.4,60.0,33.5,27.0,33.5,1.2,1.5,1.6,1.0,1.3,1.3,390.0,699.0,812.0,800.0,13.0,-1.0,-0.7,451.0,315.0,136.0,313.0,262.0,51.0,138.0,54.0,85.0,-1.4,46 Wholesale trade (no motor vehicles),Wholesale trade (no motor vehicles and motorcycles),11,2013
1399,356900 ,2014JJ00,23543.0,18897.0,4646.0,23499.0,0.5,0.1,0.4,61.0,48.9,60.9,33.8,27.1,33.7,1.5,1.0,1.4,0.8,0.4,0.7,386.0,696.0,805.0,793.0,12.0,-1.0,-0.3,448.0,312.0,136.0,305.0,254.0,51.0,143.0,58.0,85.0,-0.7,46 Wholesale trade (no motor vehicles),Wholesale trade (no motor vehicles and motorcycles),11,2014
1400,356900 ,2015JJ00,24268.0,19757.0,4511.0,24202.0,3.1,4.5,3.0,62.5,50.8,62.3,34.9,28.4,34.8,2.4,3.9,2.3,3.2,4.7,3.1,389.0,695.0,810.0,798.0,12.0,0.6,-0.1,450.0,315.0,135.0,307.0,257.0,51.0,143.0,58.0,85.0,0.5,46 Wholesale trade (no motor vehicles),Wholesale trade (no motor vehicles and motorcycles),11,2015
1401,356900 ,2016JJ00,25194.0,20390.0,4804.0,25100.0,3.8,3.2,3.7,62.7,50.8,62.5,34.9,28.2,34.7,0.5,-0.1,0.4,-0.1,-0.6,-0.2,402.0,722.0,837.0,825.0,12.0,3.3,3.9,465.0,324.0,141.0,316.0,264.0,53.0,149.0,60.0,88.0,3.3,46 Wholesale trade (no motor vehicles),Wholesale trade (no motor vehicles and motorcycles),11,2016
1402,356900 ,2017JJ00,26018.0,20976.0,5042.0,25883.0,3.3,2.9,3.1,63.3,51.1,63.0,35.5,28.6,35.3,0.9,0.5,0.8,1.7,1.3,1.6,411.0,733.0,854.0,842.0,12.0,2.3,1.5,476.0,330.0,146.0,322.0,269.0,54.0,154.0,62.0,92.0,2.4,46 Wholesale trade (no motor vehicles),Wholesale trade (no motor vehicles and motorcycles),11,2017
1403,356900 ,2018JJ00,27428.0,22009.0,5419.0,27300.0,5.4,4.9,5.5,65.0,52.2,64.7,36.5,29.3,36.3,2.6,2.1,2.7,2.9,2.5,3.0,422.0,751.0,881.0,869.0,12.0,2.7,2.4,488.0,337.0,151.0,330.0,274.0,56.0,158.0,63.0,94.0,2.4,46 Wholesale trade (no motor vehicles),Wholesale trade (no motor vehicles and motorcycles),11,2018
1404,356900 ,2019JJ00,28933.0,22992.0,5941.0,28804.0,5.5,4.5,5.5,66.6,52.9,66.3,37.4,29.7,37.3,2.5,1.5,2.5,2.5,1.5,2.5,434.0,773.0,906.0,894.0,12.0,3.0,2.9,505.0,348.0,157.0,339.0,280.0,59.0,166.0,68.0,98.0,3.6,46 Wholesale trade (no motor vehicles),Wholesale trade (no motor vehicles and motorcycles),11,2019
1405,356900 ,2020JJ00,29702.0,23597.0,6105.0,28767.0,2.7,2.6,-0.1,68.1,54.1,65.9,39.0,31.0,37.7,2.2,2.2,-0.6,4.1,4.1,1.3,436.0,762.0,913.0,902.0,11.0,0.4,-1.4,503.0,345.0,158.0,336.0,276.0,60.0,167.0,69.0,98.0,-0.5,46 Wholesale trade (no motor vehicles),Wholesale trade (no motor vehicles and motorcycles),11,2020
1406,356900 ,2021JJ00,31274.0,24835.0,6439.0,30660.0,5.3,5.2,6.6,70.0,55.6,68.6,39.8,31.6,39.0,2.8,2.8,4.1,2.1,2.0,3.3,447.0,786.0,932.0,921.0,11.0,2.4,3.2,516.0,352.0,164.0,343.0,280.0,63.0,173.0,72.0,101.0,2.6,46 Wholesale trade (no motor vehicles),Wholesale trade (no motor vehicles and motorcycles),11,2021
1407,356900 ,2022JJ00,33497.0,26501.0,6996.0,33327.0,7.1,6.7,8.7,73.1,57.9,72.8,41.7,33.0,41.5,4.5,4.1,6.1,4.8,4.4,6.4,458.0,804.0,951.0,940.0,11.0,2.5,2.2,529.0,358.0,170.0,348.0,282.0,66.0,180.0,76.0,104.0,2.4,46 Wholesale trade (no motor vehicles),Wholesale trade (no motor vehicles and motorcycles),11,2022
1408,356900 ,2023JJ00,35588.0,28227.0,7361.0,35438.0,6.2,6.5,6.3,77.3,61.3,77.0,44.3,35.1,44.1,5.7,6.0,5.8,6.2,6.5,6.3,460.0,804.0,954.0,944.0,10.0,0.5,0.0,530.0,358.0,172.0,347.0,279.0,67.0,183.0,79.0,104.0,0.2,46 Wholesale trade (no motor vehicles),Wholesale trade (no motor vehicles and motorcycles),11,2023
1409,356900 ,2024JJ00,37266.0,29497.0,7769.0,37150.0,4.7,4.5,4.8,80.5,63.7,80.2,45.8,36.3,45.7,4.1,3.9,4.2,3.5,3.3,3.6,463.0,813.0,967.0,957.0,10.0,0.6,1.2,533.0,360.0,173.0,343.0,275.0,68.0,190.0,85.0,105.0,0.5,46 Wholesale trade (no motor vehicles),Wholesale trade (no motor vehicles and motorcycles),11,2024
1410,371600 ,1995JJ00,7329.0,6138.0,1191.0,7300.0,,,,22.2,18.6,22.1,12.9,10.8,12.9,,,,,,,330.0,568.0,,,,,,552.0,202.0,350.0,,,,,,,,47 Retail trade (not in motor vehicles),Retail trade (not in motor vehicles),11,1995
1411,371600 ,1996JJ00,7557.0,6372.0,1185.0,7434.0,3.1,3.8,1.8,22.8,19.2,22.4,13.2,11.1,13.0,2.6,3.3,1.3,2.2,2.9,1.0,331.0,573.0,,,,0.5,0.8,556.0,207.0,349.0,,,,,,,0.8,47 Retail trade (not in motor vehicles),Retail trade (not in motor vehicles),11,1996
1412,371600 ,1997JJ00,7907.0,6750.0,1157.0,7697.0,4.6,5.9,3.5,23.1,19.7,22.5,13.5,11.5,13.1,1.3,2.5,0.2,2.1,3.4,1.0,342.0,587.0,,,,3.3,2.5,585.0,222.0,364.0,,,,,,,5.3,47 Retail trade (not in motor vehicles),Retail trade (not in motor vehicles),11,1997
1413,371600 ,1998JJ00,8399.0,6741.0,1658.0,8103.0,6.2,-0.1,5.3,23.7,19.0,22.9,13.8,11.1,13.3,2.6,-3.5,1.7,2.5,-3.7,1.6,354.0,608.0,,,,3.5,3.7,608.0,227.0,381.0,,,,,,,4.0,47 Retail trade (not in motor vehicles),Retail trade (not in motor vehicles),11,1998
1414,371600 ,1999JJ00,9182.0,7296.0,1886.0,8838.0,9.3,8.2,9.1,24.5,19.5,23.6,14.3,11.4,13.8,3.5,2.5,3.3,3.7,2.6,3.4,374.0,641.0,,,,5.6,5.4,644.0,244.0,400.0,,,,,,,5.9,47 Retail trade (not in motor vehicles),Retail trade (not in motor vehicles),11,1999
1415,371600 ,2000JJ00,10048.0,7868.0,2180.0,9691.0,9.4,7.9,9.7,26.3,20.6,25.4,15.5,12.1,14.9,7.2,5.6,7.4,8.2,6.6,8.4,382.0,649.0,,,,2.1,1.2,659.0,246.0,413.0,,,,,,,2.2,47 Retail trade (not in motor vehicles),Retail trade (not in motor vehicles),11,2000
1416,371600 ,2001JJ00,10478.0,8391.0,2087.0,10100.0,4.3,6.6,4.2,27.0,21.7,26.1,15.9,12.7,15.3,2.8,5.2,2.8,2.4,4.7,2.3,387.0,661.0,,,,1.4,1.9,667.0,250.0,416.0,,,,,,,1.2,47 Retail trade (not in motor vehicles),Retail trade (not in motor vehicles),11,2001
1417,371600 ,2002JJ00,10839.0,8662.0,2177.0,10445.0,3.4,3.2,3.4,28.0,22.4,27.0,16.3,13.0,15.7,3.5,3.3,3.4,3.0,2.7,2.9,387.0,664.0,,,,0.0,0.5,674.0,253.0,421.0,,,,,,,1.1,47 Retail trade (not in motor vehicles),Retail trade (not in motor vehicles),11,2002
1418,371600 ,2003JJ00,11114.0,8822.0,2292.0,10804.0,2.5,1.9,3.4,29.2,23.1,28.3,17.1,13.6,16.7,4.2,3.5,5.1,5.0,4.3,5.9,381.0,648.0,,,,-1.6,-2.3,675.0,255.0,420.0,,,,,,,0.2,47 Retail trade (not in motor vehicles),Retail trade (not in motor vehicles),11,2003
1419,371600 ,2004JJ00,11374.0,9046.0,2328.0,11063.0,2.3,2.5,2.4,29.6,23.5,28.8,16.9,13.5,16.5,1.4,1.6,1.5,-1.1,-1.0,-1.1,385.0,671.0,,,,0.9,3.5,667.0,254.0,413.0,,,,,,,-1.2,47 Retail trade (not in motor vehicles),Retail trade (not in motor vehicles),11,2004
1420,371600 ,2005JJ00,11256.0,9037.0,2219.0,11004.0,-1.0,-0.1,-0.5,29.7,23.9,29.1,17.2,13.8,16.8,0.5,1.5,1.0,1.7,2.7,2.2,379.0,653.0,,,,-1.5,-2.7,659.0,246.0,413.0,,,,,,,-1.2,47 Retail trade (not in motor vehicles),Retail trade (not in motor vehicles),11,2005
1421,371600 ,2006JJ00,11499.0,9368.0,2131.0,11289.0,2.2,3.7,2.6,29.8,24.3,29.2,17.3,14.1,17.0,0.2,1.6,0.6,0.6,2.0,1.0,386.0,664.0,,,,2.0,1.6,666.0,259.0,408.0,,,,,,,1.1,47 Retail trade (not in motor vehicles),Retail trade (not in motor vehicles),11,2006
1422,371600 ,2007JJ00,12134.0,9906.0,2228.0,11915.0,5.5,5.7,5.6,30.4,24.8,29.9,17.7,14.4,17.4,2.2,2.4,2.2,2.0,2.2,2.0,399.0,687.0,,,,3.3,3.5,690.0,267.0,424.0,,,,,,,3.6,47 Retail trade (not in motor vehicles),Retail trade (not in motor vehicles),11,2007
1423,371600 ,2008JJ00,12679.0,10251.0,2428.0,12455.0,4.5,3.5,4.5,31.3,25.3,30.8,18.2,14.8,17.9,3.0,2.1,3.1,3.3,2.3,3.3,405.0,695.0,,,,1.4,1.2,705.0,270.0,436.0,,,,,,,2.2,47 Retail trade (not in motor vehicles),Retail trade (not in motor vehicles),11,2008
1424,371600 ,2009JJ00,12713.0,10302.0,2411.0,12467.0,0.3,0.5,0.1,32.2,26.1,31.6,18.7,15.2,18.4,2.8,3.0,2.6,2.6,2.8,2.4,395.0,679.0,,,,-2.4,-2.2,704.0,269.0,434.0,,,,,,,-0.2,47 Retail trade (not in motor vehicles),Retail trade (not in motor vehicles),11,2009
1425,371600 ,2010JJ00,12799.0,10429.0,2370.0,12551.0,0.7,1.2,0.7,32.8,26.7,32.1,19.2,15.7,18.8,1.8,2.3,1.8,2.6,3.2,2.6,390.0,666.0,776.0,767.0,10.0,-1.1,-1.9,706.0,263.0,444.0,184.0,112.0,72.0,522.0,151.0,372.0,0.4,47 Retail trade (not in motor vehicles),Retail trade (not in motor vehicles),11,2010
1426,371600 ,2011JJ00,13091.0,10642.0,2449.0,12898.0,2.3,2.0,2.8,33.5,27.2,33.0,19.4,15.8,19.1,2.2,1.9,2.7,1.1,0.9,1.6,391.0,674.0,779.0,769.0,10.0,0.1,1.2,720.0,269.0,451.0,178.0,109.0,68.0,542.0,160.0,382.0,1.9,47 Retail trade (not in motor vehicles),Retail trade (not in motor vehicles),11,2011
1427,371600 ,2012JJ00,13261.0,10646.0,2615.0,13104.0,1.3,0.0,1.6,34.5,27.7,34.0,20.1,16.1,19.8,2.9,1.6,3.2,3.2,2.0,3.5,385.0,661.0,770.0,761.0,9.0,-1.5,-1.9,719.0,270.0,449.0,170.0,106.0,65.0,548.0,164.0,384.0,-0.2,47 Retail trade (not in motor vehicles),Retail trade (not in motor vehicles),11,2012
1428,371600 ,2013JJ00,13217.0,10573.0,2644.0,13112.0,-0.3,-0.7,0.1,35.0,28.0,34.7,20.3,16.2,20.1,1.6,1.2,2.0,1.1,0.8,1.5,378.0,652.0,759.0,749.0,10.0,-1.9,-1.4,712.0,268.0,444.0,164.0,102.0,62.0,548.0,166.0,382.0,-0.9,47 Retail trade (not in motor vehicles),Retail trade (not in motor vehicles),11,2013
1429,371600 ,2014JJ00,13441.0,10670.0,2771.0,13389.0,1.7,0.9,2.1,35.7,28.3,35.6,20.5,16.3,20.5,2.0,1.3,2.5,1.2,0.5,1.6,376.0,655.0,758.0,748.0,10.0,-0.3,0.5,720.0,272.0,447.0,159.0,100.0,59.0,561.0,172.0,389.0,1.0,47 Retail trade (not in motor vehicles),Retail trade (not in motor vehicles),11,2014
1430,371600 ,2015JJ00,13575.0,10827.0,2748.0,13523.0,1.0,1.5,1.0,35.8,28.6,35.7,20.6,16.4,20.5,0.4,0.8,0.4,0.2,0.7,0.2,379.0,660.0,766.0,756.0,11.0,0.6,0.8,733.0,277.0,456.0,154.0,97.0,56.0,579.0,180.0,399.0,1.9,47 Retail trade (not in motor vehicles),Retail trade (not in motor vehicles),11,2015
1431,371600 ,2016JJ00,13878.0,11041.0,2837.0,13817.0,2.2,2.0,2.2,35.7,28.4,35.6,20.6,16.4,20.5,-0.3,-0.5,-0.4,0.1,-0.2,0.0,388.0,674.0,784.0,775.0,8.0,2.5,2.2,738.0,280.0,457.0,152.0,96.0,55.0,586.0,184.0,402.0,0.6,47 Retail trade (not in motor vehicles),Retail trade (not in motor vehicles),11,2016
1432,371600 ,2017JJ00,14516.0,11470.0,3046.0,14401.0,4.6,3.9,4.2,36.0,28.4,35.7,21.0,16.6,20.8,0.7,0.0,0.3,1.9,1.2,1.5,404.0,692.0,807.0,799.0,8.0,3.9,2.7,756.0,289.0,467.0,152.0,100.0,52.0,604.0,189.0,415.0,2.5,47 Retail trade (not in motor vehicles),Retail trade (not in motor vehicles),11,2017
1433,371600 ,2018JJ00,15236.0,12002.0,3234.0,15094.0,5.0,4.6,4.8,36.4,28.7,36.0,21.4,16.9,21.2,1.1,0.8,1.0,2.1,1.8,2.0,419.0,711.0,839.0,832.0,7.0,3.8,2.8,776.0,298.0,479.0,159.0,103.0,55.0,618.0,194.0,423.0,2.7,47 Retail trade (not in motor vehicles),Retail trade (not in motor vehicles),11,2018
1434,371600 ,2019JJ00,15901.0,12403.0,3498.0,15766.0,4.4,3.3,4.4,37.6,29.4,37.3,22.0,17.2,21.8,3.4,2.4,3.5,2.8,1.8,2.9,423.0,722.0,849.0,842.0,7.0,0.9,1.5,780.0,300.0,479.0,157.0,103.0,55.0,622.0,198.0,425.0,0.4,47 Retail trade (not in motor vehicles),Retail trade (not in motor vehicles),11,2019
1435,371600 ,2020JJ00,16423.0,12746.0,3677.0,15844.0,3.3,2.8,0.5,38.4,29.8,37.0,23.8,18.4,22.9,2.0,1.5,-0.8,7.8,7.3,4.9,428.0,691.0,864.0,859.0,5.0,1.3,-4.2,787.0,306.0,480.0,157.0,104.0,53.0,629.0,202.0,427.0,0.9,47 Retail trade (not in motor vehicles),Retail trade (not in motor vehicles),11,2020
1436,371600 ,2021JJ00,17081.0,13209.0,3872.0,16546.0,4.0,3.6,4.4,39.4,30.4,38.1,24.3,18.8,23.6,2.6,2.2,3.0,2.4,2.0,2.8,434.0,702.0,869.0,865.0,4.0,1.4,1.6,795.0,311.0,484.0,163.0,108.0,56.0,632.0,204.0,428.0,1.0,47 Retail trade (not in motor vehicles),Retail trade (not in motor vehicles),11,2021
1437,371600 ,2022JJ00,18474.0,14177.0,4297.0,18260.0,8.1,7.3,10.4,41.4,31.8,40.9,24.5,18.8,24.2,5.2,4.4,7.3,0.9,0.1,2.9,446.0,753.0,894.0,890.0,4.0,2.8,7.2,808.0,321.0,487.0,170.0,111.0,59.0,638.0,210.0,428.0,1.7,47 Retail trade (not in motor vehicles),Retail trade (not in motor vehicles),11,2022
1438,371600 ,2023JJ00,19877.0,15315.0,4562.0,19675.0,7.6,8.0,7.8,44.6,34.3,44.1,26.5,20.4,26.2,7.6,8.0,7.8,7.9,8.3,8.1,446.0,751.0,893.0,889.0,4.0,0.0,-0.3,810.0,323.0,487.0,168.0,109.0,60.0,642.0,215.0,427.0,0.3,47 Retail trade (not in motor vehicles),Retail trade (not in motor vehicles),11,2023
1439,371600 ,2024JJ00,21317.0,16278.0,5039.0,21151.0,7.2,6.3,7.5,48.4,37.0,48.1,28.6,21.9,28.4,8.7,7.7,9.0,8.2,7.2,8.5,440.0,744.0,885.0,881.0,3.0,-1.3,-0.9,807.0,326.0,481.0,164.0,106.0,58.0,643.0,220.0,423.0,-0.4,47 Retail trade (not in motor vehicles),Retail trade (not in motor vehicles),11,2024
1440,383100 ,1995JJ00,10004.0,8127.0,1877.0,9974.0,,,,34.5,28.1,34.4,19.0,15.4,18.9,,,,,,,290.0,528.0,,,,,,335.0,271.0,64.0,,,,,,,,H Transportation and storage,Transportation and storage,3,1995
1441,383100 ,1996JJ00,10366.0,8428.0,1938.0,10297.0,3.6,3.7,3.2,35.5,28.9,35.3,19.4,15.8,19.3,2.9,3.0,2.5,2.2,2.3,1.8,292.0,535.0,,,,0.7,1.4,337.0,271.0,67.0,,,,,,,0.7,H Transportation and storage,Transportation and storage,3,1996
1442,383100 ,1997JJ00,10799.0,8856.0,1943.0,10698.0,4.2,5.1,3.9,36.4,29.9,36.1,19.9,16.3,19.7,2.5,3.4,2.2,2.8,3.6,2.5,296.0,542.0,,,,1.6,1.4,344.0,274.0,70.0,,,,,,,1.9,H Transportation and storage,Transportation and storage,3,1997
1443,383100 ,1998JJ00,11609.0,8796.0,2813.0,11474.0,7.5,-0.7,7.3,38.5,29.2,38.1,21.1,16.0,20.9,5.8,-2.3,5.5,6.0,-2.1,5.7,301.0,550.0,,,,1.6,1.4,350.0,279.0,71.0,,,,,,,1.9,H Transportation and storage,Transportation and storage,3,1998
1444,383100 ,1999JJ00,12399.0,9431.0,2968.0,12260.0,6.8,7.2,6.8,39.8,30.3,39.3,21.7,16.5,21.5,3.2,3.6,3.3,2.8,3.2,2.9,312.0,571.0,,,,3.5,3.9,364.0,286.0,78.0,,,,,,,4.0,H Transportation and storage,Transportation and storage,3,1999
1445,383100 ,2000JJ00,13143.0,9964.0,3179.0,12995.0,6.0,5.7,6.0,41.0,31.1,40.6,22.6,17.1,22.4,3.2,2.8,3.2,4.2,3.9,4.2,320.0,581.0,,,,2.7,1.7,375.0,292.0,83.0,,,,,,,3.0,H Transportation and storage,Transportation and storage,3,2000
1446,383100 ,2001JJ00,13700.0,10532.0,3168.0,13532.0,4.2,5.7,4.1,43.2,33.2,42.6,23.1,17.8,22.9,5.1,6.6,5.0,2.3,3.8,2.2,317.0,592.0,,,,-0.9,1.9,383.0,297.0,86.0,,,,,,,2.1,H Transportation and storage,Transportation and storage,3,2001
1447,383100 ,2002JJ00,14223.0,10951.0,3272.0,14036.0,3.8,4.0,3.7,44.8,34.5,44.2,24.2,18.7,23.9,3.8,4.0,3.7,4.8,4.9,4.7,318.0,587.0,,,,0.0,-0.9,388.0,300.0,88.0,,,,,,,1.2,H Transportation and storage,Transportation and storage,3,2002
1448,383100 ,2003JJ00,14603.0,11166.0,3437.0,14451.0,2.7,2.0,3.0,46.4,35.5,46.0,25.0,19.1,24.7,3.7,2.9,4.0,3.1,2.4,3.4,314.0,584.0,,,,-1.0,-0.4,388.0,300.0,88.0,,,,,,,0.1,H Transportation and storage,Transportation and storage,3,2003
1449,383100 ,2004JJ00,14790.0,11289.0,3501.0,14602.0,1.3,1.1,1.0,47.4,36.2,46.8,25.1,19.1,24.7,2.1,1.9,1.9,0.3,0.1,0.0,312.0,590.0,,,,-0.8,1.0,384.0,297.0,87.0,,,,,,,-1.0,H Transportation and storage,Transportation and storage,3,2004
1450,383100 ,2005JJ00,14707.0,11365.0,3342.0,14551.0,-0.6,0.7,-0.4,47.8,36.9,47.3,25.4,19.7,25.2,0.8,2.1,1.0,1.5,2.8,1.7,308.0,578.0,,,,-1.4,-2.1,379.0,295.0,85.0,,,,,,,-1.2,H Transportation and storage,Transportation and storage,3,2005
1451,383100 ,2006JJ00,14747.0,11547.0,3200.0,14611.0,0.3,1.6,0.4,48.3,37.9,47.9,25.8,20.2,25.6,1.1,2.5,1.3,1.6,2.9,1.7,305.0,571.0,,,,-0.9,-1.3,376.0,291.0,86.0,,,,,,,-0.8,H Transportation and storage,Transportation and storage,3,2006
1452,383100 ,2007JJ00,15600.0,12234.0,3366.0,15461.0,5.8,5.9,5.8,50.0,39.2,49.6,26.7,21.0,26.5,3.5,3.7,3.6,3.4,3.6,3.4,312.0,584.0,,,,2.2,2.3,386.0,298.0,88.0,,,,,,,2.5,H Transportation and storage,Transportation and storage,3,2007
1453,383100 ,2008JJ00,16280.0,12606.0,3674.0,16141.0,4.4,3.0,4.4,51.8,40.1,51.4,27.6,21.3,27.3,3.5,2.2,3.5,3.1,1.8,3.1,314.0,591.0,,,,0.8,1.2,388.0,300.0,88.0,,,,,,,0.5,H Transportation and storage,Transportation and storage,3,2008
1454,383100 ,2009JJ00,16312.0,12606.0,3706.0,16142.0,0.2,0.0,0.0,53.0,41.0,52.5,28.3,21.9,28.0,2.4,2.2,2.2,2.6,2.4,2.4,308.0,577.0,,,,-2.2,-2.4,384.0,295.0,89.0,,,,,,,-1.1,H Transportation and storage,Transportation and storage,3,2009
1455,383100 ,2010JJ00,16190.0,12512.0,3678.0,16013.0,-0.8,-0.8,-0.8,53.6,41.4,53.0,28.5,22.1,28.2,1.0,1.0,1.0,0.9,0.9,0.9,302.0,567.0,660.0,616.0,44.0,-1.8,-1.7,376.0,288.0,89.0,234.0,209.0,25.0,142.0,79.0,63.0,-1.9,H Transportation and storage,Transportation and storage,3,2010
1456,383100 ,2011JJ00,16719.0,12862.0,3857.0,16562.0,3.3,2.8,3.4,55.3,42.5,54.7,29.2,22.5,28.9,3.1,2.7,3.3,2.3,1.9,2.5,303.0,572.0,659.0,616.0,43.0,0.1,0.9,380.0,291.0,89.0,228.0,203.0,25.0,152.0,88.0,64.0,1.0,H Transportation and storage,Transportation and storage,3,2011
1457,383100 ,2012JJ00,16818.0,12847.0,3971.0,16656.0,0.6,-0.1,0.6,56.5,43.2,56.0,30.1,23.0,29.8,2.3,1.6,2.3,3.1,2.3,3.1,298.0,559.0,649.0,609.0,40.0,-1.7,-2.4,378.0,286.0,91.0,222.0,197.0,25.0,155.0,89.0,66.0,-0.8,H Transportation and storage,Transportation and storage,3,2012
1458,383100 ,2013JJ00,16946.0,12925.0,4021.0,16836.0,0.8,0.6,1.1,57.6,44.0,57.3,30.8,23.5,30.6,2.0,1.8,2.3,2.3,2.2,2.6,294.0,550.0,644.0,605.0,39.0,-1.2,-1.5,373.0,281.0,92.0,222.0,197.0,25.0,151.0,84.0,67.0,-1.2,H Transportation and storage,Transportation and storage,3,2013
1459,383100 ,2014JJ00,16780.0,12816.0,3964.0,16695.0,-1.0,-0.8,-0.9,58.0,44.3,57.7,30.8,23.5,30.6,0.6,0.7,0.7,-0.1,0.1,0.1,289.0,545.0,633.0,596.0,38.0,-1.5,-0.9,367.0,276.0,91.0,216.0,191.0,25.0,151.0,85.0,66.0,-1.5,H Transportation and storage,Transportation and storage,3,2014
1460,383100 ,2015JJ00,17059.0,13180.0,3879.0,16978.0,1.7,2.8,1.7,58.8,45.4,58.5,31.4,24.3,31.3,1.4,2.6,1.4,2.0,3.2,2.1,290.0,543.0,635.0,597.0,38.0,0.3,-0.3,366.0,275.0,92.0,218.0,193.0,25.0,149.0,82.0,67.0,-0.3,H Transportation and storage,Transportation and storage,3,2015
1461,383100 ,2016JJ00,17752.0,13597.0,4155.0,17656.0,4.1,3.2,4.0,59.9,45.9,59.6,31.9,24.4,31.7,2.0,1.1,1.9,1.4,0.5,1.3,296.0,557.0,650.0,610.0,40.0,2.0,2.7,368.0,276.0,92.0,225.0,199.0,26.0,143.0,77.0,66.0,0.4,H Transportation and storage,Transportation and storage,3,2016
1462,383100 ,2017JJ00,18133.0,13955.0,4178.0,18036.0,2.1,2.6,2.1,59.8,46.1,59.5,32.0,24.6,31.9,-0.2,0.3,-0.1,0.5,1.0,0.6,303.0,566.0,662.0,621.0,41.0,2.3,1.6,372.0,280.0,93.0,230.0,202.0,28.0,142.0,78.0,65.0,1.2,H Transportation and storage,Transportation and storage,3,2017
1463,383100 ,2018JJ00,19336.0,14718.0,4618.0,19257.0,6.6,5.5,6.8,61.4,46.7,61.1,33.1,25.2,33.0,2.6,1.5,2.7,3.4,2.2,3.5,315.0,584.0,687.0,646.0,41.0,3.9,3.2,388.0,289.0,99.0,237.0,207.0,30.0,151.0,82.0,69.0,4.1,H Transportation and storage,Transportation and storage,3,2018
1464,383100 ,2019JJ00,20422.0,15557.0,4865.0,20354.0,5.6,5.7,5.7,62.9,47.9,62.7,34.0,25.9,33.9,2.5,2.6,2.6,2.6,2.7,2.7,324.0,601.0,706.0,666.0,39.0,3.0,2.9,395.0,295.0,100.0,243.0,212.0,32.0,152.0,84.0,68.0,1.9,H Transportation and storage,Transportation and storage,3,2019
1465,383100 ,2020JJ00,20423.0,15524.0,4899.0,19083.0,0.0,-0.2,-6.2,63.7,48.4,59.5,36.6,27.8,34.2,1.1,0.9,-5.2,7.8,7.6,1.1,321.0,558.0,698.0,662.0,36.0,-1.1,-7.2,385.0,290.0,95.0,239.0,208.0,32.0,146.0,82.0,64.0,-2.5,H Transportation and storage,Transportation and storage,3,2020
1466,383100 ,2021JJ00,21090.0,15988.0,5102.0,19991.0,3.3,3.0,4.8,64.8,49.2,61.5,35.7,27.1,33.9,1.9,1.6,3.3,-2.5,-2.7,-1.1,325.0,590.0,707.0,668.0,40.0,1.4,5.9,390.0,294.0,96.0,243.0,210.0,33.0,146.0,84.0,62.0,1.1,H Transportation and storage,Transportation and storage,3,2021
1467,383100 ,2022JJ00,22625.0,17030.0,5595.0,22410.0,7.3,6.5,12.1,67.5,50.8,66.8,37.0,27.9,36.7,4.1,3.4,8.8,3.7,2.9,8.3,335.0,611.0,724.0,686.0,38.0,3.1,3.5,400.0,300.0,100.0,251.0,214.0,37.0,148.0,86.0,63.0,2.7,H Transportation and storage,Transportation and storage,3,2022
1468,383100 ,2023JJ00,24703.0,18615.0,6088.0,24598.0,9.2,9.3,9.8,72.3,54.5,72.0,40.3,30.3,40.1,7.1,7.2,7.7,8.7,8.8,9.3,342.0,614.0,734.0,699.0,35.0,1.9,0.5,407.0,304.0,103.0,255.0,215.0,40.0,152.0,89.0,63.0,1.8,H Transportation and storage,Transportation and storage,3,2023
1469,383100 ,2024JJ00,25997.0,19622.0,6375.0,25835.0,5.2,5.4,5.0,76.1,57.4,75.6,42.0,31.7,41.7,5.3,5.5,5.1,4.3,4.5,4.1,342.0,619.0,737.0,702.0,35.0,-0.1,0.9,408.0,305.0,103.0,250.0,210.0,40.0,158.0,95.0,63.0,0.3,H Transportation and storage,Transportation and storage,3,2024
1470,383200 ,1995JJ00,4710.0,3939.0,771.0,4707.0,,,,32.5,27.1,32.4,16.1,13.5,16.1,,,,,,,145.0,292.0,,,,,,166.0,144.0,22.0,,,,,,,,49 Land transport,Land transport,12,1995
1471,383200 ,1996JJ00,4864.0,4089.0,775.0,4832.0,3.3,3.8,2.7,33.4,28.1,33.2,16.5,13.9,16.4,2.9,3.4,2.3,2.4,2.9,1.8,146.0,294.0,,,,0.4,0.9,167.0,144.0,23.0,,,,,,,0.6,49 Land transport,Land transport,12,1996
1472,383200 ,1997JJ00,4964.0,4242.0,722.0,4910.0,2.1,3.7,1.6,34.0,29.1,33.6,16.8,14.4,16.6,1.8,3.5,1.4,1.6,3.3,1.2,146.0,296.0,,,,0.2,0.4,167.0,145.0,22.0,,,,,,,0.3,49 Land transport,Land transport,12,1997
1473,383200 ,1998JJ00,5480.0,4251.0,1229.0,5402.0,10.4,0.2,10.0,36.7,28.5,36.2,18.2,14.1,17.9,7.9,-2.1,7.5,8.4,-1.6,8.0,149.0,301.0,,,,2.4,1.9,172.0,148.0,24.0,,,,,,,2.6,49 Land transport,Land transport,12,1998
1474,383200 ,1999JJ00,5852.0,4540.0,1312.0,5769.0,6.8,6.8,6.8,38.0,29.5,37.5,18.8,14.6,18.5,3.7,3.7,3.7,3.2,3.2,3.2,154.0,312.0,,,,3.0,3.5,178.0,151.0,26.0,,,,,,,3.6,49 Land transport,Land transport,12,1999
1475,383200 ,2000JJ00,6313.0,4831.0,1482.0,6227.0,7.9,6.4,7.9,39.9,30.5,39.4,19.9,15.2,19.6,4.9,3.5,5.0,5.7,4.3,5.8,158.0,318.0,,,,2.8,2.0,184.0,155.0,29.0,,,,,,,3.4,49 Land transport,Land transport,12,2000
1476,383200 ,2001JJ00,6511.0,5090.0,1421.0,6419.0,3.1,5.3,3.1,40.3,31.5,39.7,20.0,15.7,19.7,1.0,3.2,1.0,0.9,3.1,0.8,161.0,325.0,,,,2.1,2.2,189.0,158.0,30.0,,,,,,,2.6,49 Land transport,Land transport,12,2001
1477,383200 ,2002JJ00,6643.0,5222.0,1421.0,6543.0,2.1,2.6,2.0,41.5,32.7,40.9,21.0,16.5,20.7,3.1,3.6,3.0,4.8,5.3,4.7,160.0,317.0,,,,-1.0,-2.6,191.0,160.0,30.0,,,,,,,1.2,49 Land transport,Land transport,12,2002
1478,383200 ,2003JJ00,6823.0,5323.0,1500.0,6751.0,2.7,1.9,3.2,42.8,33.4,42.4,21.5,16.8,21.2,3.1,2.3,3.5,2.3,1.5,2.8,159.0,318.0,,,,-0.3,0.4,193.0,161.0,32.0,,,,,,,1.0,49 Land transport,Land transport,12,2003
1479,383200 ,2004JJ00,6812.0,5296.0,1516.0,6707.0,-0.2,-0.5,-0.7,43.4,33.8,42.8,21.5,16.7,21.2,1.5,1.1,1.0,0.1,-0.3,-0.4,157.0,317.0,,,,-1.6,-0.2,189.0,158.0,31.0,,,,,,,-2.0,49 Land transport,Land transport,12,2004
1480,383200 ,2005JJ00,6725.0,5269.0,1456.0,6642.0,-1.3,-0.5,-1.0,43.8,34.4,43.3,21.7,17.0,21.4,0.9,1.7,1.2,0.9,1.7,1.2,153.0,310.0,,,,-2.2,-2.2,184.0,157.0,28.0,,,,,,,-2.6,49 Land transport,Land transport,12,2005
1481,383200 ,2006JJ00,6761.0,5356.0,1405.0,6693.0,0.6,1.7,0.8,44.4,35.1,43.9,22.0,17.4,21.8,1.2,2.3,1.4,1.4,2.5,1.6,152.0,307.0,,,,-0.6,-0.8,183.0,155.0,29.0,,,,,,,-0.4,49 Land transport,Land transport,12,2006
1482,383200 ,2007JJ00,7217.0,5723.0,1494.0,7148.0,6.8,6.8,6.8,46.1,36.5,45.6,22.9,18.1,22.7,3.9,4.0,3.9,4.0,4.1,4.1,157.0,316.0,,,,2.8,2.6,189.0,159.0,30.0,,,,,,,3.2,49 Land transport,Land transport,12,2007
1483,383200 ,2008JJ00,7550.0,5903.0,1647.0,7483.0,4.6,3.2,4.7,47.4,37.0,47.0,23.4,18.3,23.2,2.8,1.4,2.9,2.3,0.9,2.4,159.0,323.0,,,,1.7,2.2,190.0,161.0,30.0,,,,,,,0.6,49 Land transport,Land transport,12,2008
1484,383200 ,2009JJ00,7378.0,5802.0,1576.0,7298.0,-2.3,-1.7,-2.5,47.8,37.6,47.3,23.7,18.6,23.5,1.0,1.5,0.8,1.3,1.9,1.1,154.0,311.0,,,,-3.2,-3.6,185.0,156.0,29.0,,,,,,,-2.9,49 Land transport,Land transport,12,2009
1485,383200 ,2010JJ00,7545.0,5850.0,1695.0,7455.0,2.2,0.8,2.1,49.0,38.0,48.5,24.3,18.8,24.0,2.5,1.1,2.4,2.3,0.9,2.2,154.0,311.0,353.0,316.0,38.0,-0.3,-0.1,183.0,154.0,30.0,124.0,115.0,9.0,60.0,39.0,21.0,-0.7,49 Land transport,Land transport,12,2010
1486,383200 ,2011JJ00,7717.0,5971.0,1746.0,7641.0,2.3,2.1,2.5,50.4,39.0,49.9,24.7,19.1,24.5,2.7,2.5,2.9,1.9,1.7,2.1,153.0,312.0,351.0,314.0,37.0,-0.4,0.4,184.0,155.0,30.0,120.0,111.0,9.0,64.0,43.0,21.0,0.4,49 Land transport,Land transport,12,2011
1487,383200 ,2012JJ00,7684.0,5901.0,1783.0,7610.0,-0.4,-1.2,-0.4,51.8,39.7,51.3,25.7,19.7,25.5,2.8,2.0,2.8,4.0,3.2,4.0,148.0,299.0,340.0,305.0,34.0,-3.1,-4.3,179.0,150.0,29.0,115.0,106.0,9.0,64.0,44.0,21.0,-2.8,49 Land transport,Land transport,12,2012
1488,383200 ,2013JJ00,7492.0,5781.0,1711.0,7450.0,-2.5,-2.0,-2.1,52.2,40.3,51.9,26.0,20.1,25.9,0.8,1.3,1.3,1.2,1.7,1.6,144.0,288.0,329.0,297.0,33.0,-3.3,-3.6,171.0,143.0,28.0,113.0,105.0,8.0,58.0,39.0,20.0,-4.4,49 Land transport,Land transport,12,2013
1489,383200 ,2014JJ00,7471.0,5728.0,1743.0,7441.0,-0.3,-0.9,-0.1,53.3,40.9,53.1,26.4,20.3,26.3,2.2,1.5,2.3,1.5,0.9,1.7,140.0,283.0,321.0,290.0,31.0,-2.4,-1.8,167.0,140.0,27.0,109.0,101.0,8.0,58.0,39.0,19.0,-2.6,49 Land transport,Land transport,12,2014
1490,383200 ,2015JJ00,7625.0,5877.0,1748.0,7605.0,2.1,2.6,2.2,54.0,41.6,53.9,27.0,20.8,26.9,1.2,1.8,1.4,2.1,2.6,2.2,141.0,283.0,324.0,292.0,32.0,0.8,0.0,167.0,141.0,26.0,111.0,103.0,8.0,56.0,38.0,18.0,0.1,49 Land transport,Land transport,12,2015
1491,383200 ,2016JJ00,7993.0,6137.0,1856.0,7969.0,4.8,4.4,4.8,55.3,42.5,55.2,27.4,21.0,27.3,2.4,2.0,2.4,1.6,1.2,1.5,145.0,292.0,332.0,299.0,34.0,2.3,3.2,169.0,143.0,26.0,116.0,108.0,8.0,53.0,35.0,18.0,1.3,49 Land transport,Land transport,12,2016
1492,383200 ,2017JJ00,8185.0,6280.0,1905.0,8161.0,2.4,2.3,2.4,55.8,42.8,55.6,27.8,21.4,27.8,0.9,0.8,0.9,1.6,1.6,1.6,147.0,294.0,336.0,302.0,35.0,1.5,0.7,172.0,145.0,27.0,117.0,109.0,8.0,55.0,36.0,19.0,1.6,49 Land transport,Land transport,12,2017
1493,383200 ,2018JJ00,8634.0,6582.0,2052.0,8614.0,5.5,4.8,5.6,57.5,43.8,57.3,28.9,22.0,28.8,3.0,2.3,3.0,3.8,3.2,3.9,150.0,299.0,344.0,309.0,35.0,2.4,1.6,175.0,147.0,28.0,119.0,111.0,9.0,55.0,36.0,19.0,1.6,49 Land transport,Land transport,12,2018
1494,383200 ,2019JJ00,9144.0,6926.0,2218.0,9125.0,5.9,5.2,5.9,59.3,44.9,59.2,29.9,22.7,29.9,3.2,2.6,3.3,3.6,2.9,3.6,154.0,305.0,351.0,318.0,33.0,2.6,2.2,179.0,150.0,29.0,122.0,113.0,9.0,58.0,38.0,20.0,2.6,49 Land transport,Land transport,12,2019
1495,383200 ,2020JJ00,8969.0,6775.0,2194.0,8763.0,-1.9,-2.2,-4.0,59.1,44.6,57.7,32.2,24.3,31.5,-0.4,-0.7,-2.5,7.5,7.3,5.3,152.0,278.0,344.0,313.0,30.0,-1.5,-8.8,177.0,148.0,29.0,119.0,110.0,9.0,58.0,38.0,20.0,-1.5,49 Land transport,Land transport,12,2020
1496,383200 ,2021JJ00,9304.0,7013.0,2291.0,9151.0,3.8,3.5,4.4,60.4,45.5,59.4,31.3,23.6,30.8,2.2,2.0,2.9,-2.8,-3.0,-2.1,154.0,297.0,350.0,317.0,33.0,1.5,6.7,180.0,151.0,30.0,120.0,110.0,10.0,60.0,40.0,20.0,2.1,49 Land transport,Land transport,12,2021
1497,383200 ,2022JJ00,9846.0,7377.0,2469.0,9803.0,5.8,5.2,7.1,62.5,46.8,62.2,32.2,24.1,32.0,3.5,2.9,4.8,2.8,2.1,4.0,158.0,306.0,356.0,323.0,32.0,2.3,3.0,185.0,154.0,31.0,122.0,111.0,10.0,63.0,42.0,21.0,2.5,49 Land transport,Land transport,12,2022
1498,383200 ,2023JJ00,10377.0,7779.0,2598.0,10345.0,5.4,5.5,5.5,66.0,49.5,65.8,34.6,26.0,34.5,5.6,5.7,5.8,7.6,7.7,7.8,157.0,300.0,352.0,322.0,30.0,-0.2,-2.1,185.0,153.0,32.0,121.0,110.0,11.0,64.0,43.0,21.0,0.0,49 Land transport,Land transport,12,2023
1499,383200 ,2024JJ00,10919.0,8213.0,2706.0,10841.0,5.2,5.6,4.8,69.6,52.4,69.1,36.1,27.2,35.9,5.5,5.8,5.0,4.3,4.6,3.9,157.0,302.0,353.0,323.0,29.0,-0.2,0.9,185.0,153.0,32.0,118.0,107.0,11.0,67.0,45.0,21.0,0.0,49 Land transport,Land transport,12,2024
1500,384900 ,1995JJ00,513.0,429.0,84.0,489.0,,,,45.4,37.9,43.3,25.8,21.6,24.6,,,,,,,11.0,20.0,,,,,,12.0,10.0,2.0,,,,,,,,50 Water transport,Water transport,12,1995
1501,384900 ,1996JJ00,542.0,458.0,84.0,513.0,5.7,6.9,4.9,45.2,38.2,42.8,25.0,21.2,23.7,-0.4,0.7,-1.1,-2.9,-1.8,-3.6,12.0,22.0,,,,6.2,8.8,13.0,11.0,2.0,,,,,,,9.1,50 Water transport,Water transport,12,1996
1502,384900 ,1997JJ00,560.0,471.0,89.0,527.0,3.3,2.7,2.7,45.9,38.6,43.2,25.6,21.5,24.1,1.6,1.0,1.0,2.3,1.7,1.7,12.0,22.0,,,,1.7,1.0,14.0,11.0,3.0,,,,,,,3.9,50 Water transport,Water transport,12,1997
1503,384900 ,1998JJ00,561.0,439.0,122.0,523.0,0.2,-6.8,-0.7,47.1,36.8,43.9,26.3,20.5,24.5,2.6,-4.6,1.6,2.5,-4.6,1.6,12.0,21.0,,,,-2.3,-2.3,13.0,11.0,3.0,,,,,,,-2.0,50 Water transport,Water transport,12,1998
1504,384900 ,1999JJ00,593.0,467.0,126.0,552.0,5.7,6.4,5.6,47.3,37.2,44.0,26.4,20.8,24.6,0.4,1.1,0.3,0.6,1.3,0.5,13.0,22.0,,,,5.3,5.1,14.0,11.0,3.0,,,,,,,6.7,50 Water transport,Water transport,12,1999
1505,384900 ,2000JJ00,609.0,469.0,140.0,562.0,2.7,0.4,1.8,48.4,37.3,44.7,27.2,20.9,25.1,2.4,0.1,1.5,2.9,0.6,2.0,13.0,22.0,,,,0.3,-0.2,14.0,11.0,3.0,,,,,,,-1.1,50 Water transport,Water transport,12,2000
1506,384900 ,2001JJ00,650.0,506.0,144.0,596.0,6.7,7.9,6.0,48.6,37.9,44.6,27.3,21.2,25.0,0.4,1.6,-0.2,0.4,1.6,-0.3,13.0,24.0,,,,6.2,6.3,15.0,12.0,2.0,,,,,,,5.5,50 Water transport,Water transport,12,2001
1507,384900 ,2002JJ00,689.0,533.0,156.0,633.0,6.1,5.4,6.3,50.9,39.4,46.8,28.5,22.0,26.2,4.7,4.0,4.9,4.3,3.6,4.5,14.0,24.0,,,,1.4,1.7,15.0,13.0,3.0,,,,,,,2.7,50 Water transport,Water transport,12,2002
1508,384900 ,2003JJ00,658.0,511.0,147.0,602.0,-4.6,-4.3,-5.0,51.9,40.3,47.5,28.9,22.4,26.4,2.0,2.3,1.6,1.5,1.8,1.1,13.0,23.0,,,,-6.5,-6.0,14.0,12.0,3.0,,,,,,,-6.0,50 Water transport,Water transport,12,2003
1509,384900 ,2004JJ00,638.0,498.0,140.0,583.0,-3.0,-2.5,-3.1,53.2,41.5,48.6,29.7,23.2,27.1,2.4,3.0,2.3,2.7,3.3,2.6,12.0,22.0,,,,-5.3,-5.6,14.0,11.0,2.0,,,,,,,-5.5,50 Water transport,Water transport,12,2004
1510,384900 ,2005JJ00,650.0,512.0,138.0,595.0,1.8,2.8,2.0,54.6,43.0,50.0,30.9,24.3,28.3,2.6,3.6,2.8,4.0,5.0,4.2,12.0,21.0,,,,-0.7,-2.1,14.0,11.0,2.0,,,,,,,1.1,50 Water transport,Water transport,12,2005
1511,384900 ,2006JJ00,649.0,519.0,130.0,599.0,-0.2,1.3,0.6,55.5,44.4,51.2,31.5,25.2,29.1,1.7,3.2,2.6,2.0,3.5,2.9,12.0,21.0,,,,-1.9,-2.1,14.0,11.0,3.0,,,,,,,-1.4,50 Water transport,Water transport,12,2006
1512,384900 ,2007JJ00,699.0,559.0,140.0,648.0,7.8,7.8,8.3,57.2,45.7,53.0,32.3,25.8,30.0,3.0,3.0,3.4,2.7,2.7,3.1,12.0,22.0,,,,4.7,5.0,14.0,12.0,3.0,,,,,,,4.0,50 Water transport,Water transport,12,2007
1513,384900 ,2008JJ00,754.0,601.0,153.0,699.0,7.9,7.6,7.9,59.0,47.0,54.7,33.2,26.5,30.8,3.1,2.8,3.1,2.8,2.5,2.8,13.0,23.0,,,,4.6,4.9,15.0,12.0,3.0,,,,,,,3.6,50 Water transport,Water transport,12,2008
1514,384900 ,2009JJ00,794.0,644.0,150.0,730.0,5.2,7.1,4.3,59.1,48.0,54.4,33.3,27.0,30.6,0.3,2.1,-0.5,0.2,2.0,-0.7,13.0,24.0,,,,4.9,5.0,15.0,13.0,3.0,,,,,,,3.9,50 Water transport,Water transport,12,2009
1515,384900 ,2010JJ00,816.0,655.0,161.0,753.0,2.8,1.8,3.2,59.6,47.8,55.0,33.8,27.1,31.2,0.7,-0.3,1.1,1.4,0.4,1.8,14.0,24.0,29.0,29.0,0.0,2.1,1.4,15.0,13.0,3.0,12.0,11.0,1.0,3.0,2.0,2.0,1.3,50 Water transport,Water transport,12,2010
1516,384900 ,2011JJ00,829.0,665.0,164.0,766.0,1.6,1.5,1.8,59.7,47.9,55.2,33.7,27.0,31.1,0.2,0.1,0.4,-0.3,-0.4,-0.1,14.0,25.0,29.0,29.0,0.0,1.4,1.9,16.0,13.0,3.0,12.0,11.0,1.0,4.0,2.0,2.0,2.2,50 Water transport,Water transport,12,2011
1517,384900 ,2012JJ00,865.0,692.0,173.0,802.0,4.4,4.1,4.7,62.4,50.0,57.9,35.3,28.3,32.8,4.6,4.3,5.0,4.9,4.7,5.3,14.0,25.0,29.0,29.0,0.0,-0.2,-0.6,16.0,13.0,3.0,12.0,11.0,1.0,4.0,2.0,2.0,-1.5,50 Water transport,Water transport,12,2012
1518,384900 ,2013JJ00,920.0,737.0,183.0,854.0,6.2,6.4,6.3,63.0,50.5,58.5,35.2,28.2,32.7,0.9,1.1,1.0,-0.4,-0.3,-0.3,15.0,26.0,31.0,31.0,0.0,5.3,6.7,16.0,13.0,3.0,13.0,11.0,1.0,3.0,2.0,2.0,3.8,50 Water transport,Water transport,12,2013
1519,384900 ,2014JJ00,912.0,723.0,189.0,851.0,-0.8,-1.9,-0.3,63.8,50.6,59.5,35.9,28.5,33.5,1.3,0.2,1.8,2.0,0.9,2.5,14.0,25.0,31.0,30.0,0.0,-2.1,-2.8,16.0,13.0,3.0,12.0,11.0,1.0,4.0,2.0,2.0,-1.1,50 Water transport,Water transport,12,2014
1520,384900 ,2015JJ00,897.0,719.0,178.0,840.0,-1.5,-0.5,-1.2,63.4,50.8,59.4,35.9,28.8,33.6,-0.6,0.5,-0.2,0.1,1.2,0.5,14.0,25.0,30.0,30.0,0.0,-1.0,-1.7,16.0,13.0,3.0,12.0,11.0,1.0,4.0,2.0,2.0,-1.0,50 Water transport,Water transport,12,2015
1521,384900 ,2016JJ00,912.0,726.0,186.0,854.0,1.7,1.0,1.7,64.2,51.1,60.1,36.3,28.9,34.0,1.2,0.5,1.2,1.0,0.2,0.9,14.0,25.0,30.0,30.0,0.0,0.5,0.7,16.0,13.0,3.0,12.0,11.0,1.0,4.0,2.0,2.0,0.7,50 Water transport,Water transport,12,2016
1522,384900 ,2017JJ00,917.0,731.0,186.0,861.0,0.5,0.6,0.7,64.7,51.5,60.7,35.8,28.5,33.6,0.8,0.9,1.0,-1.3,-1.1,-1.0,14.0,26.0,31.0,30.0,0.0,-0.3,1.8,16.0,13.0,3.0,12.0,11.0,1.0,4.0,2.0,2.0,-0.4,50 Water transport,Water transport,12,2017
1523,384900 ,2018JJ00,903.0,713.0,190.0,841.0,-1.7,-2.5,-2.5,66.0,52.2,61.5,36.9,29.2,34.4,2.1,1.2,1.2,3.1,2.2,2.2,14.0,24.0,30.0,29.0,0.0,-3.7,-4.6,15.0,12.0,3.0,11.0,10.0,1.0,4.0,2.0,2.0,-2.7,50 Water transport,Water transport,12,2018
1524,384900 ,2019JJ00,974.0,768.0,206.0,916.0,8.0,7.7,9.0,68.6,54.1,64.5,38.3,30.2,36.0,3.9,3.7,5.0,3.8,3.5,4.8,14.0,25.0,31.0,30.0,0.0,3.9,4.0,16.0,13.0,3.0,12.0,11.0,1.0,4.0,2.0,2.0,3.4,50 Water transport,Water transport,12,2019
1525,384900 ,2020JJ00,1016.0,801.0,215.0,923.0,4.4,4.4,0.9,71.2,56.1,64.6,43.4,34.2,39.4,3.7,3.6,0.1,13.3,13.3,9.5,14.0,23.0,31.0,31.0,0.0,0.7,-7.8,16.0,13.0,3.0,12.0,11.0,1.0,4.0,2.0,2.0,-0.7,50 Water transport,Water transport,12,2020
1526,384900 ,2021JJ00,1026.0,807.0,219.0,935.0,0.9,0.8,1.2,73.0,57.5,66.6,41.6,32.7,37.9,2.6,2.5,2.9,-4.1,-4.3,-3.9,14.0,25.0,30.0,30.0,0.0,-1.7,5.2,16.0,13.0,3.0,12.0,11.0,1.0,4.0,2.0,2.0,-1.9,50 Water transport,Water transport,12,2021
1527,384900 ,2022JJ00,1105.0,868.0,237.0,1028.0,7.7,7.5,9.9,77.4,60.8,72.0,44.5,35.0,41.4,6.0,5.8,8.2,7.0,6.8,9.2,14.0,25.0,30.0,30.0,0.0,1.6,0.7,16.0,13.0,3.0,12.0,11.0,1.0,4.0,2.0,2.0,3.1,50 Water transport,Water transport,12,2022
1528,384900 ,2023JJ00,1207.0,951.0,256.0,1152.0,9.2,9.6,12.0,83.7,66.0,79.9,48.1,37.9,45.9,8.1,8.5,10.9,8.1,8.4,10.9,14.0,25.0,31.0,30.0,0.0,1.0,1.1,16.0,13.0,4.0,12.0,11.0,1.0,4.0,2.0,2.0,2.1,50 Water transport,Water transport,12,2023
1529,384900 ,2024JJ00,1279.0,1009.0,270.0,1218.0,6.1,6.1,5.9,87.7,69.1,83.5,49.8,39.3,47.4,4.8,4.8,4.5,3.6,3.6,3.4,15.0,26.0,31.0,31.0,0.0,1.3,2.4,17.0,13.0,4.0,12.0,11.0,1.0,5.0,2.0,2.0,1.7,50 Water transport,Water transport,12,2024
1530,386300 ,1995JJ00,1139.0,808.0,331.0,1138.0,,,,59.9,42.5,59.8,36.2,25.7,36.2,,,,,,,19.0,31.0,,,,,,21.0,13.0,8.0,,,,,,,,51 Air transport,"Air transport 
This division includes: 
- the transport of passengers or freight by air.",12,1995
1531,386300 ,1996JJ00,1252.0,882.0,370.0,1252.0,9.8,9.1,9.9,61.0,43.0,61.0,36.6,25.8,36.6,1.9,1.2,2.0,1.1,0.4,1.2,21.0,34.0,,,,7.8,8.6,22.0,14.0,9.0,,,,,,,7.9,51 Air transport,"Air transport 
This division includes: 
- the transport of passengers or freight by air.",12,1996
1532,386300 ,1997JJ00,1388.0,984.0,404.0,1388.0,10.9,11.6,10.9,64.3,45.5,64.3,38.2,27.1,38.2,5.3,6.0,5.3,4.4,5.0,4.4,22.0,36.0,,,,5.3,6.3,24.0,14.0,10.0,,,,,,,5.7,51 Air transport,"Air transport 
This division includes: 
- the transport of passengers or freight by air.",12,1997
1533,386300 ,1998JJ00,1459.0,997.0,462.0,1458.0,5.1,1.4,5.0,65.7,44.9,65.6,38.9,26.6,38.8,2.2,-1.4,2.1,1.7,-1.9,1.7,22.0,38.0,,,,2.8,3.3,24.0,15.0,10.0,,,,,,,4.0,51 Air transport,"Air transport 
This division includes: 
- the transport of passengers or freight by air.",12,1998
1534,386300 ,1999JJ00,1556.0,1072.0,484.0,1558.0,6.6,7.5,6.8,66.9,46.1,67.0,39.5,27.2,39.5,1.9,2.7,2.1,1.5,2.4,1.7,23.0,39.0,,,,4.6,5.0,26.0,15.0,10.0,,,,,,,4.4,51 Air transport,"Air transport 
This division includes: 
- the transport of passengers or freight by air.",12,1999
1535,386300 ,2000JJ00,1621.0,1095.0,526.0,1624.0,4.2,2.2,4.3,69.4,46.9,69.5,41.3,27.9,41.3,3.7,1.7,3.8,4.5,2.5,4.6,23.0,39.0,,,,0.5,-0.3,26.0,15.0,11.0,,,,,,,1.2,51 Air transport,"Air transport 
This division includes: 
- the transport of passengers or freight by air.",12,2000
1536,386300 ,2001JJ00,1571.0,1123.0,448.0,1568.0,-3.1,2.6,-3.4,67.6,48.3,67.4,40.2,28.7,40.1,-2.6,3.0,-3.0,-2.6,3.1,-2.9,23.0,39.0,,,,-0.4,-0.5,26.0,15.0,10.0,,,,,,,0.3,51 Air transport,"Air transport 
This division includes: 
- the transport of passengers or freight by air.",12,2001
1537,386300 ,2002JJ00,1687.0,1188.0,499.0,1692.0,7.4,5.8,7.9,71.4,50.3,71.6,41.7,29.4,41.8,5.6,4.1,6.2,3.7,2.1,4.2,24.0,40.0,,,,1.6,3.6,26.0,16.0,11.0,,,,,,,1.8,51 Air transport,"Air transport 
This division includes: 
- the transport of passengers or freight by air.",12,2002
1538,386300 ,2003JJ00,1754.0,1244.0,510.0,1757.0,3.9,4.7,3.8,73.7,52.3,73.9,43.0,30.5,43.1,3.3,4.1,3.2,3.2,4.0,3.1,24.0,41.0,,,,0.6,0.7,27.0,16.0,11.0,,,,,,,1.9,51 Air transport,"Air transport 
This division includes: 
- the transport of passengers or freight by air.",12,2003
1539,386300 ,2004JJ00,1701.0,1212.0,489.0,1703.0,-3.0,-2.6,-3.1,74.7,53.3,74.8,43.5,31.0,43.5,1.4,1.8,1.3,1.0,1.5,1.0,23.0,39.0,,,,-4.3,-4.0,26.0,16.0,10.0,,,,,,,-4.1,51 Air transport,"Air transport 
This division includes: 
- the transport of passengers or freight by air.",12,2004
1540,386300 ,2005JJ00,1720.0,1247.0,473.0,1726.0,1.2,2.9,1.4,74.4,54.0,74.7,43.9,31.9,44.1,-0.4,1.3,-0.2,1.1,2.8,1.3,23.0,39.0,,,,1.6,0.1,26.0,16.0,11.0,,,,,,,1.8,51 Air transport,"Air transport 
This division includes: 
- the transport of passengers or freight by air.",12,2005
1541,386300 ,2006JJ00,1715.0,1264.0,451.0,1720.0,-0.3,1.4,-0.4,74.6,55.0,74.8,44.1,32.5,44.3,0.2,1.9,0.1,0.4,2.1,0.4,23.0,39.0,,,,-0.5,-0.7,26.0,16.0,11.0,,,,,,,-0.3,51 Air transport,"Air transport 
This division includes: 
- the transport of passengers or freight by air.",12,2006
1542,386300 ,2007JJ00,1783.0,1317.0,466.0,1789.0,4.0,4.2,4.0,75.8,56.0,76.0,44.9,33.1,45.0,1.6,1.9,1.7,1.6,1.9,1.7,24.0,40.0,,,,2.3,2.3,27.0,16.0,11.0,,,,,,,1.6,51 Air transport,"Air transport 
This division includes: 
- the transport of passengers or freight by air.",12,2007
1543,386300 ,2008JJ00,1875.0,1367.0,508.0,1882.0,5.2,3.8,5.2,78.2,57.0,78.5,46.4,33.8,46.6,3.2,1.9,3.3,3.5,2.1,3.5,24.0,40.0,,,,1.9,1.6,27.0,16.0,11.0,,,,,,,1.8,51 Air transport,"Air transport 
This division includes: 
- the transport of passengers or freight by air.",12,2008
1544,386300 ,2009JJ00,2044.0,1421.0,623.0,2047.0,9.0,3.9,8.8,86.9,60.4,87.0,51.5,35.8,51.6,11.1,5.9,10.8,11.1,5.9,10.8,24.0,40.0,,,,-1.9,-1.9,27.0,15.0,12.0,,,,,,,-0.3,51 Air transport,"Air transport 
This division includes: 
- the transport of passengers or freight by air.",12,2009
1545,386300 ,2010JJ00,1772.0,1296.0,476.0,1778.0,-13.3,-8.8,-13.1,83.0,60.7,83.3,49.8,36.4,49.9,-4.4,0.5,-4.3,-3.4,1.5,-3.2,21.0,36.0,45.0,44.0,0.0,-9.3,-10.2,25.0,14.0,10.0,15.0,12.0,4.0,9.0,3.0,7.0,-9.2,51 Air transport,"Air transport 
This division includes: 
- the transport of passengers or freight by air.",12,2010
1546,386300 ,2011JJ00,1843.0,1354.0,489.0,1842.0,4.0,4.5,3.6,83.8,61.5,83.7,49.8,36.6,49.8,0.9,1.4,0.5,0.1,0.6,-0.3,22.0,37.0,46.0,46.0,0.0,3.1,3.9,25.0,15.0,10.0,16.0,12.0,4.0,10.0,3.0,7.0,2.5,51 Air transport,"Air transport 
This division includes: 
- the transport of passengers or freight by air.",12,2011
1547,386300 ,2012JJ00,1801.0,1307.0,494.0,1799.0,-2.3,-3.5,-2.3,83.6,60.7,83.5,49.6,36.0,49.5,-0.2,-1.4,-0.3,-0.5,-1.7,-0.6,22.0,36.0,45.0,45.0,0.0,-2.1,-1.8,25.0,14.0,10.0,15.0,12.0,4.0,10.0,3.0,7.0,-1.9,51 Air transport,"Air transport 
This division includes: 
- the transport of passengers or freight by air.",12,2012
1548,386300 ,2013JJ00,1850.0,1354.0,496.0,1854.0,2.7,3.6,3.0,86.1,63.0,86.3,51.1,37.4,51.2,3.0,3.8,3.3,3.2,4.0,3.5,21.0,36.0,45.0,45.0,0.0,-0.3,-0.4,25.0,14.0,10.0,15.0,12.0,3.0,10.0,3.0,7.0,-0.5,51 Air transport,"Air transport 
This division includes: 
- the transport of passengers or freight by air.",12,2013
1549,386300 ,2014JJ00,1798.0,1304.0,494.0,1803.0,-2.8,-3.7,-2.8,83.3,60.4,83.6,49.2,35.7,49.3,-3.2,-4.0,-3.1,-3.8,-4.7,-3.8,22.0,37.0,46.0,45.0,0.0,0.4,1.0,25.0,14.0,10.0,15.0,11.0,4.0,10.0,3.0,7.0,0.5,51 Air transport,"Air transport 
This division includes: 
- the transport of passengers or freight by air.",12,2014
1550,386300 ,2015JJ00,1832.0,1405.0,427.0,1834.0,1.9,7.8,1.8,84.4,64.7,84.5,50.2,38.5,50.2,1.3,7.1,1.1,2.0,7.9,1.9,22.0,37.0,46.0,46.0,0.0,0.7,-0.1,25.0,14.0,11.0,15.0,11.0,4.0,10.0,3.0,8.0,1.6,51 Air transport,"Air transport 
This division includes: 
- the transport of passengers or freight by air.",12,2015
1551,386300 ,2016JJ00,1957.0,1409.0,548.0,1958.0,6.8,0.3,6.8,90.2,64.9,90.3,53.4,38.4,53.4,6.9,0.3,6.8,6.4,-0.2,6.3,22.0,37.0,46.0,46.0,0.0,-0.1,0.4,25.0,14.0,11.0,15.0,11.0,4.0,10.0,3.0,8.0,-0.2,51 Air transport,"Air transport 
This division includes: 
- the transport of passengers or freight by air.",12,2016
1552,386300 ,2017JJ00,1906.0,1443.0,463.0,1910.0,-2.6,2.4,-2.4,84.1,63.7,84.3,51.4,38.9,51.5,-6.8,-2.0,-6.6,-3.8,1.2,-3.6,23.0,37.0,46.0,46.0,0.0,4.4,1.2,25.0,14.0,12.0,16.0,12.0,5.0,9.0,2.0,7.0,1.6,51 Air transport,"Air transport 
This division includes: 
- the transport of passengers or freight by air.",12,2017
1553,386300 ,2018JJ00,2105.0,1523.0,582.0,2126.0,10.4,5.6,11.3,90.3,65.3,91.2,56.3,40.7,56.8,7.3,2.6,8.2,9.6,4.8,10.4,23.0,37.0,47.0,47.0,0.0,2.9,0.8,26.0,14.0,12.0,16.0,12.0,5.0,10.0,2.0,8.0,3.3,51 Air transport,"Air transport 
This division includes: 
- the transport of passengers or freight by air.",12,2018
1554,386300 ,2019JJ00,2146.0,1626.0,520.0,2174.0,1.9,6.7,2.2,89.4,67.7,90.6,55.5,42.0,56.2,-1.0,3.7,-0.7,-1.4,3.2,-1.1,24.0,39.0,49.0,49.0,0.0,2.9,3.4,27.0,14.0,13.0,17.0,12.0,5.0,10.0,2.0,8.0,2.7,51 Air transport,"Air transport 
This division includes: 
- the transport of passengers or freight by air.",12,2019
1555,386300 ,2020JJ00,2095.0,1566.0,529.0,1283.0,-2.3,-3.6,-41.0,92.8,69.4,56.8,74.3,55.5,45.5,3.8,2.4,-37.2,33.9,32.1,-19.0,23.0,28.0,47.0,47.0,0.0,-5.9,-27.1,26.0,14.0,12.0,15.0,11.0,4.0,12.0,4.0,8.0,-2.5,51 Air transport,"Air transport 
This division includes: 
- the transport of passengers or freight by air.",12,2020
1556,386300 ,2021JJ00,1883.0,1359.0,524.0,1191.0,-10.1,-13.3,-7.2,91.5,66.0,57.9,64.4,46.5,40.7,-1.4,-4.8,1.8,-13.4,-16.4,-10.5,21.0,29.0,42.0,42.0,0.0,-8.8,3.7,23.0,13.0,10.0,14.0,11.0,4.0,9.0,2.0,7.0,-11.9,51 Air transport,"Air transport 
This division includes: 
- the transport of passengers or freight by air.",12,2021
1557,386300 ,2022JJ00,2079.0,1510.0,569.0,2020.0,10.4,11.1,69.7,95.8,69.6,93.1,59.0,42.9,57.3,4.7,5.4,60.8,-8.3,-7.7,40.8,22.0,35.0,44.0,44.0,0.0,5.5,20.5,24.0,13.0,11.0,16.0,11.0,5.0,9.0,2.0,6.0,4.4,51 Air transport,"Air transport 
This division includes: 
- the transport of passengers or freight by air.",12,2022
1558,386300 ,2023JJ00,2584.0,1886.0,698.0,2584.0,24.3,24.9,27.9,105.6,77.1,105.6,65.4,47.7,65.4,10.3,10.8,13.5,10.8,11.4,14.1,24.0,39.0,50.0,49.0,0.0,12.7,12.1,27.0,15.0,13.0,18.0,12.0,5.0,10.0,3.0,7.0,12.7,51 Air transport,"Air transport 
This division includes: 
- the transport of passengers or freight by air.",12,2023
1559,386300 ,2024JJ00,2889.0,2124.0,765.0,2885.0,11.8,12.6,11.7,113.6,83.5,113.4,69.9,51.4,69.8,7.6,8.3,7.4,6.9,7.6,6.7,25.0,41.0,52.0,52.0,0.0,4.0,4.6,28.0,15.0,13.0,18.0,12.0,6.0,10.0,3.0,7.0,3.9,51 Air transport,"Air transport 
This division includes: 
- the transport of passengers or freight by air.",12,2024
1560,386800 ,1995JJ00,2091.0,1648.0,443.0,2091.0,,,,38.2,30.2,38.2,21.3,16.8,21.3,,,,,,,55.0,98.0,,,,,,60.0,49.0,11.0,,,,,,,,"52 Warehousing, services for transport",Warehousing and support activities for transportation,12,1995
1561,386800 ,1996JJ00,2132.0,1679.0,453.0,2129.0,1.9,1.8,1.8,40.5,31.9,40.5,22.6,17.8,22.5,6.0,5.9,5.9,6.0,5.9,5.9,53.0,94.0,,,,-3.8,-3.8,58.0,46.0,11.0,,,,,,,-4.0,"52 Warehousing, services for transport",Warehousing and support activities for transportation,12,1996
1562,386800 ,1997JJ00,2225.0,1791.0,434.0,2221.0,4.4,6.7,4.4,40.7,32.8,40.6,22.7,18.3,22.7,0.4,2.6,0.4,0.7,3.0,0.7,55.0,98.0,,,,4.0,3.6,60.0,48.0,13.0,,,,,,,4.9,"52 Warehousing, services for transport",Warehousing and support activities for transportation,12,1997
1563,386800 ,1998JJ00,2422.0,1832.0,590.0,2417.0,8.8,2.3,8.8,42.7,32.3,42.7,24.0,18.1,23.9,5.0,-1.3,5.0,5.4,-0.9,5.4,57.0,101.0,,,,3.6,3.2,62.0,49.0,13.0,,,,,,,3.2,"52 Warehousing, services for transport",Warehousing and support activities for transportation,12,1998
1564,386800 ,1999JJ00,2610.0,1977.0,633.0,2609.0,7.7,7.9,7.9,44.6,33.8,44.6,24.8,18.8,24.8,4.4,4.5,4.6,3.7,3.8,3.9,58.0,105.0,,,,3.2,3.9,65.0,51.0,14.0,,,,,,,3.8,"52 Warehousing, services for transport",Warehousing and support activities for transportation,12,1999
1565,386800 ,2000JJ00,2662.0,2125.0,537.0,2660.0,2.0,7.5,2.0,43.7,34.9,43.7,24.7,19.7,24.7,-1.9,3.3,-2.0,-0.5,4.8,-0.6,61.0,108.0,,,,4.0,2.6,67.0,53.0,15.0,,,,,,,4.2,"52 Warehousing, services for transport",Warehousing and support activities for transportation,12,2000
1566,386800 ,2001JJ00,2975.0,2294.0,681.0,2974.0,11.8,8.0,11.8,47.3,36.4,47.3,27.0,20.8,27.0,8.0,4.4,8.1,9.4,5.7,9.4,63.0,110.0,,,,3.4,2.2,69.0,53.0,16.0,,,,,,,2.5,"52 Warehousing, services for transport",Warehousing and support activities for transportation,12,2001
1567,386800 ,2002JJ00,3148.0,2455.0,693.0,3130.0,5.8,7.0,5.3,48.8,38.0,48.5,28.0,21.8,27.8,3.2,4.4,2.7,3.6,4.8,3.0,65.0,112.0,,,,2.5,2.2,71.0,54.0,17.0,,,,,,,2.4,"52 Warehousing, services for transport",Warehousing and support activities for transportation,12,2002
1568,386800 ,2003JJ00,3288.0,2559.0,729.0,3277.0,4.5,4.3,4.7,50.4,39.3,50.3,28.9,22.5,28.8,3.4,3.2,3.6,3.3,3.1,3.6,65.0,114.0,,,,1.0,1.1,72.0,55.0,17.0,,,,,,,1.9,"52 Warehousing, services for transport",Warehousing and support activities for transportation,12,2003
1569,386800 ,2004JJ00,3524.0,2722.0,802.0,3515.0,7.2,6.4,7.3,52.3,40.4,52.2,29.0,22.4,28.9,3.7,2.9,3.8,0.2,-0.6,0.3,67.0,122.0,,,,3.3,7.0,74.0,57.0,17.0,,,,,,,3.2,"52 Warehousing, services for transport",Warehousing and support activities for transportation,12,2004
1570,386800 ,2005JJ00,3580.0,2796.0,784.0,3574.0,1.6,2.7,1.6,52.5,41.0,52.4,29.6,23.1,29.5,0.4,1.5,0.5,2.1,3.3,2.2,68.0,121.0,,,,1.2,-0.6,75.0,58.0,17.0,,,,,,,1.3,"52 Warehousing, services for transport",Warehousing and support activities for transportation,12,2005
1571,386800 ,2006JJ00,3604.0,2858.0,746.0,3597.0,0.7,2.2,0.7,53.5,42.4,53.4,30.3,24.0,30.2,1.8,3.3,1.8,2.3,3.8,2.2,67.0,119.0,,,,-1.1,-1.5,75.0,57.0,18.0,,,,,,,-0.8,"52 Warehousing, services for transport",Warehousing and support activities for transportation,12,2006
1572,386800 ,2007JJ00,3870.0,3073.0,797.0,3862.0,7.3,7.5,7.3,55.3,43.9,55.2,31.2,24.8,31.2,3.4,3.6,3.4,3.2,3.3,3.2,70.0,124.0,,,,3.8,4.0,78.0,59.0,19.0,,,,,,,4.5,"52 Warehousing, services for transport",Warehousing and support activities for transportation,12,2007
1573,386800 ,2008JJ00,4032.0,3171.0,861.0,4025.0,4.2,3.2,4.2,57.7,45.4,57.6,32.5,25.6,32.4,4.3,3.3,4.4,4.0,3.0,4.1,70.0,124.0,,,,-0.2,0.1,78.0,59.0,19.0,,,,,,,-0.5,"52 Warehousing, services for transport",Warehousing and support activities for transportation,12,2008
1574,386800 ,2009JJ00,4097.0,3218.0,879.0,4086.0,1.6,1.5,1.5,59.0,46.3,58.8,33.4,26.2,33.3,2.2,2.1,2.1,2.7,2.6,2.6,69.0,123.0,,,,-0.6,-1.1,77.0,58.0,19.0,,,,,,,-0.9,"52 Warehousing, services for transport",Warehousing and support activities for transportation,12,2009
1575,386800 ,2010JJ00,4154.0,3266.0,888.0,4143.0,1.4,1.5,1.4,60.4,47.5,60.2,34.2,26.9,34.1,2.4,2.5,2.4,2.5,2.5,2.5,69.0,121.0,144.0,140.0,4.0,-1.0,-1.0,76.0,58.0,18.0,58.0,49.0,9.0,18.0,9.0,9.0,-1.4,"52 Warehousing, services for transport",Warehousing and support activities for transportation,12,2010
1576,386800 ,2011JJ00,4338.0,3416.0,922.0,4335.0,4.5,4.6,4.7,61.8,48.7,61.8,34.7,27.3,34.7,2.4,2.5,2.6,1.4,1.6,1.6,70.0,125.0,146.0,142.0,4.0,2.0,3.0,78.0,59.0,19.0,57.0,48.0,9.0,21.0,11.0,10.0,2.8,"52 Warehousing, services for transport",Warehousing and support activities for transportation,12,2011
1577,386800 ,2012JJ00,4524.0,3529.0,995.0,4513.0,4.3,3.3,4.1,63.8,49.7,63.6,35.8,27.9,35.7,3.1,2.1,3.0,3.2,2.2,3.0,71.0,126.0,149.0,145.0,4.0,1.1,1.0,79.0,60.0,19.0,58.0,49.0,9.0,21.0,11.0,10.0,1.1,"52 Warehousing, services for transport",Warehousing and support activities for transportation,12,2012
1578,386800 ,2013JJ00,4732.0,3703.0,1029.0,4736.0,4.6,4.9,4.9,64.4,50.4,64.4,36.1,28.2,36.1,0.9,1.3,1.3,0.9,1.2,1.2,74.0,131.0,155.0,151.0,4.0,3.6,3.7,81.0,62.0,20.0,60.0,51.0,10.0,21.0,11.0,10.0,3.3,"52 Warehousing, services for transport",Warehousing and support activities for transportation,12,2013
1579,386800 ,2014JJ00,4876.0,3799.0,1077.0,4883.0,3.0,2.6,3.1,64.9,50.6,65.0,36.1,28.1,36.1,0.8,0.4,0.9,-0.1,-0.5,0.0,75.0,135.0,159.0,154.0,5.0,2.2,3.1,83.0,63.0,20.0,61.0,51.0,10.0,23.0,12.0,11.0,2.5,"52 Warehousing, services for transport",Warehousing and support activities for transportation,12,2014
1580,386800 ,2015JJ00,5047.0,3965.0,1082.0,5046.0,3.5,4.4,3.3,65.4,51.4,65.4,36.6,28.7,36.6,0.8,1.6,0.6,1.4,2.3,1.3,77.0,138.0,163.0,158.0,5.0,2.7,2.1,86.0,65.0,21.0,62.0,52.0,10.0,24.0,13.0,11.0,3.1,"52 Warehousing, services for transport",Warehousing and support activities for transportation,12,2015
1581,386800 ,2016JJ00,5323.0,4156.0,1167.0,5315.0,5.5,4.9,5.4,66.3,51.7,66.2,37.0,28.9,37.0,1.3,0.7,1.2,1.3,0.6,1.1,80.0,144.0,170.0,165.0,5.0,4.2,4.2,89.0,67.0,22.0,65.0,54.0,11.0,25.0,13.0,12.0,3.9,"52 Warehousing, services for transport",Warehousing and support activities for transportation,12,2016
1582,386800 ,2017JJ00,5552.0,4328.0,1224.0,5540.0,4.3,4.1,4.2,66.4,51.8,66.3,37.4,29.1,37.3,0.2,0.1,0.2,0.9,0.7,0.8,84.0,149.0,176.0,171.0,5.0,4.0,3.4,93.0,70.0,23.0,67.0,55.0,11.0,27.0,15.0,12.0,4.4,"52 Warehousing, services for transport",Warehousing and support activities for transportation,12,2017
1583,386800 ,2018JJ00,6026.0,4663.0,1363.0,6013.0,8.5,7.7,8.5,67.3,52.1,67.1,38.0,29.4,37.9,1.3,0.5,1.3,1.6,0.9,1.6,90.0,159.0,189.0,184.0,5.0,7.2,6.8,100.0,74.0,26.0,72.0,59.0,13.0,28.0,15.0,13.0,6.7,"52 Warehousing, services for transport",Warehousing and support activities for transportation,12,2018
1584,386800 ,2019JJ00,6411.0,4930.0,1481.0,6399.0,6.4,5.7,6.4,68.7,52.8,68.5,38.8,29.8,38.7,2.1,1.5,2.1,2.1,1.5,2.2,93.0,165.0,197.0,192.0,5.0,4.2,4.2,104.0,76.0,28.0,74.0,60.0,14.0,29.0,16.0,14.0,4.1,"52 Warehousing, services for transport",Warehousing and support activities for transportation,12,2019
1585,386800 ,2020JJ00,6594.0,5076.0,1518.0,6379.0,2.9,3.0,-0.3,69.4,53.5,67.2,40.4,31.1,39.0,1.1,1.2,-2.0,4.1,4.2,0.9,95.0,163.0,201.0,196.0,4.0,1.7,-1.2,105.0,76.0,28.0,75.0,61.0,15.0,29.0,15.0,14.0,1.1,"52 Warehousing, services for transport",Warehousing and support activities for transportation,12,2020
1586,386800 ,2021JJ00,6980.0,5372.0,1608.0,6830.0,5.8,5.8,7.1,71.5,55.0,70.0,40.4,31.1,39.5,3.0,3.0,4.2,0.1,0.1,1.3,98.0,173.0,206.0,202.0,5.0,2.7,5.7,108.0,78.0,30.0,78.0,62.0,16.0,30.0,16.0,14.0,2.9,"52 Warehousing, services for transport",Warehousing and support activities for transportation,12,2021
1587,386800 ,2022JJ00,7605.0,5791.0,1814.0,7583.0,9.0,7.8,11.1,73.7,56.2,73.5,42.3,32.2,42.2,3.1,2.0,5.0,4.8,3.7,6.7,103.0,180.0,216.0,212.0,4.0,5.7,4.0,114.0,81.0,32.0,82.0,65.0,18.0,31.0,16.0,15.0,5.4,"52 Warehousing, services for transport",Warehousing and support activities for transportation,12,2022
1588,386800 ,2023JJ00,8430.0,6416.0,2014.0,8425.0,10.8,10.8,11.1,78.3,59.6,78.3,45.5,34.6,45.5,6.2,6.1,6.5,7.5,7.5,7.8,108.0,185.0,224.0,220.0,4.0,4.4,3.1,119.0,84.0,35.0,85.0,66.0,19.0,33.0,17.0,16.0,4.4,"52 Warehousing, services for transport",Warehousing and support activities for transportation,12,2023
1589,386800 ,2024JJ00,8742.0,6650.0,2092.0,8740.0,3.7,3.6,3.7,81.4,61.9,81.4,46.9,35.7,46.9,3.9,3.9,4.0,3.1,3.0,3.1,107.0,186.0,225.0,221.0,4.0,-0.2,0.6,119.0,84.0,35.0,83.0,65.0,19.0,35.0,19.0,16.0,0.2,"52 Warehousing, services for transport",Warehousing and support activities for transportation,12,2024
1590,388400 ,1995JJ00,1551.0,1303.0,248.0,1549.0,,,,26.1,21.9,26.1,18.0,15.1,17.9,,,,,,,59.0,86.0,,,,,,76.0,55.0,21.0,,,,,,,,53 Postal and courier activities,Postal and courier activities,12,1995
1591,388400 ,1996JJ00,1576.0,1320.0,256.0,1571.0,1.7,1.3,1.5,25.9,21.7,25.8,17.5,14.6,17.4,-0.6,-1.0,-0.8,-2.7,-3.1,-2.9,61.0,90.0,,,,2.3,4.5,77.0,55.0,22.0,,,,,,,1.2,53 Postal and courier activities,Postal and courier activities,12,1996
1592,388400 ,1997JJ00,1662.0,1368.0,294.0,1652.0,5.4,3.6,5.1,26.8,22.1,26.7,18.4,15.1,18.2,3.5,1.8,3.2,5.0,3.3,4.7,62.0,91.0,,,,1.8,0.4,79.0,56.0,22.0,,,,,,,1.8,53 Postal and courier activities,Postal and courier activities,12,1997
1593,388400 ,1998JJ00,1687.0,1277.0,410.0,1674.0,1.5,-6.7,1.3,27.6,20.9,27.4,19.0,14.4,18.8,3.0,-5.3,2.8,3.3,-5.0,3.1,61.0,89.0,,,,-1.4,-1.8,78.0,56.0,22.0,,,,,,,-0.6,53 Postal and courier activities,Postal and courier activities,12,1998
1594,388400 ,1999JJ00,1788.0,1375.0,413.0,1772.0,6.0,7.7,5.9,28.1,21.6,27.9,19.3,14.8,19.1,1.9,3.5,1.7,1.6,3.2,1.5,64.0,93.0,,,,4.1,4.3,82.0,58.0,24.0,,,,,,,4.5,53 Postal and courier activities,Postal and courier activities,12,1999
1595,388400 ,2000JJ00,1938.0,1444.0,494.0,1922.0,8.4,5.0,8.5,29.7,22.1,29.5,20.7,15.4,20.5,5.5,2.3,5.6,7.3,4.0,7.4,65.0,94.0,,,,2.7,1.0,84.0,58.0,26.0,,,,,,,2.7,53 Postal and courier activities,Postal and courier activities,12,2000
1596,388400 ,2001JJ00,1993.0,1519.0,474.0,1975.0,2.8,5.2,2.8,35.3,26.9,35.0,21.2,16.2,21.0,19.0,21.7,18.9,2.6,4.9,2.5,56.0,94.0,,,,-13.6,0.2,85.0,58.0,27.0,,,,,,,0.7,53 Postal and courier activities,Postal and courier activities,12,2001
1597,388400 ,2002JJ00,2056.0,1553.0,503.0,2038.0,3.2,2.3,3.2,36.8,27.8,36.5,22.1,16.7,21.9,4.1,3.2,4.1,4.3,3.4,4.4,56.0,93.0,,,,-0.9,-1.1,84.0,57.0,27.0,,,,,,,-0.3,53 Postal and courier activities,Postal and courier activities,12,2002
1598,388400 ,2003JJ00,2080.0,1529.0,551.0,2064.0,1.2,-1.6,1.3,38.9,28.6,38.6,23.3,17.1,23.1,5.8,3.0,6.0,5.2,2.4,5.3,53.0,89.0,,,,-4.4,-3.9,82.0,56.0,26.0,,,,,,,-3.0,53 Postal and courier activities,Postal and courier activities,12,2003
1599,388400 ,2004JJ00,2115.0,1561.0,554.0,2094.0,1.7,2.1,1.5,39.9,29.4,39.5,23.3,17.2,23.0,2.4,2.8,2.2,-0.1,0.3,-0.3,53.0,91.0,,,,-0.7,1.8,81.0,55.0,26.0,,,,,,,-0.6,53 Postal and courier activities,Postal and courier activities,12,2004
1600,388400 ,2005JJ00,2032.0,1541.0,491.0,2014.0,-4.0,-1.3,-3.8,39.7,30.1,39.4,23.4,17.7,23.2,-0.3,2.4,-0.2,0.6,3.4,0.7,51.0,87.0,,,,-3.6,-4.5,80.0,54.0,26.0,,,,,,,-1.6,53 Postal and courier activities,Postal and courier activities,12,2005
1601,388400 ,2006JJ00,2018.0,1550.0,468.0,2002.0,-0.7,0.6,-0.6,40.0,30.7,39.6,23.8,18.3,23.6,0.5,1.8,0.6,1.9,3.2,2.0,51.0,85.0,,,,-1.2,-2.5,79.0,53.0,26.0,,,,,,,-1.6,53 Postal and courier activities,Postal and courier activities,12,2006
1602,388400 ,2007JJ00,2031.0,1562.0,469.0,2014.0,0.7,0.8,0.6,41.2,31.7,40.8,24.5,18.8,24.3,3.1,3.2,3.0,2.8,2.9,2.8,49.0,83.0,,,,-2.3,-2.1,78.0,52.0,26.0,,,,,,,-0.8,53 Postal and courier activities,Postal and courier activities,12,2007
1603,388400 ,2008JJ00,2069.0,1564.0,505.0,2052.0,1.8,0.1,1.8,42.8,32.4,42.5,25.5,19.3,25.3,3.9,2.2,4.0,4.2,2.4,4.2,48.0,81.0,,,,-2.0,-2.3,78.0,52.0,26.0,,,,,,,0.2,53 Postal and courier activities,Postal and courier activities,12,2008
1604,388400 ,2009JJ00,1999.0,1521.0,478.0,1981.0,-3.4,-2.7,-3.5,42.6,32.4,42.2,25.2,19.1,24.9,-0.4,0.2,-0.5,-1.4,-0.8,-1.5,47.0,79.0,,,,-3.0,-2.0,80.0,53.0,27.0,,,,,,,2.0,53 Postal and courier activities,Postal and courier activities,12,2009
1605,388400 ,2010JJ00,1903.0,1445.0,458.0,1884.0,-4.8,-5.0,-4.9,42.8,32.5,42.3,25.4,19.3,25.1,0.3,0.1,0.2,0.9,0.6,0.8,45.0,75.0,90.0,88.0,1.0,-5.1,-5.6,77.0,50.0,28.0,25.0,23.0,3.0,52.0,27.0,25.0,-3.2,53 Postal and courier activities,Postal and courier activities,12,2010
1606,388400 ,2011JJ00,1992.0,1456.0,536.0,1978.0,4.7,0.8,5.0,46.0,33.7,45.7,27.1,19.8,26.9,7.7,3.7,8.0,6.7,2.7,7.0,43.0,74.0,87.0,85.0,1.0,-2.8,-1.9,77.0,50.0,28.0,23.0,21.0,2.0,54.0,29.0,25.0,0.1,53 Postal and courier activities,Postal and courier activities,12,2011
1607,388400 ,2012JJ00,1944.0,1418.0,526.0,1932.0,-2.4,-2.6,-2.3,45.5,33.2,45.2,26.8,19.6,26.7,-1.2,-1.4,-1.1,-1.0,-1.2,-0.9,43.0,72.0,86.0,85.0,1.0,-1.2,-1.5,80.0,50.0,30.0,23.0,20.0,3.0,57.0,30.0,27.0,2.7,53 Postal and courier activities,Postal and courier activities,12,2012
1608,388400 ,2013JJ00,1952.0,1350.0,602.0,1942.0,0.4,-4.8,0.6,47.7,33.0,47.5,28.4,19.7,28.3,4.9,-0.5,5.0,6.1,0.5,6.2,41.0,69.0,82.0,81.0,1.0,-4.3,-5.3,80.0,49.0,31.0,21.0,19.0,3.0,59.0,30.0,29.0,0.3,53 Postal and courier activities,Postal and courier activities,12,2013
1609,388400 ,2014JJ00,1723.0,1262.0,461.0,1717.0,-11.7,-6.5,-11.6,44.8,32.8,44.6,26.5,19.4,26.4,-6.1,-0.6,-6.0,-6.7,-1.2,-6.6,38.0,65.0,77.0,76.0,1.0,-5.9,-5.4,76.0,46.0,31.0,20.0,17.0,2.0,57.0,29.0,28.0,-4.1,53 Postal and courier activities,Postal and courier activities,12,2014
1610,388400 ,2015JJ00,1658.0,1214.0,444.0,1653.0,-3.8,-3.8,-3.7,45.9,33.6,45.8,27.3,20.0,27.2,2.5,2.5,2.6,2.8,2.8,2.9,36.0,61.0,73.0,72.0,1.0,-6.2,-6.4,72.0,43.0,30.0,18.0,16.0,2.0,55.0,27.0,28.0,-5.3,53 Postal and courier activities,Postal and courier activities,12,2015
1611,388400 ,2016JJ00,1567.0,1169.0,398.0,1560.0,-5.5,-3.7,-5.7,44.2,33.0,44.0,26.1,19.5,26.0,-3.8,-2.0,-3.9,-4.2,-2.4,-4.3,35.0,60.0,72.0,71.0,1.0,-1.8,-1.4,68.0,40.0,28.0,18.0,15.0,2.0,51.0,25.0,26.0,-5.6,53 Postal and courier activities,Postal and courier activities,12,2016
1612,388400 ,2017JJ00,1573.0,1173.0,400.0,1564.0,0.4,0.4,0.3,43.8,32.7,43.6,25.9,19.3,25.7,-0.8,-0.8,-0.9,-1.1,-1.1,-1.2,36.0,61.0,72.0,71.0,1.0,1.2,1.5,66.0,39.0,27.0,18.0,16.0,2.0,48.0,23.0,25.0,-3.6,53 Postal and courier activities,Postal and courier activities,12,2017
1613,388400 ,2018JJ00,1668.0,1237.0,431.0,1663.0,6.0,5.4,6.3,43.7,32.4,43.6,25.8,19.1,25.7,-0.3,-0.8,0.0,-0.4,-0.9,-0.1,38.0,65.0,77.0,76.0,1.0,6.3,6.4,72.0,42.0,30.0,18.0,16.0,2.0,53.0,26.0,27.0,8.6,53 Postal and courier activities,Postal and courier activities,12,2018
1614,388400 ,2019JJ00,1747.0,1307.0,440.0,1740.0,4.8,5.7,4.7,45.1,33.7,44.9,26.4,19.8,26.3,3.1,4.0,3.0,2.6,3.5,2.5,39.0,66.0,78.0,77.0,1.0,1.6,2.1,69.0,42.0,28.0,19.0,16.0,3.0,51.0,26.0,25.0,-3.1,53 Postal and courier activities,Postal and courier activities,12,2019
1615,388400 ,2020JJ00,1749.0,1306.0,443.0,1735.0,0.1,0.0,-0.3,47.0,35.1,46.6,27.3,20.4,27.1,4.2,4.1,3.8,3.4,3.2,3.0,37.0,64.0,76.0,75.0,1.0,-3.9,-3.2,62.0,39.0,23.0,18.0,16.0,3.0,44.0,23.0,20.0,-10.8,53 Postal and courier activities,Postal and courier activities,12,2020
1616,388400 ,2021JJ00,1897.0,1437.0,460.0,1884.0,8.5,10.0,8.6,48.6,36.8,48.3,28.5,21.6,28.3,3.6,5.0,3.7,4.5,5.9,4.6,39.0,66.0,79.0,78.0,1.0,4.8,3.9,63.0,40.0,23.0,20.0,16.0,3.0,43.0,23.0,20.0,1.6,53 Postal and courier activities,Postal and courier activities,12,2021
1617,388400 ,2022JJ00,1990.0,1484.0,506.0,1976.0,4.8,3.2,4.8,51.6,38.5,51.2,30.6,22.8,30.3,6.0,4.4,6.0,7.0,5.4,7.0,39.0,65.0,78.0,77.0,1.0,-1.1,-2.1,61.0,39.0,22.0,20.0,16.0,3.0,42.0,23.0,19.0,-2.6,53 Postal and courier activities,Postal and courier activities,12,2022
1618,388400 ,2023JJ00,2105.0,1583.0,522.0,2092.0,5.8,6.7,5.9,55.3,41.6,55.0,32.8,24.7,32.6,7.3,8.2,7.4,7.4,8.3,7.5,38.0,64.0,77.0,76.0,1.0,-1.4,-1.5,60.0,40.0,21.0,19.0,16.0,3.0,41.0,24.0,17.0,-1.8,53 Postal and courier activities,Postal and courier activities,12,2023
1619,388400 ,2024JJ00,2168.0,1626.0,542.0,2151.0,3.0,2.7,2.8,58.1,43.6,57.7,34.2,25.7,34.0,5.1,4.8,4.9,4.3,4.0,4.1,37.0,63.0,76.0,75.0,1.0,-2.0,-1.3,60.0,40.0,20.0,19.0,15.0,3.0,41.0,25.0,16.0,-0.8,53 Postal and courier activities,Postal and courier activities,12,2024
1620,389100 ,1995JJ00,3022.0,2653.0,369.0,3012.0,,,,20.9,18.3,20.8,12.8,11.2,12.7,,,,,,,145.0,237.0,,,,,,254.0,117.0,137.0,,,,,,,,I Accommodation and food serving,Accommodation and food service activities,3,1995
1621,389100 ,1996JJ00,3133.0,2749.0,384.0,3096.0,3.7,3.6,2.8,21.6,18.9,21.3,13.1,11.5,12.9,3.4,3.4,2.5,2.5,2.5,1.6,145.0,239.0,,,,0.3,1.1,255.0,120.0,135.0,,,,,,,0.5,I Accommodation and food serving,Accommodation and food service activities,3,1996
1622,389100 ,1997JJ00,3349.0,2977.0,372.0,3283.0,6.9,8.3,6.0,22.9,20.3,22.4,13.9,12.4,13.6,6.0,7.4,5.2,6.2,7.6,5.4,146.0,241.0,,,,0.8,0.6,260.0,121.0,139.0,,,,,,,2.0,I Accommodation and food serving,Accommodation and food service activities,3,1997
1623,389100 ,1998JJ00,3551.0,2979.0,572.0,3458.0,6.0,0.1,5.3,22.9,19.2,22.3,13.9,11.7,13.6,0.2,-5.4,-0.4,0.2,-5.5,-0.5,155.0,255.0,,,,5.8,5.9,271.0,130.0,142.0,,,,,,,4.2,I Accommodation and food serving,Accommodation and food service activities,3,1998
1624,389100 ,1999JJ00,3882.0,3226.0,656.0,3772.0,9.3,8.3,9.1,24.5,20.4,23.8,14.8,12.3,14.4,6.8,5.8,6.6,6.3,5.3,6.1,158.0,262.0,,,,2.4,2.8,277.0,130.0,147.0,,,,,,,2.2,I Accommodation and food serving,Accommodation and food service activities,3,1999
1625,389100 ,2000JJ00,4301.0,3532.0,769.0,4188.0,10.8,9.5,11.0,26.3,21.6,25.6,16.0,13.1,15.6,7.3,6.0,7.5,8.1,6.8,8.3,164.0,269.0,,,,3.3,2.5,293.0,138.0,155.0,,,,,,,5.6,I Accommodation and food serving,Accommodation and food service activities,3,2000
1626,389100 ,2001JJ00,4464.0,3728.0,736.0,4344.0,3.8,5.5,3.7,26.9,22.5,26.2,16.4,13.7,15.9,2.4,4.2,2.4,2.3,4.0,2.2,166.0,273.0,,,,1.3,1.5,300.0,141.0,159.0,,,,,,,2.6,I Accommodation and food serving,Accommodation and food service activities,3,2001
1627,389100 ,2002JJ00,4518.0,3772.0,746.0,4391.0,1.2,1.2,1.1,27.7,23.1,26.9,16.9,14.1,16.4,2.6,2.6,2.5,3.4,3.4,3.2,163.0,267.0,,,,-1.4,-2.1,303.0,143.0,160.0,,,,,,,0.8,I Accommodation and food serving,Accommodation and food service activities,3,2002
1628,389100 ,2003JJ00,4485.0,3733.0,752.0,4385.0,-0.7,-1.0,-0.1,28.4,23.6,27.7,17.1,14.3,16.8,2.6,2.3,3.2,1.3,1.0,1.9,158.0,262.0,,,,-3.2,-2.0,299.0,141.0,158.0,,,,,,,-1.3,I Accommodation and food serving,Accommodation and food service activities,3,2003
1629,389100 ,2004JJ00,4489.0,3764.0,725.0,4383.0,0.1,0.8,-0.1,28.9,24.2,28.2,17.0,14.2,16.6,1.8,2.6,1.7,-0.8,-0.1,-1.0,155.0,264.0,,,,-1.7,0.9,293.0,139.0,154.0,,,,,,,-2.0,I Accommodation and food serving,Accommodation and food service activities,3,2004
1630,389100 ,2005JJ00,4549.0,3841.0,708.0,4460.0,1.3,2.0,1.7,29.3,24.7,28.7,17.4,14.7,17.1,1.3,2.0,1.8,2.4,3.2,2.9,155.0,261.0,,,,0.0,-1.1,295.0,138.0,157.0,,,,,,,0.7,I Accommodation and food serving,Accommodation and food service activities,3,2005
1631,389100 ,2006JJ00,4694.0,4019.0,675.0,4617.0,3.2,4.6,3.5,29.5,25.2,29.0,17.5,15.0,17.2,0.7,2.1,1.0,0.7,2.1,1.1,159.0,268.0,,,,2.5,2.4,303.0,143.0,159.0,,,,,,,2.6,I Accommodation and food serving,Accommodation and food service activities,3,2006
1632,389100 ,2007JJ00,4894.0,4203.0,691.0,4814.0,4.3,4.6,4.3,29.8,25.6,29.3,17.8,15.3,17.5,1.2,1.5,1.2,1.4,1.7,1.4,164.0,275.0,,,,3.1,2.9,316.0,151.0,165.0,,,,,,,4.4,I Accommodation and food serving,Accommodation and food service activities,3,2007
1633,389100 ,2008JJ00,5090.0,4326.0,764.0,5008.0,4.0,3.0,4.0,30.5,25.9,30.0,18.2,15.4,17.9,2.1,1.1,2.2,2.2,1.1,2.2,167.0,280.0,,,,1.8,1.8,322.0,154.0,168.0,,,,,,,1.9,I Accommodation and food serving,Accommodation and food service activities,3,2008
1634,389100 ,2009JJ00,5120.0,4380.0,740.0,5032.0,0.6,1.2,0.5,31.1,26.6,30.5,18.3,15.7,18.0,2.0,2.7,1.9,0.9,1.6,0.8,165.0,279.0,,,,-1.4,-0.3,319.0,154.0,165.0,,,,,,,-0.9,I Accommodation and food serving,Accommodation and food service activities,3,2009
1635,389100 ,2010JJ00,5275.0,4453.0,822.0,5186.0,3.0,1.7,3.0,31.5,26.6,31.0,18.5,15.6,18.2,1.4,0.0,1.4,0.8,-0.5,0.8,168.0,285.0,333.0,330.0,4.0,1.6,2.2,325.0,155.0,170.0,83.0,56.0,26.0,242.0,99.0,143.0,1.8,I Accommodation and food serving,Accommodation and food service activities,3,2010
1636,389100 ,2011JJ00,5504.0,4646.0,858.0,5429.0,4.4,4.3,4.7,31.8,26.8,31.4,18.5,15.6,18.2,1.0,1.0,1.4,0.0,0.0,0.3,173.0,298.0,345.0,341.0,4.0,3.3,4.4,337.0,163.0,175.0,83.0,58.0,26.0,254.0,105.0,149.0,3.9,I Accommodation and food serving,Accommodation and food service activities,3,2011
1637,389100 ,2012JJ00,5635.0,4718.0,917.0,5573.0,2.4,1.6,2.7,32.2,26.9,31.8,18.9,15.8,18.7,1.2,0.4,1.5,2.3,1.5,2.6,175.0,298.0,350.0,346.0,4.0,1.2,0.1,343.0,165.0,177.0,83.0,58.0,25.0,260.0,108.0,152.0,1.7,I Accommodation and food serving,Accommodation and food service activities,3,2012
1638,389100 ,2013JJ00,5754.0,4796.0,958.0,5707.0,2.1,1.7,2.4,32.6,27.2,32.3,19.1,15.9,18.9,1.3,0.8,1.5,0.8,0.4,1.1,177.0,302.0,355.0,352.0,4.0,0.8,1.3,344.0,166.0,178.0,83.0,57.0,25.0,262.0,109.0,153.0,0.4,I Accommodation and food serving,Accommodation and food service activities,3,2013
1639,389100 ,2014JJ00,6044.0,4974.0,1070.0,6024.0,5.0,3.7,5.6,33.4,27.5,33.3,19.4,16.0,19.3,2.4,1.1,2.9,1.8,0.5,2.3,181.0,312.0,364.0,360.0,4.0,2.6,3.2,356.0,171.0,185.0,82.0,57.0,25.0,274.0,114.0,160.0,3.3,I Accommodation and food serving,Accommodation and food service activities,3,2014
1640,389100 ,2015JJ00,6320.0,5257.0,1063.0,6299.0,4.6,5.7,4.6,33.1,27.6,33.0,19.2,16.0,19.2,-0.7,0.3,-0.7,-0.7,0.3,-0.7,191.0,328.0,385.0,381.0,4.0,5.3,5.4,372.0,179.0,193.0,84.0,58.0,26.0,288.0,121.0,167.0,4.7,I Accommodation and food serving,Accommodation and food service activities,3,2015
1641,389100 ,2016JJ00,6768.0,5594.0,1174.0,6745.0,7.1,6.4,7.1,33.4,27.6,33.3,19.4,16.1,19.4,0.9,0.2,0.9,1.0,0.4,1.0,202.0,348.0,408.0,406.0,1.0,6.1,6.0,389.0,188.0,201.0,89.0,61.0,28.0,300.0,127.0,173.0,4.4,I Accommodation and food serving,Accommodation and food service activities,3,2016
1642,389100 ,2017JJ00,7193.0,5981.0,1212.0,7104.0,6.3,6.9,5.3,33.5,27.8,33.1,19.5,16.2,19.3,0.1,0.7,-0.8,0.3,0.9,-0.6,215.0,369.0,431.0,430.0,1.0,6.1,6.0,407.0,197.0,209.0,97.0,66.0,30.0,310.0,131.0,179.0,4.6,I Accommodation and food serving,Accommodation and food service activities,3,2017
1643,389100 ,2018JJ00,7804.0,6469.0,1335.0,7690.0,8.5,8.1,8.2,34.4,28.5,33.9,20.0,16.6,19.8,2.8,2.5,2.6,2.8,2.5,2.6,227.0,389.0,456.0,455.0,1.0,5.5,5.5,424.0,206.0,218.0,103.0,70.0,33.0,322.0,136.0,185.0,4.4,I Accommodation and food serving,Accommodation and food service activities,3,2018
1644,389100 ,2019JJ00,8353.0,6913.0,1440.0,8245.0,7.0,6.9,7.2,35.5,29.3,35.0,20.6,17.1,20.4,3.0,2.8,3.2,2.9,2.7,3.0,236.0,405.0,474.0,473.0,1.0,3.9,4.1,440.0,215.0,225.0,107.0,73.0,34.0,333.0,142.0,191.0,3.7,I Accommodation and food serving,Accommodation and food service activities,3,2019
1645,389100 ,2020JJ00,7843.0,6352.0,1491.0,6082.0,-6.1,-8.1,-26.2,36.6,29.7,28.4,26.7,21.6,20.7,3.3,1.1,-18.8,29.4,26.6,1.6,214.0,294.0,433.0,432.0,1.0,-9.1,-27.4,395.0,196.0,199.0,99.0,68.0,31.0,296.0,128.0,168.0,-10.2,I Accommodation and food serving,Accommodation and food service activities,3,2020
1646,389100 ,2021JJ00,7735.0,6298.0,1437.0,6009.0,-1.4,-0.9,-1.2,36.7,29.9,28.5,23.6,19.2,18.3,0.3,0.9,0.5,-11.7,-11.2,-11.5,210.0,328.0,424.0,423.0,1.0,-1.7,11.7,385.0,192.0,193.0,99.0,67.0,31.0,286.0,125.0,162.0,-2.5,I Accommodation and food serving,Accommodation and food service activities,3,2021
1647,389100 ,2022JJ00,9302.0,7554.0,1748.0,8980.0,20.2,19.9,49.4,38.4,31.2,37.1,22.5,18.3,21.8,4.6,4.3,30.0,-4.3,-4.5,18.9,242.0,413.0,487.0,486.0,1.0,14.9,25.6,453.0,222.0,231.0,112.0,75.0,37.0,341.0,147.0,194.0,17.6,I Accommodation and food serving,Accommodation and food service activities,3,2022
1648,389100 ,2023JJ00,10461.0,8544.0,1917.0,10353.0,12.5,13.1,15.3,41.3,33.7,40.9,24.2,19.8,24.0,7.4,8.0,10.1,7.4,8.0,10.1,253.0,432.0,509.0,508.0,1.0,4.7,4.7,483.0,236.0,247.0,113.0,75.0,38.0,369.0,160.0,209.0,6.5,I Accommodation and food serving,Accommodation and food service activities,3,2023
1649,389100 ,2024JJ00,11350.0,9279.0,2071.0,11273.0,8.5,8.6,8.9,44.4,36.3,44.1,25.8,21.1,25.7,7.6,7.7,8.0,6.8,6.9,7.1,255.0,439.0,515.0,515.0,1.0,0.8,1.6,492.0,241.0,251.0,112.0,75.0,37.0,380.0,166.0,213.0,1.9,I Accommodation and food serving,Accommodation and food service activities,3,2024
1650,391600 ,1995JJ00,5054.0,4402.0,652.0,5039.0,,,,43.4,37.8,43.3,24.0,20.9,23.9,,,,,,,116.0,211.0,,,,,,136.0,94.0,42.0,,,,,,,,J Information and communication,Information and communication,3,1995
1651,391600 ,1996JJ00,5659.0,4926.0,733.0,5624.0,12.0,11.9,11.6,43.1,37.5,42.9,23.6,20.5,23.5,-0.7,-0.8,-1.0,-1.6,-1.6,-1.9,131.0,240.0,,,,12.8,13.8,152.0,106.0,46.0,,,,,,,11.8,J Information and communication,Information and communication,3,1996
1652,391600 ,1997JJ00,6529.0,5760.0,769.0,6486.0,15.3,16.9,15.3,44.2,39.0,43.9,24.4,21.5,24.2,2.6,4.0,2.5,3.2,4.6,3.1,148.0,268.0,,,,12.5,11.8,168.0,119.0,50.0,,,,,,,11.0,J Information and communication,Information and communication,3,1997
1653,391600 ,1998JJ00,7821.0,6452.0,1369.0,7763.0,19.8,12.0,19.7,45.7,37.7,45.4,25.1,20.7,24.9,3.3,-3.4,3.2,3.1,-3.5,3.1,171.0,311.0,,,,16.0,16.2,194.0,139.0,56.0,,,,,,,15.3,J Information and communication,Information and communication,3,1998
1654,391600 ,1999JJ00,9176.0,7556.0,1620.0,9131.0,17.3,17.1,17.6,47.8,39.4,47.6,26.1,21.5,26.0,4.7,4.5,4.9,4.0,3.8,4.2,192.0,351.0,,,,12.1,12.8,217.0,154.0,63.0,,,,,,,11.9,J Information and communication,Information and communication,3,1999
1655,391600 ,2000JJ00,10641.0,8634.0,2007.0,10596.0,16.0,14.3,16.1,50.8,41.2,50.6,27.9,22.6,27.7,6.3,4.7,6.4,6.7,5.1,6.7,209.0,382.0,,,,9.1,8.7,238.0,167.0,71.0,,,,,,,9.6,J Information and communication,Information and communication,3,2000
1656,391600 ,2001JJ00,11351.0,9587.0,1764.0,11305.0,6.7,11.1,6.7,49.3,41.7,49.1,28.2,23.9,28.1,-3.0,1.0,-2.9,1.4,5.5,1.4,230.0,402.0,,,,9.9,5.2,252.0,175.0,76.0,,,,,,,5.7,J Information and communication,Information and communication,3,2001
1657,391600 ,2002JJ00,11112.0,9185.0,1927.0,11058.0,-2.1,-4.2,-2.2,52.3,43.2,52.0,30.0,24.8,29.9,6.0,3.8,5.9,6.3,4.1,6.3,212.0,370.0,,,,-7.7,-8.0,234.0,164.0,70.0,,,,,,,-7.0,J Information and communication,Information and communication,3,2002
1658,391600 ,2003JJ00,11080.0,8971.0,2109.0,11034.0,-0.3,-2.3,-0.2,55.4,44.9,55.2,31.9,25.8,31.8,5.9,3.8,6.0,6.3,4.1,6.3,200.0,347.0,,,,-5.9,-6.2,222.0,157.0,65.0,,,,,,,-5.4,J Information and communication,Information and communication,3,2003
1659,391600 ,2004JJ00,11033.0,8866.0,2167.0,10977.0,-0.4,-1.2,-0.5,57.6,46.3,57.3,32.6,26.2,32.4,3.9,3.1,3.8,2.2,1.4,2.1,192.0,338.0,,,,-4.1,-2.5,212.0,150.0,62.0,,,,,,,-4.3,J Information and communication,Information and communication,3,2004
1660,391600 ,2005JJ00,11587.0,9456.0,2131.0,11542.0,5.0,6.7,5.1,58.9,48.1,58.7,33.6,27.4,33.5,2.3,3.9,2.4,3.1,4.7,3.2,197.0,345.0,,,,2.6,1.9,218.0,156.0,62.0,,,,,,,2.9,J Information and communication,Information and communication,3,2005
1661,391600 ,2006JJ00,12215.0,10086.0,2129.0,12160.0,5.4,6.7,5.4,60.0,49.5,59.7,34.4,28.4,34.3,1.8,3.0,1.8,2.4,3.6,2.3,204.0,355.0,,,,3.5,3.0,226.0,162.0,64.0,,,,,,,3.6,J Information and communication,Information and communication,3,2006
1662,391600 ,2007JJ00,13192.0,10897.0,2295.0,13131.0,8.0,8.0,8.0,62.4,51.6,62.1,35.7,29.5,35.5,4.1,4.1,4.0,3.7,3.8,3.7,211.0,369.0,,,,3.8,4.1,235.0,169.0,67.0,,,,,,,4.2,J Information and communication,Information and communication,3,2007
1663,391600 ,2008JJ00,14193.0,11592.0,2601.0,14141.0,7.6,6.4,7.7,65.3,53.3,65.1,37.3,30.5,37.2,4.7,3.5,4.8,4.4,3.2,4.5,217.0,381.0,,,,2.8,3.0,243.0,174.0,68.0,,,,,,,3.1,J Information and communication,Information and communication,3,2008
1664,391600 ,2009JJ00,14590.0,11582.0,3008.0,14475.0,2.8,-0.1,2.4,68.5,54.4,67.9,39.0,30.9,38.7,4.8,1.9,4.4,4.5,1.6,4.0,213.0,374.0,,,,-1.9,-1.6,238.0,171.0,67.0,,,,,,,-1.8,J Information and communication,Information and communication,3,2009
1665,391600 ,2010JJ00,13914.0,11301.0,2613.0,13758.0,-4.6,-2.4,-4.9,68.4,55.6,67.6,38.8,31.5,38.4,-0.1,2.2,-0.4,-0.4,1.9,-0.7,203.0,359.0,417.0,415.0,2.0,-4.5,-4.2,229.0,165.0,63.0,158.0,133.0,25.0,71.0,33.0,38.0,-4.1,J Information and communication,Information and communication,3,2010
1666,391600 ,2011JJ00,14291.0,11688.0,2603.0,14124.0,2.7,3.4,2.6,69.8,57.1,69.0,39.4,32.2,38.9,2.1,2.8,2.0,1.5,2.2,1.4,205.0,363.0,419.0,416.0,2.0,0.6,1.2,231.0,167.0,64.0,157.0,132.0,25.0,73.0,34.0,39.0,0.9,J Information and communication,Information and communication,3,2011
1667,391600 ,2012JJ00,14658.0,11826.0,2832.0,14513.0,2.6,1.2,2.8,71.0,57.3,70.3,40.3,32.5,39.9,1.7,0.3,1.9,2.3,0.9,2.5,207.0,364.0,423.0,421.0,2.0,0.9,0.2,232.0,168.0,64.0,159.0,133.0,25.0,73.0,35.0,39.0,0.6,J Information and communication,Information and communication,3,2012
1668,391600 ,2013JJ00,14545.0,11727.0,2818.0,14420.0,-0.8,-0.8,-0.6,71.6,57.7,71.0,40.4,32.6,40.1,0.9,0.8,1.0,0.3,0.3,0.5,203.0,360.0,418.0,416.0,2.0,-1.6,-1.1,228.0,166.0,62.0,157.0,132.0,25.0,71.0,34.0,37.0,-2.0,J Information and communication,Information and communication,3,2013
1669,391600 ,2014JJ00,14700.0,11906.0,2794.0,14576.0,1.0,1.5,1.1,71.0,57.5,70.4,39.8,32.2,39.4,-0.8,-0.4,-0.8,-1.6,-1.2,-1.6,207.0,370.0,427.0,425.0,2.0,1.9,2.7,230.0,168.0,62.0,159.0,134.0,26.0,70.0,34.0,36.0,1.0,J Information and communication,Information and communication,3,2014
1670,391600 ,2015JJ00,15427.0,12508.0,2919.0,15282.0,5.0,5.1,4.9,72.3,58.6,71.7,40.7,33.0,40.3,1.9,2.0,1.8,2.3,2.4,2.2,213.0,379.0,440.0,438.0,2.0,3.0,2.6,237.0,172.0,64.0,165.0,138.0,27.0,72.0,35.0,37.0,2.9,J Information and communication,Information and communication,3,2015
1671,391600 ,2016JJ00,16278.0,13333.0,2945.0,16099.0,5.5,6.6,5.3,73.8,60.4,73.0,41.5,34.0,41.0,2.0,3.1,1.9,1.9,3.0,1.8,221.0,392.0,455.0,453.0,2.0,3.4,3.5,245.0,178.0,67.0,170.0,141.0,29.0,75.0,36.0,38.0,3.5,J Information and communication,Information and communication,3,2016
1672,391600 ,2017JJ00,17290.0,14182.0,3108.0,17104.0,6.2,6.4,6.3,74.5,61.1,73.7,42.2,34.6,41.7,1.0,1.1,1.0,1.7,1.8,1.7,232.0,410.0,477.0,475.0,2.0,5.2,4.5,259.0,188.0,71.0,178.0,147.0,30.0,81.0,41.0,41.0,5.7,J Information and communication,Information and communication,3,2017
1673,391600 ,2018JJ00,18551.0,15140.0,3411.0,18360.0,7.3,6.8,7.3,76.4,62.4,75.7,43.4,35.4,42.9,2.5,2.0,2.6,2.9,2.4,2.9,243.0,428.0,501.0,500.0,2.0,4.6,4.3,270.0,195.0,75.0,186.0,153.0,33.0,84.0,42.0,42.0,4.3,J Information and communication,Information and communication,3,2018
1674,391600 ,2019JJ00,20065.0,16278.0,3787.0,19859.0,8.2,7.5,8.2,79.3,64.3,78.5,45.1,36.6,44.7,3.8,3.1,3.8,4.0,3.4,4.0,253.0,445.0,523.0,522.0,2.0,4.2,4.0,281.0,203.0,78.0,193.0,158.0,35.0,88.0,45.0,43.0,3.9,J Information and communication,Information and communication,3,2019
1675,391600 ,2020JJ00,21038.0,17157.0,3881.0,20433.0,4.8,5.4,2.9,80.7,65.8,78.4,46.0,37.5,44.6,1.7,2.3,-0.2,1.8,2.4,-0.1,261.0,458.0,541.0,540.0,1.0,3.1,2.9,290.0,209.0,81.0,198.0,161.0,37.0,92.0,48.0,45.0,3.3,J Information and communication,Information and communication,3,2020
1676,391600 ,2021JJ00,23328.0,18971.0,4357.0,22832.0,10.9,10.6,11.7,85.6,69.6,83.8,48.8,39.6,47.7,6.1,5.8,6.9,6.1,5.8,6.9,273.0,478.0,564.0,563.0,1.0,4.5,4.5,303.0,217.0,87.0,208.0,167.0,40.0,95.0,49.0,46.0,4.6,J Information and communication,Information and communication,3,2021
1677,391600 ,2022JJ00,25448.0,20522.0,4926.0,25207.0,9.1,8.2,10.4,87.8,70.8,87.0,50.5,40.8,50.1,2.6,1.8,3.9,3.7,2.8,4.9,290.0,504.0,598.0,597.0,1.0,6.3,5.2,322.0,229.0,93.0,220.0,175.0,45.0,103.0,54.0,49.0,6.3,J Information and communication,Information and communication,3,2022
1678,391600 ,2023JJ00,27624.0,22238.0,5386.0,27415.0,8.6,8.4,8.8,92.5,74.4,91.8,53.6,43.1,53.2,5.3,5.1,5.5,6.0,5.9,6.3,299.0,515.0,616.0,615.0,1.0,3.1,2.4,332.0,235.0,97.0,225.0,178.0,47.0,107.0,57.0,50.0,2.9,J Information and communication,Information and communication,3,2023
1679,391600 ,2024JJ00,29180.0,23522.0,5658.0,28939.0,5.6,5.8,5.6,97.8,78.9,97.0,56.2,45.3,55.8,5.8,5.9,5.7,4.9,5.1,4.9,298.0,519.0,620.0,619.0,1.0,-0.2,0.7,331.0,235.0,96.0,223.0,176.0,47.0,108.0,59.0,49.0,-0.1,J Information and communication,Information and communication,3,2024
1680,391700 ,1995JJ00,1262.0,1086.0,176.0,1262.0,,,,36.4,31.4,36.4,23.7,20.4,23.7,,,,,,,35.0,53.0,,,,,,39.0,23.0,17.0,,,,,,,,58 Publishing,Publishing,13,1995
1681,391700 ,1996JJ00,1301.0,1106.0,195.0,1299.0,3.1,1.8,3.0,38.2,32.4,38.1,24.5,20.8,24.5,4.8,3.5,4.6,3.4,2.1,3.3,34.0,53.0,,,,-1.6,-0.3,39.0,22.0,17.0,,,,,,,-0.3,58 Publishing,Publishing,13,1996
1682,391700 ,1997JJ00,1396.0,1201.0,195.0,1394.0,7.2,8.5,7.2,39.2,33.7,39.1,25.1,21.6,25.1,2.6,3.8,2.6,2.5,3.7,2.5,36.0,56.0,,,,4.5,4.6,41.0,24.0,17.0,,,,,,,4.1,58 Publishing,Publishing,13,1997
1683,391700 ,1998JJ00,1479.0,1196.0,283.0,1476.0,6.0,-0.4,6.0,40.2,32.5,40.1,25.6,20.7,25.6,2.6,-3.6,2.6,2.1,-4.1,2.0,37.0,58.0,,,,3.3,3.9,40.0,23.0,17.0,,,,,,,-0.7,58 Publishing,Publishing,13,1998
1684,391700 ,1999JJ00,1615.0,1311.0,304.0,1613.0,9.1,9.6,9.2,41.5,33.7,41.4,26.3,21.3,26.2,3.2,3.6,3.3,2.4,2.8,2.4,39.0,61.0,,,,5.7,6.6,43.0,24.0,19.0,,,,,,,5.6,58 Publishing,Publishing,13,1999
1685,391700 ,2000JJ00,1713.0,1378.0,335.0,1711.0,6.1,5.2,6.1,44.4,35.7,44.4,28.3,22.8,28.3,7.2,6.2,7.2,7.9,6.9,7.9,39.0,60.0,,,,-1.0,-1.6,42.0,23.0,19.0,,,,,,,-1.2,58 Publishing,Publishing,13,2000
1686,391700 ,2001JJ00,1695.0,1395.0,300.0,1694.0,-1.1,1.2,-1.0,47.1,38.7,47.1,28.8,23.7,28.8,6.0,8.4,6.0,1.6,4.0,1.7,36.0,59.0,,,,-6.6,-2.7,41.0,23.0,18.0,,,,,,,-3.2,58 Publishing,Publishing,13,2001
1687,391700 ,2002JJ00,1626.0,1354.0,272.0,1624.0,-4.0,-2.9,-4.1,48.1,40.1,48.1,29.4,24.4,29.3,2.2,3.4,2.1,2.0,3.2,1.9,34.0,55.0,,,,-6.1,-5.9,38.0,21.0,17.0,,,,,,,-5.8,58 Publishing,Publishing,13,2002
1688,391700 ,2003JJ00,1678.0,1367.0,311.0,1676.0,3.2,0.9,3.2,51.1,41.6,51.0,31.0,25.3,31.0,6.2,3.9,6.2,5.8,3.5,5.8,33.0,54.0,,,,-2.9,-2.4,38.0,21.0,17.0,,,,,,,-1.6,58 Publishing,Publishing,13,2003
1689,391700 ,2004JJ00,1605.0,1303.0,302.0,1601.0,-4.4,-4.7,-4.5,52.2,42.4,52.1,31.3,25.4,31.2,2.2,1.8,2.1,0.7,0.4,0.6,31.0,51.0,,,,-6.4,-5.1,36.0,19.0,17.0,,,,,,,-5.1,58 Publishing,Publishing,13,2004
1690,391700 ,2005JJ00,1645.0,1349.0,296.0,1643.0,2.5,3.5,2.6,53.9,44.2,53.9,32.6,26.7,32.6,3.3,4.3,3.4,4.2,5.3,4.4,31.0,50.0,,,,-0.7,-1.7,36.0,19.0,17.0,,,,,,,-0.2,58 Publishing,Publishing,13,2005
1691,391700 ,2006JJ00,1691.0,1397.0,294.0,1689.0,2.8,3.6,2.8,54.8,45.2,54.7,33.2,27.4,33.1,1.5,2.3,1.5,1.7,2.5,1.7,31.0,51.0,,,,1.2,1.0,36.0,20.0,16.0,,,,,,,0.8,58 Publishing,Publishing,13,2006
1692,391700 ,2007JJ00,1755.0,1447.0,308.0,1753.0,3.8,3.6,3.8,57.2,47.2,57.2,34.7,28.6,34.6,4.5,4.4,4.5,4.6,4.4,4.6,31.0,51.0,,,,-0.7,-0.7,36.0,20.0,16.0,,,,,,,-0.5,58 Publishing,Publishing,13,2007
1693,391700 ,2008JJ00,1854.0,1514.0,340.0,1852.0,5.7,4.7,5.7,60.3,49.3,60.3,36.6,29.9,36.6,5.4,4.4,5.4,5.6,4.6,5.6,31.0,51.0,,,,0.2,0.1,36.0,20.0,16.0,,,,,,,0.7,58 Publishing,Publishing,13,2008
1694,391700 ,2009JJ00,1769.0,1447.0,322.0,1765.0,-4.6,-4.4,-4.7,60.4,49.4,60.3,36.6,30.0,36.5,0.1,0.3,0.0,0.0,0.2,-0.1,29.0,48.0,,,,-4.7,-4.6,34.0,19.0,15.0,,,,,,,-4.7,58 Publishing,Publishing,13,2009
1695,391700 ,2010JJ00,1681.0,1374.0,307.0,1678.0,-5.0,-5.1,-5.0,62.3,50.9,62.2,37.6,30.7,37.5,3.1,3.0,3.1,2.6,2.6,2.7,27.0,45.0,53.0,52.0,0.0,-7.8,-7.4,33.0,17.0,16.0,18.0,12.0,6.0,14.0,4.0,10.0,-5.3,58 Publishing,Publishing,13,2010
1696,391700 ,2011JJ00,1671.0,1365.0,306.0,1668.0,-0.6,-0.6,-0.6,62.5,51.1,62.4,37.3,30.5,37.2,0.4,0.4,0.4,-0.8,-0.8,-0.8,27.0,45.0,52.0,52.0,0.0,-1.0,0.2,32.0,16.0,15.0,18.0,12.0,6.0,14.0,4.0,10.0,-2.2,58 Publishing,Publishing,13,2011
1697,391700 ,2012JJ00,1666.0,1344.0,322.0,1662.0,-0.3,-1.5,-0.3,62.7,50.6,62.6,37.7,30.4,37.6,0.3,-1.0,0.2,1.0,-0.3,1.0,27.0,44.0,52.0,51.0,0.0,-0.6,-1.3,32.0,17.0,15.0,18.0,12.0,6.0,14.0,5.0,10.0,-0.1,58 Publishing,Publishing,13,2012
1698,391700 ,2013JJ00,1573.0,1282.0,291.0,1573.0,-5.6,-4.6,-5.3,63.8,52.0,63.8,38.2,31.1,38.2,1.7,2.7,2.0,1.3,2.3,1.5,25.0,41.0,48.0,48.0,0.0,-7.2,-6.8,30.0,15.0,14.0,16.0,11.0,5.0,13.0,5.0,9.0,-7.3,58 Publishing,Publishing,13,2013
1699,391700 ,2014JJ00,1480.0,1194.0,286.0,1481.0,-5.9,-6.9,-5.9,64.8,52.3,64.8,38.8,31.3,38.8,1.6,0.5,1.6,1.5,0.5,1.6,23.0,38.0,44.0,44.0,0.0,-7.4,-7.4,27.0,14.0,13.0,15.0,10.0,5.0,12.0,4.0,8.0,-8.5,58 Publishing,Publishing,13,2014
1700,391700 ,2015JJ00,1488.0,1190.0,298.0,1488.0,0.6,-0.3,0.5,67.5,54.0,67.5,40.6,32.4,40.6,4.2,3.3,4.1,4.7,3.8,4.6,22.0,37.0,43.0,43.0,0.0,-3.5,-3.9,26.0,14.0,13.0,15.0,10.0,5.0,11.0,4.0,8.0,-3.5,58 Publishing,Publishing,13,2015
1701,391700 ,2016JJ00,1512.0,1205.0,307.0,1511.0,1.5,1.2,1.5,71.1,56.6,71.0,42.7,34.0,42.6,5.3,5.0,5.2,5.2,4.9,5.1,21.0,35.0,41.0,41.0,0.0,-3.6,-3.5,25.0,13.0,12.0,14.0,9.0,5.0,11.0,4.0,7.0,-3.4,58 Publishing,Publishing,13,2016
1702,391700 ,2017JJ00,1463.0,1183.0,280.0,1460.0,-3.2,-1.8,-3.3,69.4,56.1,69.3,41.4,33.5,41.3,-2.3,-0.9,-2.4,-3.0,-1.6,-3.1,21.0,35.0,41.0,41.0,0.0,-0.9,-0.3,25.0,13.0,12.0,14.0,9.0,5.0,11.0,4.0,7.0,-1.8,58 Publishing,Publishing,13,2017
1703,391700 ,2018JJ00,1468.0,1193.0,275.0,1464.0,0.3,0.9,0.3,70.7,57.5,70.6,42.4,34.5,42.3,1.9,2.4,1.8,2.4,2.9,2.3,21.0,35.0,40.0,40.0,0.0,-1.5,-2.0,24.0,13.0,12.0,14.0,9.0,5.0,11.0,4.0,7.0,-2.4,58 Publishing,Publishing,13,2018
1704,391700 ,2019JJ00,1445.0,1157.0,288.0,1442.0,-1.5,-3.0,-1.5,72.1,57.7,72.0,43.1,34.5,43.1,2.0,0.4,2.0,1.8,0.2,1.8,20.0,33.0,39.0,39.0,0.0,-3.4,-3.3,23.0,12.0,11.0,13.0,9.0,4.0,10.0,4.0,7.0,-3.3,58 Publishing,Publishing,13,2019
1705,391700 ,2020JJ00,1454.0,1170.0,284.0,1413.0,0.6,1.1,-2.0,74.5,60.0,72.4,44.5,35.8,43.2,3.3,3.8,0.6,3.1,3.6,0.4,20.0,33.0,38.0,38.0,0.0,-2.6,-2.4,23.0,12.0,11.0,12.0,8.0,4.0,10.0,4.0,7.0,-3.2,58 Publishing,Publishing,13,2020
1706,391700 ,2021JJ00,1480.0,1182.0,298.0,1452.0,1.8,1.0,2.7,77.5,61.9,76.0,46.2,36.9,45.3,4.0,3.2,5.0,3.8,3.0,4.8,19.0,32.0,37.0,37.0,0.0,-2.1,-1.9,22.0,11.0,11.0,12.0,8.0,4.0,10.0,3.0,6.0,-2.7,58 Publishing,Publishing,13,2021
1707,391700 ,2022JJ00,1539.0,1217.0,322.0,1534.0,4.0,3.0,5.6,80.8,63.9,80.5,48.7,38.5,48.5,4.3,3.3,5.9,5.4,4.4,7.1,19.0,32.0,37.0,37.0,0.0,-0.3,-1.4,22.0,11.0,11.0,12.0,8.0,5.0,10.0,3.0,6.0,-0.7,58 Publishing,Publishing,13,2022
1708,391700 ,2023JJ00,1617.0,1278.0,339.0,1614.0,5.1,5.0,5.3,85.1,67.2,84.9,51.6,40.8,51.5,5.3,5.2,5.4,6.1,6.0,6.2,19.0,31.0,37.0,37.0,0.0,-0.2,-0.9,22.0,11.0,11.0,12.0,8.0,5.0,9.0,3.0,6.0,-0.6,58 Publishing,Publishing,13,2023
1709,391700 ,2024JJ00,1629.0,1277.0,352.0,1628.0,0.8,-0.1,0.9,90.6,71.0,90.6,54.8,42.9,54.8,6.5,5.7,6.7,6.1,5.3,6.3,18.0,30.0,35.0,35.0,0.0,-5.4,-5.1,21.0,10.0,10.0,12.0,7.0,4.0,9.0,3.0,6.0,-5.2,58 Publishing,Publishing,13,2024
1710,391705 ,1995JJ00,1872.0,1590.0,282.0,1872.0,,,,39.5,33.6,39.5,23.6,20.0,23.6,,,,,,,47.0,79.0,,,,,,58.0,34.0,25.0,,,,,,,,"58-60 Publishing, movie, radio and TV","Publishing, motion picture radio and television 
This category is made up of the categories: 
58 Publishing 
59 Motion picture and television programme production and distribution; sound recording and music publishing 
60 Programming and broadcasting",24,1995
1711,391705 ,1996JJ00,1925.0,1633.0,292.0,1922.0,2.9,2.7,2.7,40.5,34.3,40.4,23.8,20.1,23.7,2.4,2.3,2.3,0.8,0.6,0.6,48.0,81.0,,,,0.4,2.0,59.0,34.0,25.0,,,,,,,1.3,"58-60 Publishing, movie, radio and TV","Publishing, motion picture radio and television 
This category is made up of the categories: 
58 Publishing 
59 Motion picture and television programme production and distribution; sound recording and music publishing 
60 Programming and broadcasting",24,1996
1712,391705 ,1997JJ00,2053.0,1762.0,291.0,2049.0,6.6,7.9,6.6,41.1,35.3,41.0,24.1,20.6,24.0,1.5,2.7,1.5,1.3,2.5,1.2,50.0,85.0,,,,5.0,5.3,61.0,36.0,25.0,,,,,,,3.6,"58-60 Publishing, movie, radio and TV","Publishing, motion picture radio and television 
This category is made up of the categories: 
58 Publishing 
59 Motion picture and television programme production and distribution; sound recording and music publishing 
60 Programming and broadcasting",24,1997
1713,391705 ,1998JJ00,2189.0,1761.0,428.0,2183.0,6.7,0.0,6.6,42.1,33.9,42.0,24.5,19.7,24.4,2.5,-3.9,2.4,1.9,-4.5,1.8,52.0,89.0,,,,4.1,4.7,62.0,36.0,26.0,,,,,,,1.2,"58-60 Publishing, movie, radio and TV","Publishing, motion picture radio and television 
This category is made up of the categories: 
58 Publishing 
59 Motion picture and television programme production and distribution; sound recording and music publishing 
60 Programming and broadcasting",24,1998
1714,391705 ,1999JJ00,2375.0,1911.0,464.0,2370.0,8.4,8.4,8.5,43.8,35.2,43.7,25.4,20.4,25.4,4.0,4.0,4.0,3.7,3.7,3.7,54.0,93.0,,,,4.2,4.6,64.0,36.0,28.0,,,,,,,3.6,"58-60 Publishing, movie, radio and TV","Publishing, motion picture radio and television 
This category is made up of the categories: 
58 Publishing 
59 Motion picture and television programme production and distribution; sound recording and music publishing 
60 Programming and broadcasting",24,1999
1715,391705 ,2000JJ00,2528.0,2019.0,509.0,2523.0,6.5,5.7,6.5,46.7,37.3,46.6,27.2,21.7,27.1,6.7,5.8,6.7,7.0,6.2,7.1,54.0,93.0,,,,-0.2,-0.5,65.0,36.0,28.0,,,,,,,0.4,"58-60 Publishing, movie, radio and TV","Publishing, motion picture radio and television 
This category is made up of the categories: 
58 Publishing 
59 Motion picture and television programme production and distribution; sound recording and music publishing 
60 Programming and broadcasting",24,2000
1716,391705 ,2001JJ00,2574.0,2109.0,465.0,2570.0,1.9,4.5,1.9,47.3,38.7,47.2,28.0,23.0,28.0,1.2,3.8,1.3,3.1,5.7,3.1,54.0,92.0,,,,0.6,-1.1,63.0,36.0,28.0,,,,,,,-1.6,"58-60 Publishing, movie, radio and TV","Publishing, motion picture radio and television 
This category is made up of the categories: 
58 Publishing 
59 Motion picture and television programme production and distribution; sound recording and music publishing 
60 Programming and broadcasting",24,2001
1717,391705 ,2002JJ00,2567.0,2110.0,457.0,2562.0,-0.3,0.0,-0.4,48.8,40.1,48.7,28.8,23.7,28.7,3.2,3.5,3.1,2.7,3.1,2.7,53.0,89.0,,,,-3.4,-3.0,61.0,34.0,27.0,,,,,,,-3.6,"58-60 Publishing, movie, radio and TV","Publishing, motion picture radio and television 
This category is made up of the categories: 
58 Publishing 
59 Motion picture and television programme production and distribution; sound recording and music publishing 
60 Programming and broadcasting",24,2002
1718,391705 ,2003JJ00,2638.0,2127.0,511.0,2634.0,2.8,0.8,2.8,51.9,41.8,51.8,30.6,24.7,30.6,6.3,4.2,6.4,6.5,4.4,6.5,51.0,86.0,,,,-3.3,-3.4,60.0,34.0,26.0,,,,,,,-1.8,"58-60 Publishing, movie, radio and TV","Publishing, motion picture radio and television 
This category is made up of the categories: 
58 Publishing 
59 Motion picture and television programme production and distribution; sound recording and music publishing 
60 Programming and broadcasting",24,2003
1719,391705 ,2004JJ00,2548.0,2052.0,496.0,2542.0,-3.4,-3.5,-3.5,53.1,42.8,53.0,31.1,25.0,31.0,2.4,2.3,2.4,1.4,1.3,1.3,48.0,82.0,,,,-5.7,-4.8,58.0,32.0,26.0,,,,,,,-4.2,"58-60 Publishing, movie, radio and TV","Publishing, motion picture radio and television 
This category is made up of the categories: 
58 Publishing 
59 Motion picture and television programme production and distribution; sound recording and music publishing 
60 Programming and broadcasting",24,2004
1720,391705 ,2005JJ00,2576.0,2098.0,478.0,2572.0,1.1,2.2,1.2,54.7,44.6,54.6,32.4,26.4,32.3,3.0,4.2,3.1,4.1,5.3,4.2,47.0,80.0,,,,-1.8,-2.9,57.0,31.0,26.0,,,,,,,-1.6,"58-60 Publishing, movie, radio and TV","Publishing, motion picture radio and television 
This category is made up of the categories: 
58 Publishing 
59 Motion picture and television programme production and distribution; sound recording and music publishing 
60 Programming and broadcasting",24,2005
1721,391705 ,2006JJ00,2644.0,2174.0,470.0,2641.0,2.7,3.7,2.7,55.4,45.5,55.3,32.8,27.0,32.8,1.2,2.2,1.3,1.5,2.5,1.5,48.0,81.0,,,,1.5,1.2,57.0,32.0,25.0,,,,,,,1.1,"58-60 Publishing, movie, radio and TV","Publishing, motion picture radio and television 
This category is made up of the categories: 
58 Publishing 
59 Motion picture and television programme production and distribution; sound recording and music publishing 
60 Programming and broadcasting",24,2006
1722,391705 ,2007JJ00,2753.0,2260.0,493.0,2750.0,4.1,3.9,4.1,57.5,47.2,57.5,34.1,28.0,34.1,3.9,3.7,3.9,3.8,3.7,3.8,48.0,81.0,,,,0.2,0.2,58.0,32.0,25.0,,,,,,,0.5,"58-60 Publishing, movie, radio and TV","Publishing, motion picture radio and television 
This category is made up of the categories: 
58 Publishing 
59 Motion picture and television programme production and distribution; sound recording and music publishing 
60 Programming and broadcasting",24,2007
1723,391705 ,2008JJ00,2859.0,2328.0,531.0,2856.0,3.9,3.0,3.9,60.1,49.0,60.1,35.7,29.1,35.7,4.5,3.7,4.5,4.7,3.9,4.7,48.0,80.0,,,,-0.6,-0.8,58.0,32.0,25.0,,,,,,,0.3,"58-60 Publishing, movie, radio and TV","Publishing, motion picture radio and television 
This category is made up of the categories: 
58 Publishing 
59 Motion picture and television programme production and distribution; sound recording and music publishing 
60 Programming and broadcasting",24,2008
1724,391705 ,2009JJ00,2774.0,2256.0,518.0,2768.0,-3.0,-3.1,-3.1,60.5,49.2,60.4,35.9,29.2,35.8,0.6,0.5,0.5,0.5,0.4,0.4,46.0,77.0,,,,-3.6,-3.5,56.0,31.0,24.0,,,,,,,-3.3,"58-60 Publishing, movie, radio and TV","Publishing, motion picture radio and television 
This category is made up of the categories: 
58 Publishing 
59 Motion picture and television programme production and distribution; sound recording and music publishing 
60 Programming and broadcasting",24,2009
1725,391705 ,2010JJ00,2661.0,2158.0,503.0,2657.0,-4.1,-4.4,-4.0,62.6,50.7,62.5,37.0,30.0,37.0,3.5,3.2,3.5,3.2,2.9,3.2,43.0,72.0,84.0,84.0,0.0,-7.3,-7.0,53.0,28.0,25.0,29.0,20.0,9.0,23.0,8.0,15.0,-5.2,"58-60 Publishing, movie, radio and TV","Publishing, motion picture radio and television 
This category is made up of the categories: 
58 Publishing 
59 Motion picture and television programme production and distribution; sound recording and music publishing 
60 Programming and broadcasting",24,2010
1726,391705 ,2011JJ00,2680.0,2176.0,504.0,2674.0,0.7,0.8,0.6,63.6,51.6,63.4,37.4,30.4,37.3,1.6,1.8,1.5,0.9,1.1,0.8,42.0,72.0,83.0,83.0,0.0,-0.9,-0.2,52.0,28.0,24.0,29.0,20.0,9.0,24.0,8.0,15.0,-1.4,"58-60 Publishing, movie, radio and TV","Publishing, motion picture radio and television 
This category is made up of the categories: 
58 Publishing 
59 Motion picture and television programme production and distribution; sound recording and music publishing 
60 Programming and broadcasting",24,2011
1727,391705 ,2012JJ00,2675.0,2145.0,530.0,2669.0,-0.1,-1.4,-0.1,63.6,51.0,63.5,37.7,30.2,37.6,0.0,-1.2,0.0,0.8,-0.5,0.8,42.0,71.0,83.0,83.0,0.0,-0.2,-1.0,52.0,28.0,24.0,28.0,19.0,9.0,24.0,9.0,15.0,-0.3,"58-60 Publishing, movie, radio and TV","Publishing, motion picture radio and television 
This category is made up of the categories: 
58 Publishing 
59 Motion picture and television programme production and distribution; sound recording and music publishing 
60 Programming and broadcasting",24,2012
1728,391705 ,2013JJ00,2561.0,2077.0,484.0,2561.0,-4.2,-3.2,-4.0,63.8,51.7,63.8,37.6,30.5,37.6,0.3,1.4,0.5,-0.3,0.8,0.0,40.0,68.0,79.0,79.0,0.0,-4.5,-4.0,49.0,27.0,23.0,27.0,18.0,9.0,22.0,8.0,14.0,-5.4,"58-60 Publishing, movie, radio and TV","Publishing, motion picture radio and television 
This category is made up of the categories: 
58 Publishing 
59 Motion picture and television programme production and distribution; sound recording and music publishing 
60 Programming and broadcasting",24,2013
1729,391705 ,2014JJ00,2511.0,2014.0,497.0,2511.0,-2.0,-3.1,-2.0,65.1,52.2,65.1,38.1,30.6,38.1,2.0,0.9,2.0,1.4,0.3,1.4,39.0,66.0,76.0,76.0,0.0,-3.9,-3.4,47.0,25.0,22.0,26.0,18.0,8.0,21.0,8.0,13.0,-4.8,"58-60 Publishing, movie, radio and TV","Publishing, motion picture radio and television 
This category is made up of the categories: 
58 Publishing 
59 Motion picture and television programme production and distribution; sound recording and music publishing 
60 Programming and broadcasting",24,2014
1730,391705 ,2015JJ00,2513.0,2022.0,491.0,2513.0,0.1,0.4,0.1,66.5,53.5,66.5,39.2,31.5,39.2,2.2,2.5,2.2,2.8,3.1,2.8,38.0,64.0,75.0,75.0,0.0,-2.1,-2.7,46.0,25.0,21.0,26.0,17.0,8.0,20.0,7.0,13.0,-2.4,"58-60 Publishing, movie, radio and TV","Publishing, motion picture radio and television 
This category is made up of the categories: 
58 Publishing 
59 Motion picture and television programme production and distribution; sound recording and music publishing 
60 Programming and broadcasting",24,2015
1731,391705 ,2016JJ00,2529.0,2028.0,501.0,2527.0,0.6,0.3,0.5,67.5,54.2,67.5,39.7,31.8,39.7,1.6,1.2,1.5,1.3,1.0,1.3,37.0,64.0,74.0,74.0,0.0,-0.9,-0.7,45.0,24.0,21.0,25.0,17.0,8.0,20.0,7.0,13.0,-0.6,"58-60 Publishing, movie, radio and TV","Publishing, motion picture radio and television 
This category is made up of the categories: 
58 Publishing 
59 Motion picture and television programme production and distribution; sound recording and music publishing 
60 Programming and broadcasting",24,2016
1732,391705 ,2017JJ00,2556.0,2067.0,489.0,2551.0,1.1,1.9,1.0,67.2,54.3,67.1,39.4,31.8,39.3,-0.5,0.3,-0.6,-0.8,0.0,-0.9,38.0,65.0,75.0,75.0,0.0,1.7,2.0,46.0,24.0,22.0,26.0,17.0,9.0,21.0,7.0,13.0,1.3,"58-60 Publishing, movie, radio and TV","Publishing, motion picture radio and television 
This category is made up of the categories: 
58 Publishing 
59 Motion picture and television programme production and distribution; sound recording and music publishing 
60 Programming and broadcasting",24,2017
1733,391705 ,2018JJ00,2643.0,2139.0,504.0,2639.0,3.4,3.5,3.4,68.5,55.5,68.4,40.3,32.6,40.2,2.0,2.1,2.0,2.3,2.4,2.3,39.0,66.0,77.0,76.0,0.0,1.4,1.1,46.0,25.0,22.0,26.0,17.0,9.0,21.0,8.0,13.0,0.6,"58-60 Publishing, movie, radio and TV","Publishing, motion picture radio and television 
This category is made up of the categories: 
58 Publishing 
59 Motion picture and television programme production and distribution; sound recording and music publishing 
60 Programming and broadcasting",24,2018
1734,391705 ,2019JJ00,2708.0,2171.0,537.0,2705.0,2.5,1.5,2.5,70.9,56.9,70.9,41.6,33.4,41.6,3.5,2.5,3.6,3.3,2.3,3.4,38.0,65.0,76.0,76.0,0.0,-1.0,-0.8,46.0,25.0,21.0,25.0,17.0,9.0,21.0,8.0,13.0,-0.9,"58-60 Publishing, movie, radio and TV","Publishing, motion picture radio and television 
This category is made up of the categories: 
58 Publishing 
59 Motion picture and television programme production and distribution; sound recording and music publishing 
60 Programming and broadcasting",24,2019
1735,391705 ,2020JJ00,2753.0,2216.0,537.0,2635.0,1.6,2.1,-2.6,73.7,59.3,70.6,43.3,34.9,41.5,3.9,4.4,-0.4,4.1,4.5,-0.3,37.0,64.0,75.0,75.0,0.0,-2.2,-2.4,45.0,24.0,21.0,24.0,16.0,8.0,20.0,8.0,12.0,-2.8,"58-60 Publishing, movie, radio and TV","Publishing, motion picture radio and television 
This category is made up of the categories: 
58 Publishing 
59 Motion picture and television programme production and distribution; sound recording and music publishing 
60 Programming and broadcasting",24,2020
1736,391705 ,2021JJ00,2869.0,2301.0,568.0,2787.0,4.2,3.8,5.7,76.3,61.2,74.1,44.8,35.9,43.5,3.4,3.1,5.0,3.4,3.0,4.9,38.0,64.0,75.0,75.0,0.0,0.7,0.8,45.0,24.0,21.0,25.0,16.0,9.0,20.0,8.0,12.0,-0.2,"58-60 Publishing, movie, radio and TV","Publishing, motion picture radio and television 
This category is made up of the categories: 
58 Publishing 
59 Motion picture and television programme production and distribution; sound recording and music publishing 
60 Programming and broadcasting",24,2021
1737,391705 ,2022JJ00,3019.0,2391.0,628.0,3009.0,5.2,3.9,8.0,78.0,61.7,77.7,46.1,36.5,46.0,2.2,0.9,4.9,3.1,1.8,5.8,39.0,65.0,77.0,77.0,0.0,3.0,2.1,46.0,24.0,22.0,25.0,16.0,9.0,21.0,8.0,13.0,3.9,"58-60 Publishing, movie, radio and TV","Publishing, motion picture radio and television 
This category is made up of the categories: 
58 Publishing 
59 Motion picture and television programme production and distribution; sound recording and music publishing 
60 Programming and broadcasting",24,2022
1738,391705 ,2023JJ00,3185.0,2524.0,661.0,3188.0,5.6,5.6,6.0,82.7,65.5,82.8,49.3,39.1,49.4,6.1,6.1,6.5,6.9,6.9,7.3,39.0,65.0,76.0,76.0,0.0,-0.5,-1.2,46.0,24.0,22.0,25.0,16.0,9.0,21.0,8.0,12.0,-0.8,"58-60 Publishing, movie, radio and TV","Publishing, motion picture radio and television 
This category is made up of the categories: 
58 Publishing 
59 Motion picture and television programme production and distribution; sound recording and music publishing 
60 Programming and broadcasting",24,2023
1739,391705 ,2024JJ00,3238.0,2557.0,681.0,3243.0,1.6,1.3,1.7,87.6,69.2,87.7,52.0,41.1,52.1,5.9,5.5,6.0,5.4,5.1,5.5,37.0,62.0,74.0,74.0,0.0,-4.0,-3.6,44.0,23.0,21.0,24.0,15.0,9.0,21.0,8.0,12.0,-3.5,"58-60 Publishing, movie, radio and TV","Publishing, motion picture radio and television 
This category is made up of the categories: 
58 Publishing 
59 Motion picture and television programme production and distribution; sound recording and music publishing 
60 Programming and broadcasting",24,2024
1740,800021 ,1995JJ00,610.0,504.0,106.0,610.0,,,,47.9,39.5,47.9,23.3,19.2,23.3,,,,,,,13.0,26.0,,,,,,19.0,11.0,8.0,,,,,,,,"59-60 Movies, TV and radio","Movies, TV and radio 
This category is made up of the categories: 
59 Film, TV and music production etc. 
60 Programming and broadcasting",24,1995
1741,800021 ,1996JJ00,624.0,527.0,97.0,623.0,2.3,4.6,2.2,46.3,39.1,46.2,22.3,18.8,22.3,-3.3,-1.2,-3.4,-4.2,-2.1,-4.3,13.0,28.0,,,,5.8,6.8,20.0,12.0,8.0,,,,,,,4.7,"59-60 Movies, TV and radio","Movies, TV and radio 
This category is made up of the categories: 
59 Film, TV and music production etc. 
60 Programming and broadcasting",24,1996
1742,800021 ,1997JJ00,657.0,561.0,96.0,655.0,5.3,6.5,5.1,45.9,39.2,45.8,22.1,18.8,22.0,-0.8,0.3,-0.9,-1.1,0.0,-1.3,14.0,30.0,,,,6.1,6.5,21.0,12.0,8.0,,,,,,,2.5,"59-60 Movies, TV and radio","Movies, TV and radio 
This category is made up of the categories: 
59 Film, TV and music production etc. 
60 Programming and broadcasting",24,1997
1743,800021 ,1998JJ00,710.0,565.0,145.0,707.0,8.0,0.8,7.9,46.8,37.3,46.6,22.4,17.9,22.3,1.9,-4.9,1.8,1.7,-5.2,1.5,15.0,32.0,,,,6.0,6.3,22.0,13.0,9.0,,,,,,,5.0,"59-60 Movies, TV and radio","Movies, TV and radio 
This category is made up of the categories: 
59 Film, TV and music production etc. 
60 Programming and broadcasting",24,1998
1744,800021 ,1999JJ00,760.0,600.0,160.0,757.0,6.9,6.1,6.9,49.7,39.3,49.5,23.8,18.8,23.7,6.3,5.5,6.3,6.0,5.1,6.0,15.0,32.0,,,,0.6,0.9,22.0,12.0,9.0,,,,,,,-0.1,"59-60 Movies, TV and radio","Movies, TV and radio 
This category is made up of the categories: 
59 Film, TV and music production etc. 
60 Programming and broadcasting",24,1999
1745,800021 ,2000JJ00,815.0,641.0,174.0,812.0,7.2,6.8,7.3,52.3,41.2,52.2,25.1,19.7,25.0,5.2,4.8,5.3,5.5,5.1,5.6,16.0,32.0,,,,1.9,1.6,22.0,13.0,9.0,,,,,,,3.5,"59-60 Movies, TV and radio","Movies, TV and radio 
This category is made up of the categories: 
59 Film, TV and music production etc. 
60 Programming and broadcasting",24,2000
1746,800021 ,2001JJ00,879.0,714.0,165.0,876.0,8.1,11.6,8.1,47.7,38.7,47.5,26.7,21.6,26.6,-8.9,-5.9,-8.9,6.3,9.7,6.3,18.0,33.0,,,,18.6,1.7,23.0,13.0,10.0,,,,,,,1.4,"59-60 Movies, TV and radio","Movies, TV and radio 
This category is made up of the categories: 
59 Film, TV and music production etc. 
60 Programming and broadcasting",24,2001
1747,800021 ,2002JJ00,941.0,756.0,185.0,938.0,6.9,5.8,6.9,50.0,40.2,49.8,27.9,22.4,27.8,4.8,3.7,4.8,4.5,3.5,4.6,19.0,34.0,,,,2.0,2.2,23.0,13.0,10.0,,,,,,,0.5,"59-60 Movies, TV and radio","Movies, TV and radio 
This category is made up of the categories: 
59 Film, TV and music production etc. 
60 Programming and broadcasting",24,2002
1748,800021 ,2003JJ00,960.0,760.0,200.0,958.0,2.1,0.5,2.2,53.2,42.1,53.1,30.0,23.7,29.9,6.5,4.9,6.6,7.6,5.9,7.7,18.0,32.0,,,,-4.2,-5.1,22.0,13.0,10.0,,,,,,,-2.1,"59-60 Movies, TV and radio","Movies, TV and radio 
This category is made up of the categories: 
59 Film, TV and music production etc. 
60 Programming and broadcasting",24,2003
1749,800021 ,2004JJ00,943.0,749.0,194.0,941.0,-1.8,-1.4,-1.8,54.7,43.5,54.6,30.8,24.4,30.7,2.8,3.2,2.8,2.6,3.0,2.6,17.0,31.0,,,,-4.5,-4.4,22.0,12.0,9.0,,,,,,,-2.7,"59-60 Movies, TV and radio","Movies, TV and radio 
This category is made up of the categories: 
59 Film, TV and music production etc. 
60 Programming and broadcasting",24,2004
1750,800021 ,2005JJ00,931.0,749.0,182.0,929.0,-1.2,0.0,-1.2,56.2,45.2,56.1,32.0,25.7,31.9,2.7,4.0,2.7,3.9,5.2,3.9,17.0,29.0,,,,-3.8,-4.9,21.0,12.0,9.0,,,,,,,-3.8,"59-60 Movies, TV and radio","Movies, TV and radio 
This category is made up of the categories: 
59 Film, TV and music production etc. 
60 Programming and broadcasting",24,2005
1751,800021 ,2006JJ00,953.0,777.0,176.0,952.0,2.5,3.9,2.6,56.5,46.1,56.5,32.3,26.3,32.3,0.6,2.0,0.7,1.0,2.4,1.2,17.0,30.0,,,,1.9,1.5,21.0,12.0,9.0,,,,,,,1.6,"59-60 Movies, TV and radio","Movies, TV and radio 
This category is made up of the categories: 
59 Film, TV and music production etc. 
60 Programming and broadcasting",24,2006
1752,800021 ,2007JJ00,998.0,813.0,185.0,997.0,4.6,4.5,4.6,58.0,47.3,58.0,33.2,27.0,33.1,2.6,2.6,2.6,2.7,2.6,2.7,17.0,30.0,,,,1.9,1.9,22.0,12.0,9.0,,,,,,,2.2,"59-60 Movies, TV and radio","Movies, TV and radio 
This category is made up of the categories: 
59 Film, TV and music production etc. 
60 Programming and broadcasting",24,2007
1753,800021 ,2008JJ00,1005.0,814.0,191.0,1004.0,0.7,0.2,0.7,59.7,48.4,59.7,34.2,27.7,34.1,2.9,2.4,2.9,3.1,2.5,3.1,17.0,29.0,,,,-2.1,-2.3,22.0,12.0,9.0,,,,,,,-0.5,"59-60 Movies, TV and radio","Movies, TV and radio 
This category is made up of the categories: 
59 Film, TV and music production etc. 
60 Programming and broadcasting",24,2008
1754,800021 ,2009JJ00,1005.0,809.0,196.0,1003.0,0.0,-0.7,-0.1,60.6,48.8,60.5,34.7,27.9,34.6,1.5,0.9,1.4,1.5,0.8,1.4,17.0,29.0,,,,-1.5,-1.5,21.0,12.0,9.0,,,,,,,-1.0,"59-60 Movies, TV and radio","Movies, TV and radio 
This category is made up of the categories: 
59 Film, TV and music production etc. 
60 Programming and broadcasting",24,2009
1755,800021 ,2010JJ00,980.0,784.0,196.0,979.0,-2.5,-3.1,-2.4,63.1,50.5,63.1,36.1,28.9,36.1,4.1,3.5,4.2,4.1,3.5,4.2,16.0,27.0,31.0,31.0,0.0,-6.4,-6.4,20.0,12.0,9.0,11.0,8.0,3.0,9.0,4.0,5.0,-5.0,"59-60 Movies, TV and radio","Movies, TV and radio 
This category is made up of the categories: 
59 Film, TV and music production etc. 
60 Programming and broadcasting",24,2010
1756,800021 ,2011JJ00,1009.0,811.0,198.0,1006.0,2.9,3.4,2.7,65.4,52.6,65.2,37.5,30.1,37.4,3.6,4.2,3.4,3.8,4.4,3.6,15.0,27.0,31.0,31.0,0.0,-0.7,-0.9,20.0,11.0,9.0,11.0,7.0,3.0,10.0,4.0,5.0,-0.1,"59-60 Movies, TV and radio","Movies, TV and radio 
This category is made up of the categories: 
59 Film, TV and music production etc. 
60 Programming and broadcasting",24,2011
1757,800021 ,2012JJ00,1009.0,801.0,208.0,1007.0,0.1,-1.2,0.2,65.2,51.7,65.0,37.7,29.9,37.6,-0.4,-1.7,-0.3,0.5,-0.8,0.6,15.0,27.0,31.0,31.0,0.0,0.5,-0.4,20.0,11.0,9.0,11.0,7.0,3.0,9.0,4.0,5.0,-0.7,"59-60 Movies, TV and radio","Movies, TV and radio 
This category is made up of the categories: 
59 Film, TV and music production etc. 
60 Programming and broadcasting",24,2012
1758,800021 ,2013JJ00,988.0,795.0,193.0,988.0,-2.0,-0.7,-1.8,63.8,51.3,63.8,36.7,29.5,36.7,-2.1,-0.8,-1.9,-2.6,-1.4,-2.4,15.0,27.0,31.0,31.0,0.0,0.1,0.7,20.0,11.0,8.0,11.0,8.0,3.0,9.0,4.0,5.0,-2.5,"59-60 Movies, TV and radio","Movies, TV and radio 
This category is made up of the categories: 
59 Film, TV and music production etc. 
60 Programming and broadcasting",24,2013
1759,800021 ,2014JJ00,1031.0,820.0,211.0,1030.0,4.3,3.1,4.2,65.5,52.1,65.4,37.2,29.6,37.2,2.7,1.5,2.6,1.5,0.4,1.4,16.0,28.0,32.0,32.0,0.0,1.6,2.7,20.0,11.0,9.0,11.0,8.0,3.0,9.0,4.0,5.0,0.6,"59-60 Movies, TV and radio","Movies, TV and radio 
This category is made up of the categories: 
59 Film, TV and music production etc. 
60 Programming and broadcasting",24,2014
1760,800021 ,2015JJ00,1025.0,832.0,193.0,1025.0,-0.7,1.5,-0.6,65.1,52.9,65.1,37.3,30.3,37.3,-0.6,1.5,-0.5,0.3,2.4,0.4,16.0,27.0,32.0,32.0,0.0,-0.1,-0.9,20.0,11.0,9.0,11.0,7.0,3.0,9.0,4.0,5.0,-0.7,"59-60 Movies, TV and radio","Movies, TV and radio 
This category is made up of the categories: 
59 Film, TV and music production etc. 
60 Programming and broadcasting",24,2015
1761,800021 ,2016JJ00,1017.0,823.0,194.0,1016.0,-0.7,-1.0,-0.8,62.9,50.9,62.9,36.0,29.1,36.0,-3.4,-3.7,-3.5,-3.6,-3.9,-3.7,16.0,28.0,33.0,33.0,0.0,2.8,3.0,20.0,11.0,9.0,11.0,7.0,4.0,9.0,4.0,5.0,3.1,"59-60 Movies, TV and radio","Movies, TV and radio 
This category is made up of the categories: 
59 Film, TV and music production etc. 
60 Programming and broadcasting",24,2016
1762,800021 ,2017JJ00,1093.0,884.0,209.0,1091.0,7.6,7.4,7.5,64.4,52.1,64.3,37.0,29.9,36.9,2.4,2.2,2.3,2.7,2.6,2.6,17.0,30.0,34.0,34.0,0.0,5.1,4.7,21.0,12.0,10.0,12.0,8.0,4.0,10.0,4.0,6.0,5.2,"59-60 Movies, TV and radio","Movies, TV and radio 
This category is made up of the categories: 
59 Film, TV and music production etc. 
60 Programming and broadcasting",24,2017
1763,800021 ,2018JJ00,1175.0,946.0,229.0,1175.0,7.4,7.0,7.6,66.0,53.1,66.0,37.9,30.5,37.9,2.4,2.0,2.6,2.5,2.1,2.7,18.0,31.0,36.0,36.0,0.0,4.9,4.8,22.0,12.0,10.0,12.0,8.0,4.0,10.0,4.0,6.0,4.1,"59-60 Movies, TV and radio","Movies, TV and radio 
This category is made up of the categories: 
59 Film, TV and music production etc. 
60 Programming and broadcasting",24,2018
1764,800021 ,2019JJ00,1263.0,1014.0,249.0,1263.0,7.5,7.2,7.5,69.6,55.9,69.6,40.0,32.1,40.0,5.6,5.3,5.6,5.5,5.2,5.5,18.0,32.0,37.0,37.0,0.0,1.8,1.9,22.0,12.0,10.0,12.0,8.0,4.0,10.0,4.0,6.0,1.7,"59-60 Movies, TV and radio","Movies, TV and radio 
This category is made up of the categories: 
59 Film, TV and music production etc. 
60 Programming and broadcasting",24,2019
1765,800021 ,2020JJ00,1299.0,1046.0,253.0,1222.0,2.8,3.1,-3.3,72.9,58.7,68.6,42.1,33.9,39.6,4.7,5.0,-1.5,5.3,5.6,-1.0,18.0,31.0,36.0,36.0,0.0,-1.8,-2.3,22.0,12.0,10.0,12.0,8.0,4.0,10.0,4.0,6.0,-2.3,"59-60 Movies, TV and radio","Movies, TV and radio 
This category is made up of the categories: 
59 Film, TV and music production etc. 
60 Programming and broadcasting",24,2020
1766,800021 ,2021JJ00,1389.0,1119.0,270.0,1335.0,6.9,6.9,9.2,75.0,60.4,72.1,43.4,34.9,41.7,2.9,3.0,5.2,3.1,3.1,5.3,19.0,32.0,38.0,38.0,0.0,3.8,3.7,23.0,12.0,10.0,13.0,8.0,5.0,10.0,4.0,6.0,2.4,"59-60 Movies, TV and radio","Movies, TV and radio 
This category is made up of the categories: 
59 Film, TV and music production etc. 
60 Programming and broadcasting",24,2021
1767,800021 ,2022JJ00,1480.0,1174.0,306.0,1475.0,6.6,4.9,10.5,75.2,59.6,75.0,43.8,34.7,43.6,0.2,-1.3,3.9,0.9,-0.7,4.7,20.0,34.0,40.0,40.0,0.0,6.3,5.6,24.0,13.0,11.0,13.0,8.0,5.0,11.0,5.0,6.0,8.5,"59-60 Movies, TV and radio","Movies, TV and radio 
This category is made up of the categories: 
59 Film, TV and music production etc. 
60 Programming and broadcasting",24,2022
1768,800021 ,2023JJ00,1568.0,1246.0,322.0,1574.0,6.0,6.3,6.8,80.4,63.9,80.7,47.1,37.5,47.3,6.8,7.1,7.6,7.7,7.9,8.4,20.0,33.0,39.0,39.0,0.0,-0.8,-1.5,24.0,13.0,11.0,13.0,8.0,5.0,11.0,5.0,6.0,-0.9,"59-60 Movies, TV and radio","Movies, TV and radio 
This category is made up of the categories: 
59 Film, TV and music production etc. 
60 Programming and broadcasting",24,2023
1769,800021 ,2024JJ00,1609.0,1280.0,329.0,1615.0,2.6,2.7,2.5,84.7,67.4,85.0,49.4,39.3,49.6,5.4,5.5,5.4,4.9,5.0,4.9,19.0,33.0,39.0,39.0,0.0,-2.7,-2.2,24.0,13.0,11.0,12.0,8.0,4.0,11.0,5.0,6.0,-2.0,"59-60 Movies, TV and radio","Movies, TV and radio 
This category is made up of the categories: 
59 Film, TV and music production etc. 
60 Programming and broadcasting",24,2024
1770,394100 ,1995JJ00,1198.0,1015.0,183.0,1196.0,,,,49.9,42.3,49.8,23.8,20.1,23.7,,,,,,,24.0,50.0,,,,,,30.0,22.0,9.0,,,,,,,,61 Telecommunications,Telecommunications,13,1995
1771,394100 ,1996JJ00,1237.0,1042.0,195.0,1232.0,3.3,2.6,3.0,49.6,41.8,49.4,23.1,19.5,23.0,-0.6,-1.2,-0.9,-2.7,-3.3,-2.9,25.0,54.0,,,,3.9,6.1,31.0,22.0,9.0,,,,,,,2.8,61 Telecommunications,Telecommunications,13,1996
1772,394100 ,1997JJ00,1365.0,1164.0,201.0,1359.0,10.3,11.7,10.3,50.4,43.0,50.2,23.9,20.4,23.8,1.6,2.9,1.5,3.5,4.8,3.5,27.0,57.0,,,,8.6,6.6,34.0,24.0,10.0,,,,,,,8.5,61 Telecommunications,Telecommunications,13,1997
1773,394100 ,1998JJ00,1638.0,1317.0,321.0,1629.0,20.0,13.1,19.9,50.0,40.2,49.8,24.3,19.5,24.1,-0.7,-6.4,-0.8,1.4,-4.4,1.3,33.0,67.0,,,,20.9,18.4,41.0,29.0,12.0,,,,,,,21.9,61 Telecommunications,Telecommunications,13,1998
1774,394100 ,1999JJ00,1890.0,1513.0,377.0,1884.0,15.4,14.8,15.6,50.7,40.6,50.5,24.6,19.7,24.5,1.3,0.9,1.6,1.3,0.9,1.6,37.0,77.0,,,,13.8,13.8,47.0,33.0,14.0,,,,,,,14.2,61 Telecommunications,Telecommunications,13,1999
1775,394100 ,2000JJ00,2448.0,1906.0,542.0,2442.0,29.5,26.0,29.6,53.0,41.2,52.9,26.2,20.4,26.1,4.5,1.6,4.6,6.5,3.6,6.6,46.0,93.0,,,,24.0,21.6,58.0,39.0,19.0,,,,,,,24.0,61 Telecommunications,Telecommunications,13,2000
1776,394100 ,2001JJ00,2682.0,2181.0,501.0,2677.0,9.5,14.4,9.6,45.3,36.8,45.2,26.4,21.5,26.4,-14.6,-10.8,-14.5,0.8,5.3,0.9,59.0,102.0,,,,28.3,8.7,64.0,43.0,21.0,,,,,,,9.2,61 Telecommunications,Telecommunications,13,2001
1777,394100 ,2002JJ00,2455.0,1971.0,484.0,2449.0,-8.4,-9.6,-8.5,48.6,39.0,48.5,28.5,22.9,28.4,7.4,6.0,7.3,8.0,6.6,7.9,51.0,86.0,,,,-14.7,-15.2,54.0,37.0,18.0,,,,,,,-14.6,61 Telecommunications,Telecommunications,13,2002
1778,394100 ,2003JJ00,2244.0,1729.0,515.0,2238.0,-8.6,-12.3,-8.6,52.3,40.3,52.1,29.9,23.1,29.8,7.6,3.2,7.5,4.9,0.7,4.9,43.0,75.0,,,,-15.0,-12.9,46.0,32.0,14.0,,,,,,,-14.5,61 Telecommunications,Telecommunications,13,2003
1779,394100 ,2004JJ00,2218.0,1700.0,518.0,2212.0,-1.2,-1.7,-1.2,55.6,42.6,55.4,31.4,24.1,31.3,6.3,5.7,6.3,4.9,4.3,4.9,40.0,71.0,,,,-7.0,-5.8,43.0,29.0,14.0,,,,,,,-6.8,61 Telecommunications,Telecommunications,13,2004
1780,394100 ,2005JJ00,2213.0,1723.0,490.0,2212.0,-0.2,1.4,0.0,57.4,44.7,57.4,32.8,25.5,32.8,3.3,5.0,3.5,4.5,6.2,4.8,39.0,67.0,,,,-3.4,-4.5,42.0,29.0,13.0,,,,,,,-2.2,61 Telecommunications,Telecommunications,13,2005
1781,394100 ,2006JJ00,2238.0,1766.0,472.0,2235.0,1.1,2.5,1.0,59.2,46.7,59.1,34.0,26.8,33.9,3.2,4.5,3.1,3.5,4.9,3.4,38.0,66.0,,,,-2.0,-2.3,41.0,28.0,13.0,,,,,,,-1.9,61 Telecommunications,Telecommunications,13,2006
1782,394100 ,2007JJ00,2320.0,1828.0,492.0,2316.0,3.6,3.5,3.6,63.4,50.0,63.3,36.3,28.6,36.2,7.1,6.9,7.0,6.8,6.7,6.8,37.0,64.0,,,,-3.2,-3.0,40.0,28.0,13.0,,,,,,,-2.6,61 Telecommunications,Telecommunications,13,2007
1783,394100 ,2008JJ00,2296.0,1762.0,534.0,2297.0,-1.0,-3.6,-0.8,67.4,51.7,67.4,38.4,29.5,38.4,6.3,3.5,6.5,5.8,3.0,6.1,34.0,60.0,,,,-6.8,-6.5,38.0,26.0,12.0,,,,,,,-5.6,61 Telecommunications,Telecommunications,13,2008
1784,394100 ,2009JJ00,2320.0,1733.0,587.0,2310.0,1.0,-1.7,0.6,73.4,54.8,73.0,41.3,30.9,41.2,8.9,6.0,8.4,7.7,4.8,7.2,32.0,56.0,,,,-7.2,-6.2,36.0,24.0,12.0,,,,,,,-6.6,61 Telecommunications,Telecommunications,13,2009
1785,394100 ,2010JJ00,2134.0,1648.0,486.0,2119.0,-8.0,-4.9,-8.2,73.2,56.5,72.7,40.7,31.4,40.4,-0.2,3.1,-0.5,-1.5,1.8,-1.8,29.0,52.0,60.0,59.0,0.0,-7.8,-6.6,32.0,22.0,10.0,22.0,18.0,4.0,10.0,4.0,6.0,-8.8,61 Telecommunications,Telecommunications,13,2010
1786,394100 ,2011JJ00,2090.0,1691.0,399.0,2078.0,-2.1,2.6,-2.0,72.0,58.3,71.6,39.9,32.3,39.7,-1.6,3.1,-1.5,-2.0,2.7,-1.8,29.0,52.0,59.0,59.0,0.0,-0.5,-0.1,32.0,22.0,10.0,22.0,18.0,4.0,11.0,4.0,6.0,-0.2,61 Telecommunications,Telecommunications,13,2011
1787,394100 ,2012JJ00,2141.0,1681.0,460.0,2131.0,2.4,-0.6,2.6,74.4,58.4,74.1,41.7,32.7,41.5,3.4,0.3,3.5,4.5,1.4,4.6,29.0,51.0,59.0,59.0,0.0,-0.9,-2.0,32.0,22.0,10.0,22.0,18.0,4.0,10.0,4.0,6.0,-1.6,61 Telecommunications,Telecommunications,13,2012
1788,394100 ,2013JJ00,2080.0,1661.0,419.0,2077.0,-2.8,-1.2,-2.5,74.5,59.5,74.4,41.6,33.2,41.5,0.1,1.8,0.4,-0.4,1.3,0.0,28.0,50.0,57.0,57.0,0.0,-2.9,-2.5,31.0,22.0,9.0,22.0,18.0,4.0,9.0,4.0,5.0,-3.8,61 Telecommunications,Telecommunications,13,2013
1789,394100 ,2014JJ00,2153.0,1716.0,437.0,2167.0,3.5,3.3,4.3,75.6,60.2,76.1,41.9,33.4,42.2,1.5,1.3,2.3,0.9,0.7,1.7,28.0,51.0,58.0,58.0,0.0,2.0,2.6,31.0,22.0,9.0,22.0,18.0,4.0,9.0,4.0,5.0,1.4,61 Telecommunications,Telecommunications,13,2014
1790,394100 ,2015JJ00,2353.0,1763.0,590.0,2353.0,9.3,2.8,8.6,84.8,63.5,84.8,47.0,35.2,47.0,12.2,5.4,11.4,12.0,5.3,11.3,28.0,50.0,57.0,57.0,0.0,-2.5,-2.4,30.0,22.0,8.0,21.0,18.0,4.0,9.0,4.0,5.0,-3.0,61 Telecommunications,Telecommunications,13,2015
1791,394100 ,2016JJ00,2320.0,1866.0,454.0,2319.0,-1.4,5.8,-1.5,81.7,65.7,81.7,45.2,36.3,45.1,-3.6,3.5,-3.6,-3.9,3.2,-3.9,28.0,51.0,58.0,58.0,0.0,2.2,2.5,31.0,22.0,8.0,22.0,18.0,4.0,8.0,4.0,5.0,1.6,61 Telecommunications,Telecommunications,13,2016
1792,394100 ,2017JJ00,2397.0,1913.0,484.0,2394.0,3.3,2.5,3.3,82.6,65.9,82.5,46.7,37.3,46.7,1.1,0.3,1.0,3.5,2.7,3.4,29.0,51.0,58.0,58.0,0.0,2.2,-0.1,31.0,23.0,8.0,23.0,19.0,4.0,9.0,4.0,4.0,2.3,61 Telecommunications,Telecommunications,13,2017
1793,394100 ,2018JJ00,2404.0,1905.0,499.0,2398.0,0.3,-0.4,0.1,87.7,69.5,87.5,49.8,39.5,49.7,6.1,5.4,6.0,6.6,5.8,6.4,27.0,48.0,55.0,55.0,0.0,-5.5,-5.9,30.0,22.0,7.0,22.0,18.0,3.0,8.0,4.0,4.0,-5.8,61 Telecommunications,Telecommunications,13,2018
1794,394100 ,2019JJ00,2346.0,1849.0,497.0,2342.0,-2.4,-3.0,-2.3,90.6,71.4,90.4,52.0,40.9,51.9,3.2,2.7,3.3,4.3,3.7,4.4,26.0,45.0,52.0,52.0,0.0,-5.5,-6.5,28.0,21.0,7.0,20.0,17.0,3.0,8.0,4.0,4.0,-5.4,61 Telecommunications,Telecommunications,13,2019
1795,394100 ,2020JJ00,2240.0,1794.0,446.0,2225.0,-4.5,-3.0,-5.0,90.2,72.2,89.6,51.5,41.3,51.2,-0.4,1.2,-0.9,-0.8,0.8,-1.3,25.0,43.0,50.0,50.0,0.0,-4.1,-3.7,27.0,20.0,7.0,19.0,16.0,3.0,8.0,4.0,4.0,-3.9,61 Telecommunications,Telecommunications,13,2020
1796,394100 ,2021JJ00,2234.0,1786.0,448.0,2219.0,-0.3,-0.5,-0.3,89.8,71.8,89.2,52.0,41.6,51.6,-0.4,-0.6,-0.4,0.9,0.7,0.9,25.0,43.0,50.0,50.0,0.0,0.2,-1.2,27.0,20.0,7.0,20.0,16.0,3.0,7.0,4.0,4.0,-0.4,61 Telecommunications,Telecommunications,13,2021
1797,394100 ,2022JJ00,2252.0,1791.0,461.0,2247.0,0.8,0.3,1.2,94.1,74.8,93.9,54.2,43.1,54.1,4.8,4.3,5.3,4.3,3.7,4.7,24.0,42.0,49.0,48.0,0.0,-3.9,-3.3,26.0,19.0,7.0,19.0,16.0,3.0,7.0,3.0,3.0,-4.0,61 Telecommunications,Telecommunications,13,2022
1798,394100 ,2023JJ00,2300.0,1814.0,486.0,2305.0,2.2,1.3,2.6,95.7,75.5,95.9,55.6,43.9,55.7,1.7,0.8,2.1,2.6,1.8,3.1,24.0,41.0,49.0,49.0,0.0,0.5,-0.4,26.0,19.0,7.0,19.0,16.0,3.0,7.0,4.0,3.0,0.9,61 Telecommunications,Telecommunications,13,2023
1799,394100 ,2024JJ00,2382.0,1885.0,497.0,2381.0,3.5,3.9,3.3,99.2,78.5,99.1,57.0,45.1,56.9,3.6,4.0,3.3,2.4,2.8,2.1,24.0,42.0,49.0,49.0,0.0,-0.1,1.1,26.0,19.0,7.0,18.0,15.0,3.0,8.0,4.0,4.0,0.6,61 Telecommunications,Telecommunications,13,2024
1800,395005 ,1995JJ00,1984.0,1797.0,187.0,1971.0,,,,44.1,40.0,43.9,24.5,22.2,24.4,,,,,,,45.0,81.0,,,,,,47.0,39.0,9.0,,,,,,,,62-63 IT- and information services,"IT- and information services 
This category is made up of the categories: 
62 Support activities in the field of IT 
63 Information service activities",24,1995
1801,395005 ,1996JJ00,2497.0,2251.0,246.0,2470.0,25.9,25.3,25.3,42.5,38.3,42.1,23.7,21.4,23.5,-3.6,-4.1,-4.1,-3.2,-3.7,-3.6,59.0,105.0,,,,30.6,30.0,62.0,50.0,12.0,,,,,,,30.6,62-63 IT- and information services,"IT- and information services 
This category is made up of the categories: 
62 Support activities in the field of IT 
63 Information service activities",24,1996
1802,395005 ,1997JJ00,3111.0,2834.0,277.0,3078.0,24.6,25.9,24.6,44.1,40.2,43.6,24.7,22.5,24.5,3.7,4.8,3.7,4.2,5.3,4.2,71.0,126.0,,,,20.1,19.5,73.0,59.0,14.0,,,,,,,19.3,62-63 IT- and information services,"IT- and information services 
This category is made up of the categories: 
62 Support activities in the field of IT 
63 Information service activities",24,1997
1803,395005 ,1998JJ00,3994.0,3374.0,620.0,3951.0,28.4,19.1,28.4,46.2,39.0,45.7,25.8,21.8,25.6,4.8,-2.8,4.7,4.4,-3.1,4.4,86.0,155.0,,,,22.6,22.9,91.0,73.0,18.0,,,,,,,24.0,62-63 IT- and information services,"IT- and information services 
This category is made up of the categories: 
62 Support activities in the field of IT 
63 Information service activities",24,1998
1804,395005 ,1999JJ00,4911.0,4132.0,779.0,4877.0,22.9,22.4,23.4,48.9,41.2,48.6,27.1,22.8,26.9,5.9,5.5,6.3,5.0,4.6,5.4,100.0,181.0,,,,16.1,17.1,106.0,85.0,21.0,,,,,,,16.6,62-63 IT- and information services,"IT- and information services 
This category is made up of the categories: 
62 Support activities in the field of IT 
63 Information service activities",24,1999
1805,395005 ,2000JJ00,5665.0,4709.0,956.0,5631.0,15.4,14.0,15.5,52.0,43.2,51.7,29.0,24.1,28.8,6.2,4.9,6.3,6.8,5.5,6.9,109.0,196.0,,,,8.6,8.1,115.0,91.0,24.0,,,,,,,8.8,62-63 IT- and information services,"IT- and information services 
This category is made up of the categories: 
62 Support activities in the field of IT 
63 Information service activities",24,2000
1806,395005 ,2001JJ00,6095.0,5297.0,798.0,6058.0,7.6,12.5,7.6,52.4,45.5,52.0,29.2,25.4,29.1,0.7,5.3,0.7,0.9,5.5,0.9,116.0,208.0,,,,6.8,6.6,125.0,97.0,28.0,,,,,,,8.1,62-63 IT- and information services,"IT- and information services 
This category is made up of the categories: 
62 Support activities in the field of IT 
63 Information service activities",24,2001
1807,395005 ,2002JJ00,6090.0,5104.0,986.0,6047.0,-0.1,-3.7,-0.2,55.7,46.7,55.3,31.3,26.2,31.1,6.4,2.6,6.3,7.0,3.2,6.9,109.0,195.0,,,,-6.1,-6.6,119.0,93.0,26.0,,,,,,,-4.8,62-63 IT- and information services,"IT- and information services 
This category is made up of the categories: 
62 Support activities in the field of IT 
63 Information service activities",24,2002
1808,395005 ,2003JJ00,6198.0,5115.0,1083.0,6162.0,1.8,0.2,1.9,58.4,48.2,58.0,33.3,27.5,33.1,4.8,3.2,4.9,6.5,4.8,6.6,106.0,186.0,,,,-2.9,-4.4,115.0,91.0,24.0,,,,,,,-3.1,62-63 IT- and information services,"IT- and information services 
This category is made up of the categories: 
62 Support activities in the field of IT 
63 Information service activities",24,2003
1809,395005 ,2004JJ00,6267.0,5114.0,1153.0,6223.0,1.1,0.0,1.0,60.4,49.3,60.0,33.7,27.5,33.5,3.4,2.3,3.3,1.3,0.2,1.2,104.0,186.0,,,,-2.2,-0.2,111.0,89.0,22.0,,,,,,,-3.3,62-63 IT- and information services,"IT- and information services 
This category is made up of the categories: 
62 Support activities in the field of IT 
63 Information service activities",24,2004
1810,395005 ,2005JJ00,6798.0,5635.0,1163.0,6758.0,8.5,10.2,8.6,61.2,50.7,60.8,34.4,28.5,34.2,1.3,2.9,1.4,2.0,3.6,2.1,111.0,198.0,,,,7.0,6.4,119.0,96.0,23.0,,,,,,,7.2,62-63 IT- and information services,"IT- and information services 
This category is made up of the categories: 
62 Support activities in the field of IT 
63 Information service activities",24,2005
1811,395005 ,2006JJ00,7333.0,6146.0,1187.0,7284.0,7.9,9.1,7.8,62.1,52.0,61.7,35.2,29.5,34.9,1.5,2.6,1.4,2.3,3.4,2.2,118.0,208.0,,,,6.3,5.5,127.0,101.0,26.0,,,,,,,6.7,62-63 IT- and information services,"IT- and information services 
This category is made up of the categories: 
62 Support activities in the field of IT 
63 Information service activities",24,2006
1812,395005 ,2007JJ00,8119.0,6809.0,1310.0,8065.0,10.7,10.8,10.7,64.0,53.7,63.5,36.1,30.3,35.9,3.0,3.1,3.0,2.7,2.8,2.7,127.0,225.0,,,,7.4,7.8,137.0,109.0,28.0,,,,,,,8.1,62-63 IT- and information services,"IT- and information services 
This category is made up of the categories: 
62 Support activities in the field of IT 
63 Information service activities",24,2007
1813,395005 ,2008JJ00,9038.0,7502.0,1536.0,8988.0,11.3,10.2,11.5,66.6,55.3,66.3,37.5,31.2,37.3,4.2,3.1,4.3,3.9,2.9,4.0,136.0,241.0,,,,6.9,7.1,147.0,116.0,31.0,,,,,,,6.8,62-63 IT- and information services,"IT- and information services 
This category is made up of the categories: 
62 Support activities in the field of IT 
63 Information service activities",24,2008
1814,395005 ,2009JJ00,9496.0,7593.0,1903.0,9397.0,5.1,1.2,4.6,70.0,56.0,69.3,39.4,31.5,39.0,5.1,1.3,4.6,4.9,1.1,4.4,136.0,241.0,,,,0.0,0.1,147.0,116.0,31.0,,,,,,,0.1,62-63 IT- and information services,"IT- and information services 
This category is made up of the categories: 
62 Support activities in the field of IT 
63 Information service activities",24,2009
1815,395005 ,2010JJ00,9119.0,7495.0,1624.0,8982.0,-4.0,-1.3,-4.4,69.2,56.9,68.2,38.9,32.0,38.4,-1.1,1.6,-1.6,-1.2,1.6,-1.6,132.0,234.0,273.0,272.0,1.0,-2.9,-2.8,143.0,114.0,29.0,106.0,94.0,12.0,37.0,20.0,17.0,-2.6,62-63 IT- and information services,"IT- and information services 
This category is made up of the categories: 
62 Support activities in the field of IT 
63 Information service activities",24,2010
1816,395005 ,2011JJ00,9521.0,7821.0,1700.0,9372.0,4.4,4.3,4.3,71.3,58.6,70.2,39.9,32.7,39.2,3.0,2.9,2.9,2.4,2.3,2.3,134.0,239.0,276.0,275.0,1.0,1.4,2.0,146.0,116.0,30.0,107.0,95.0,12.0,39.0,22.0,18.0,2.0,62-63 IT- and information services,"IT- and information services 
This category is made up of the categories: 
62 Support activities in the field of IT 
63 Information service activities",24,2011
1817,395005 ,2012JJ00,9842.0,8000.0,1842.0,9713.0,3.4,2.3,3.6,72.5,59.0,71.6,40.8,33.1,40.2,1.7,0.7,2.0,2.3,1.2,2.5,136.0,241.0,282.0,280.0,1.0,1.6,1.1,148.0,118.0,30.0,108.0,96.0,12.0,40.0,22.0,18.0,1.5,62-63 IT- and information services,"IT- and information services 
This category is made up of the categories: 
62 Support activities in the field of IT 
63 Information service activities",24,2012
1818,395005 ,2013JJ00,9904.0,7989.0,1915.0,9782.0,0.6,-0.1,0.7,73.4,59.2,72.5,41.0,33.1,40.5,1.1,0.4,1.2,0.6,-0.2,0.7,135.0,242.0,282.0,280.0,1.0,-0.5,0.0,148.0,117.0,31.0,108.0,96.0,13.0,40.0,21.0,18.0,-0.4,62-63 IT- and information services,"IT- and information services 
This category is made up of the categories: 
62 Support activities in the field of IT 
63 Information service activities",24,2013
1819,395005 ,2014JJ00,10036.0,8176.0,1860.0,9898.0,1.3,2.3,1.2,71.7,58.4,70.7,39.8,32.4,39.2,-2.2,-1.3,-2.4,-3.0,-2.1,-3.2,140.0,252.0,292.0,291.0,1.0,3.6,4.5,152.0,120.0,32.0,111.0,98.0,13.0,41.0,22.0,18.0,2.9,62-63 IT- and information services,"IT- and information services 
This category is made up of the categories: 
62 Support activities in the field of IT 
63 Information service activities",24,2014
1820,395005 ,2015JJ00,10561.0,8723.0,1838.0,10416.0,5.2,6.7,5.2,71.5,59.0,70.5,39.9,32.9,39.3,-0.3,1.1,-0.3,0.2,1.6,0.2,148.0,265.0,308.0,307.0,1.0,5.6,5.0,161.0,126.0,35.0,118.0,103.0,15.0,43.0,23.0,20.0,5.7,62-63 IT- and information services,"IT- and information services 
This category is made up of the categories: 
62 Support activities in the field of IT 
63 Information service activities",24,2015
1821,395005 ,2016JJ00,11429.0,9439.0,1990.0,11253.0,8.2,8.2,8.0,73.8,61.0,72.7,41.2,34.0,40.6,3.3,3.3,3.1,3.4,3.4,3.2,155.0,277.0,322.0,321.0,1.0,4.8,4.7,169.0,131.0,38.0,123.0,106.0,16.0,46.0,25.0,21.0,5.1,62-63 IT- and information services,"IT- and information services 
This category is made up of the categories: 
62 Support activities in the field of IT 
63 Information service activities",24,2016
1822,395005 ,2017JJ00,12337.0,10202.0,2135.0,12159.0,7.9,8.1,8.1,74.8,61.9,73.7,42.0,34.7,41.4,1.3,1.4,1.4,1.9,2.1,2.0,165.0,294.0,343.0,342.0,1.0,6.5,5.9,181.0,140.0,41.0,129.0,111.0,18.0,52.0,29.0,23.0,7.5,62-63 IT- and information services,"IT- and information services 
This category is made up of the categories: 
62 Support activities in the field of IT 
63 Information service activities",24,2017
1823,395005 ,2018JJ00,13504.0,11096.0,2408.0,13323.0,9.5,8.8,9.6,76.4,62.8,75.4,43.1,35.4,42.5,2.1,1.5,2.3,2.5,1.9,2.6,177.0,314.0,369.0,368.0,1.0,7.2,6.8,194.0,149.0,46.0,138.0,118.0,20.0,56.0,31.0,25.0,6.9,62-63 IT- and information services,"IT- and information services 
This category is made up of the categories: 
62 Support activities in the field of IT 
63 Information service activities",24,2018
1824,395005 ,2019JJ00,15011.0,12258.0,2753.0,14812.0,11.2,10.5,11.2,79.5,64.9,78.4,44.9,36.7,44.3,4.0,3.3,4.0,4.2,3.6,4.3,189.0,334.0,395.0,393.0,1.0,6.9,6.6,207.0,157.0,50.0,147.0,124.0,23.0,59.0,33.0,27.0,6.5,62-63 IT- and information services,"IT- and information services 
This category is made up of the categories: 
62 Support activities in the field of IT 
63 Information service activities",24,2019
1825,395005 ,2020JJ00,16045.0,13147.0,2898.0,15573.0,6.9,7.3,5.1,80.8,66.2,78.4,45.7,37.5,44.4,1.7,2.0,0.0,1.9,2.3,0.3,199.0,351.0,416.0,415.0,1.0,5.1,4.9,218.0,165.0,54.0,154.0,129.0,25.0,64.0,36.0,29.0,5.7,62-63 IT- and information services,"IT- and information services 
This category is made up of the categories: 
62 Support activities in the field of IT 
63 Information service activities",24,2020
1826,395005 ,2021JJ00,18225.0,14884.0,3341.0,17826.0,13.6,13.2,14.5,86.7,70.8,84.8,49.1,40.1,48.0,7.4,7.0,8.2,7.3,6.9,8.1,210.0,371.0,439.0,438.0,1.0,5.8,5.9,232.0,173.0,59.0,163.0,135.0,28.0,69.0,38.0,31.0,6.2,62-63 IT- and information services,"IT- and information services 
This category is made up of the categories: 
62 Support activities in the field of IT 
63 Information service activities",24,2021
1827,395005 ,2022JJ00,20177.0,16340.0,3837.0,19951.0,10.7,9.8,11.9,88.8,71.9,87.8,50.9,41.2,50.3,2.4,1.6,3.5,3.7,2.8,4.8,227.0,397.0,473.0,472.0,1.0,8.1,6.8,250.0,185.0,65.0,175.0,143.0,32.0,75.0,42.0,33.0,8.0,62-63 IT- and information services,"IT- and information services 
This category is made up of the categories: 
62 Support activities in the field of IT 
63 Information service activities",24,2022
1828,395005 ,2023JJ00,22139.0,17900.0,4239.0,21922.0,9.7,9.5,9.9,93.7,75.8,92.8,54.1,43.7,53.5,5.5,5.4,5.7,6.3,6.1,6.4,236.0,410.0,491.0,490.0,1.0,4.0,3.3,260.0,192.0,68.0,181.0,147.0,34.0,79.0,45.0,34.0,3.8,62-63 IT- and information services,"IT- and information services 
This category is made up of the categories: 
62 Support activities in the field of IT 
63 Information service activities",24,2023
1829,395005 ,2024JJ00,23560.0,19080.0,4480.0,23315.0,6.4,6.6,6.4,99.3,80.4,98.3,56.8,46.0,56.2,5.9,6.1,5.9,5.1,5.2,5.0,237.0,415.0,497.0,496.0,1.0,0.5,1.3,261.0,193.0,68.0,181.0,146.0,35.0,80.0,47.0,33.0,0.4,62-63 IT- and information services,"IT- and information services 
This category is made up of the categories: 
62 Support activities in the field of IT 
63 Information service activities",24,2024
1830,396300 ,1995JJ00,8827.0,7639.0,1188.0,8819.0,,,,44.2,38.2,44.1,25.9,22.4,25.9,,,,,,,200.0,340.0,,,,,,224.0,124.0,101.0,,,,,,,,K Financial institutions,Financial institutions,3,1995
1831,396300 ,1996JJ00,9327.0,8101.0,1226.0,9305.0,5.7,6.0,5.5,45.7,39.7,45.6,26.7,23.2,26.7,3.4,3.8,3.3,3.0,3.4,2.9,204.0,349.0,,,,2.2,2.5,229.0,127.0,102.0,,,,,,,2.2,K Financial institutions,Financial institutions,3,1996
1832,396300 ,1997JJ00,10309.0,8815.0,1494.0,10277.0,10.5,8.8,10.4,47.4,40.6,47.3,28.0,23.9,27.9,3.9,2.3,3.8,4.8,3.1,4.7,217.0,368.0,,,,6.4,5.5,242.0,134.0,108.0,,,,,,,5.5,K Financial institutions,Financial institutions,3,1997
1833,396300 ,1998JJ00,11008.0,8944.0,2064.0,10967.0,6.8,1.5,6.7,48.1,39.1,48.0,28.3,23.0,28.2,1.5,-3.6,1.4,1.2,-3.9,1.1,229.0,389.0,,,,5.2,5.5,255.0,142.0,113.0,,,,,,,5.6,K Financial institutions,Financial institutions,3,1998
1834,396300 ,1999JJ00,12273.0,9953.0,2320.0,12243.0,11.5,11.3,11.6,51.7,41.9,51.6,30.4,24.7,30.3,7.4,7.2,7.6,7.3,7.1,7.4,237.0,404.0,,,,3.8,3.9,267.0,147.0,120.0,,,,,,,4.5,K Financial institutions,Financial institutions,3,1999
1835,396300 ,2000JJ00,13514.0,10937.0,2577.0,13486.0,10.1,9.9,10.1,55.2,44.7,55.1,32.8,26.5,32.7,6.7,6.5,6.8,7.9,7.7,7.9,245.0,412.0,,,,3.2,2.1,276.0,151.0,125.0,,,,,,,3.5,K Financial institutions,Financial institutions,3,2000
1836,396300 ,2001JJ00,14000.0,11693.0,2307.0,13974.0,3.6,6.9,3.6,57.2,47.8,57.1,34.0,28.4,33.9,3.6,6.9,3.6,3.7,7.0,3.7,245.0,412.0,,,,0.0,-0.1,280.0,154.0,126.0,,,,,,,1.5,K Financial institutions,Financial institutions,3,2001
1837,396300 ,2002JJ00,15656.0,12221.0,3435.0,15626.0,11.8,4.5,11.8,64.4,50.3,64.3,38.5,30.0,38.4,12.7,5.3,12.7,13.1,5.7,13.1,243.0,407.0,,,,-0.8,-1.1,276.0,153.0,123.0,,,,,,,-1.3,K Financial institutions,Financial institutions,3,2002
1838,396300 ,2003JJ00,15498.0,12487.0,3011.0,15463.0,-1.0,2.2,-1.1,65.1,52.5,65.0,38.7,31.2,38.6,1.0,4.3,1.0,0.7,3.9,0.6,238.0,400.0,,,,-2.0,-1.7,272.0,151.0,121.0,,,,,,,-1.5,K Financial institutions,Financial institutions,3,2003
1839,396300 ,2004JJ00,15704.0,12749.0,2955.0,15658.0,1.3,2.1,1.3,67.5,54.8,67.3,39.6,32.2,39.5,3.6,4.4,3.5,2.4,3.2,2.4,233.0,396.0,,,,-2.2,-1.1,266.0,147.0,119.0,,,,,,,-2.3,K Financial institutions,Financial institutions,3,2004
1840,396300 ,2005JJ00,16266.0,13043.0,3223.0,16239.0,3.6,2.3,3.7,70.2,56.3,70.1,41.6,33.4,41.6,4.0,2.8,4.2,5.0,3.7,5.1,232.0,391.0,,,,-0.4,-1.3,265.0,146.0,119.0,,,,,,,-0.3,K Financial institutions,Financial institutions,3,2005
1841,396300 ,2006JJ00,16970.0,14002.0,2968.0,16948.0,4.3,7.4,4.4,70.4,58.1,70.3,41.7,34.4,41.7,0.3,3.2,0.4,0.3,3.2,0.3,241.0,407.0,,,,4.0,4.0,276.0,153.0,123.0,,,,,,,4.0,K Financial institutions,Financial institutions,3,2006
1842,396300 ,2007JJ00,18342.0,14955.0,3387.0,18321.0,8.1,6.8,8.1,76.0,62.0,75.9,45.0,36.7,45.0,8.0,6.7,8.0,7.9,6.6,7.9,241.0,407.0,,,,0.1,0.2,276.0,152.0,124.0,,,,,,,0.0,K Financial institutions,Financial institutions,3,2007
1843,396300 ,2008JJ00,18606.0,14718.0,3888.0,18581.0,1.4,-1.6,1.4,79.1,62.6,79.0,46.6,36.8,46.5,4.1,1.0,4.1,3.4,0.3,3.4,235.0,400.0,,,,-2.6,-1.9,269.0,148.0,122.0,,,,,,,-2.2,K Financial institutions,Financial institutions,3,2008
1844,396300 ,2009JJ00,17921.0,14527.0,3394.0,17876.0,-3.7,-1.3,-3.8,77.5,62.8,77.3,45.6,37.0,45.5,-2.1,0.3,-2.2,-2.0,0.4,-2.1,231.0,393.0,,,,-1.6,-1.7,264.0,145.0,119.0,,,,,,,-2.0,K Financial institutions,Financial institutions,3,2009
1845,396300 ,2010JJ00,17733.0,14329.0,3404.0,17694.0,-1.1,-1.4,-1.0,78.9,63.7,78.7,46.6,37.7,46.5,1.8,1.5,1.8,2.3,1.9,2.3,225.0,380.0,443.0,442.0,2.0,-2.8,-3.2,256.0,142.0,114.0,166.0,121.0,44.0,90.0,20.0,70.0,-3.0,K Financial institutions,Financial institutions,3,2010
1846,396300 ,2011JJ00,17982.0,14385.0,3597.0,17954.0,1.4,0.4,1.5,81.5,65.2,81.4,48.1,38.4,48.0,3.3,2.3,3.4,3.0,2.0,3.1,221.0,374.0,431.0,430.0,1.0,-1.9,-1.6,251.0,140.0,111.0,164.0,121.0,43.0,87.0,19.0,68.0,-2.0,K Financial institutions,Financial institutions,3,2011
1847,396300 ,2012JJ00,17871.0,14273.0,3598.0,17823.0,-0.6,-0.8,-0.7,82.8,66.1,82.5,49.2,39.3,49.0,1.5,1.4,1.4,2.3,2.1,2.2,216.0,363.0,425.0,424.0,1.0,-2.1,-2.9,245.0,136.0,108.0,159.0,117.0,42.0,85.0,19.0,66.0,-2.6,K Financial institutions,Financial institutions,3,2012
1848,396300 ,2013JJ00,18817.0,14530.0,4287.0,18864.0,5.3,1.8,5.8,89.6,69.2,89.8,52.9,40.9,53.1,8.3,4.7,8.8,7.7,4.1,8.2,210.0,355.0,417.0,416.0,1.0,-2.7,-2.2,237.0,132.0,105.0,154.0,113.0,41.0,83.0,19.0,64.0,-2.9,K Financial institutions,Financial institutions,3,2013
1849,396300 ,2014JJ00,18798.0,13993.0,4805.0,18837.0,-0.1,-3.7,-0.1,92.9,69.2,93.1,54.4,40.5,54.5,3.7,0.0,3.7,2.7,-1.0,2.7,202.0,346.0,403.0,401.0,1.0,-3.7,-2.7,228.0,127.0,101.0,148.0,109.0,39.0,80.0,19.0,62.0,-3.9,K Financial institutions,Financial institutions,3,2014
1850,396300 ,2015JJ00,18254.0,13749.0,4505.0,18243.0,-2.9,-1.7,-3.2,92.9,70.0,92.9,54.6,41.1,54.5,0.0,1.2,-0.2,0.3,1.5,0.1,196.0,334.0,391.0,390.0,1.0,-2.9,-3.2,221.0,122.0,99.0,144.0,104.0,39.0,78.0,18.0,60.0,-3.1,K Financial institutions,Financial institutions,3,2015
1851,396300 ,2016JJ00,18403.0,13689.0,4714.0,18377.0,0.8,-0.4,0.7,95.7,71.2,95.6,56.1,41.7,56.0,3.0,1.7,2.9,2.8,1.6,2.8,192.0,328.0,382.0,381.0,1.0,-2.1,-2.0,216.0,119.0,97.0,140.0,101.0,39.0,76.0,18.0,58.0,-2.3,K Financial institutions,Financial institutions,3,2016
1852,396300 ,2017JJ00,18162.0,13210.0,4952.0,18178.0,-1.3,-3.5,-1.1,99.2,72.1,99.3,57.9,42.1,58.0,3.6,1.3,3.9,3.2,0.9,3.4,183.0,314.0,364.0,363.0,1.0,-4.8,-4.3,206.0,115.0,92.0,132.0,96.0,36.0,74.0,18.0,56.0,-4.6,K Financial institutions,Financial institutions,3,2017
1853,396300 ,2018JJ00,17861.0,13199.0,4662.0,17860.0,-1.6,-0.1,-1.7,99.6,73.6,99.6,58.1,42.9,58.1,0.5,2.1,0.4,0.3,1.9,0.2,179.0,308.0,359.0,358.0,1.0,-2.1,-1.9,202.0,113.0,89.0,130.0,94.0,35.0,73.0,19.0,54.0,-2.1,K Financial institutions,Financial institutions,3,2018
1854,396300 ,2019JJ00,18192.0,13552.0,4640.0,18185.0,1.8,2.7,1.8,101.9,75.9,101.8,59.4,44.2,59.3,2.3,3.1,2.2,2.2,3.0,2.2,179.0,307.0,358.0,357.0,1.0,-0.4,-0.3,201.0,113.0,88.0,130.0,94.0,36.0,71.0,19.0,52.0,-0.4,K Financial institutions,Financial institutions,3,2019
1855,396300 ,2020JJ00,19051.0,14135.0,4916.0,19004.0,4.7,4.3,4.5,105.1,78.0,104.8,61.5,45.6,61.3,3.1,2.7,2.9,3.6,3.2,3.4,181.0,310.0,365.0,364.0,1.0,1.5,1.1,204.0,114.0,89.0,132.0,94.0,38.0,72.0,20.0,52.0,1.3,K Financial institutions,Financial institutions,3,2020
1856,396300 ,2021JJ00,20369.0,15053.0,5316.0,20323.0,6.9,6.5,6.9,110.5,81.7,110.3,64.4,47.6,64.2,5.2,4.8,5.2,4.7,4.3,4.7,184.0,316.0,370.0,369.0,1.0,1.6,2.1,205.0,116.0,89.0,136.0,96.0,40.0,69.0,20.0,49.0,0.7,K Financial institutions,Financial institutions,3,2021
1857,396300 ,2022JJ00,21189.0,15899.0,5290.0,21222.0,4.0,5.6,4.4,111.6,83.8,111.8,65.5,49.2,65.6,1.0,2.5,1.4,1.8,3.3,2.2,190.0,323.0,379.0,379.0,1.0,3.0,2.2,212.0,119.0,92.0,140.0,98.0,42.0,71.0,21.0,50.0,3.1,K Financial institutions,Financial institutions,3,2022
1858,396300 ,2023JJ00,22341.0,17035.0,5306.0,22387.0,5.4,7.1,5.5,114.8,87.5,115.0,67.8,51.7,67.9,2.8,4.5,2.9,3.4,5.1,3.5,195.0,330.0,389.0,389.0,1.0,2.6,1.9,217.0,121.0,95.0,143.0,99.0,44.0,73.0,22.0,51.0,2.4,K Financial institutions,Financial institutions,3,2023
1859,396300 ,2024JJ00,23873.0,18119.0,5754.0,23883.0,6.9,6.4,6.7,118.4,89.9,118.5,69.7,52.9,69.7,3.2,2.7,3.0,2.8,2.4,2.7,202.0,343.0,407.0,406.0,1.0,3.5,3.9,225.0,126.0,99.0,143.0,99.0,45.0,81.0,27.0,54.0,3.7,K Financial institutions,Financial institutions,3,2024
1860,396400 ,1995JJ00,4423.0,3888.0,535.0,4416.0,,,,43.5,38.2,43.4,25.6,22.5,25.5,,,,,,,102.0,173.0,,,,,,115.0,60.0,55.0,,,,,,,,"64 Financial institutions, no insurance","Financial institutions, except insurance and pension funding",14,1995
1861,396400 ,1996JJ00,4609.0,4073.0,536.0,4594.0,4.2,4.7,4.0,44.4,39.3,44.3,26.1,23.1,26.1,2.1,2.6,1.9,2.2,2.7,2.0,104.0,176.0,,,,2.0,1.9,117.0,62.0,55.0,,,,,,,1.6,"64 Financial institutions, no insurance","Financial institutions, except insurance and pension funding",14,1996
1862,396400 ,1997JJ00,5309.0,4513.0,796.0,5289.0,15.2,10.8,15.1,48.1,40.8,47.9,28.6,24.3,28.5,8.2,4.1,8.1,9.5,5.3,9.4,110.0,186.0,,,,6.5,5.2,123.0,65.0,58.0,,,,,,,5.4,"64 Financial institutions, no insurance","Financial institutions, except insurance and pension funding",14,1997
1863,396400 ,1998JJ00,5734.0,4631.0,1103.0,5708.0,8.0,2.6,7.9,49.2,39.7,48.9,29.2,23.6,29.1,2.3,-2.8,2.2,2.0,-3.1,1.9,117.0,196.0,,,,5.6,5.9,129.0,69.0,60.0,,,,,,,4.9,"64 Financial institutions, no insurance","Financial institutions, except insurance and pension funding",14,1998
1864,396400 ,1999JJ00,6613.0,5361.0,1252.0,6594.0,15.3,15.7,15.5,53.4,43.3,53.2,31.7,25.7,31.6,8.5,8.9,8.7,8.4,8.8,8.6,124.0,209.0,,,,6.3,6.4,138.0,73.0,65.0,,,,,,,6.7,"64 Financial institutions, no insurance","Financial institutions, except insurance and pension funding",14,1999
1865,396400 ,2000JJ00,7414.0,6017.0,1397.0,7396.0,12.1,12.2,12.1,57.7,46.8,57.6,34.5,28.0,34.4,8.2,8.3,8.2,9.1,9.2,9.1,128.0,215.0,,,,3.6,2.8,144.0,76.0,67.0,,,,,,,4.3,"64 Financial institutions, no insurance","Financial institutions, except insurance and pension funding",14,2000
1866,396400 ,2001JJ00,7829.0,6502.0,1327.0,7811.0,5.6,8.1,5.6,61.1,50.7,60.9,36.6,30.4,36.5,5.8,8.3,5.8,6.1,8.5,6.1,128.0,214.0,,,,-0.2,-0.4,145.0,77.0,68.0,,,,,,,1.4,"64 Financial institutions, no insurance","Financial institutions, except insurance and pension funding",14,2001
1867,396400 ,2002JJ00,8977.0,6800.0,2177.0,8957.0,14.7,4.6,14.7,71.2,53.9,71.0,42.8,32.4,42.7,16.6,6.3,16.6,17.0,6.7,17.0,126.0,210.0,,,,-1.6,-2.0,142.0,77.0,65.0,,,,,,,-2.5,"64 Financial institutions, no insurance","Financial institutions, except insurance and pension funding",14,2002
1868,396400 ,2003JJ00,8593.0,6856.0,1737.0,8572.0,-4.3,0.8,-4.3,70.9,56.5,70.7,42.5,33.9,42.4,-0.5,4.8,-0.5,-0.8,4.5,-0.8,121.0,202.0,,,,-3.8,-3.5,136.0,75.0,62.0,,,,,,,-3.8,"64 Financial institutions, no insurance","Financial institutions, except insurance and pension funding",14,2003
1869,396400 ,2004JJ00,8647.0,6971.0,1676.0,8620.0,0.6,1.7,0.6,73.6,59.3,73.3,44.0,35.5,43.9,3.8,4.9,3.7,3.6,4.7,3.5,118.0,197.0,,,,-3.1,-2.8,132.0,71.0,61.0,,,,,,,-3.0,"64 Financial institutions, no insurance","Financial institutions, except insurance and pension funding",14,2004
1870,396400 ,2005JJ00,9264.0,7267.0,1997.0,9242.0,7.1,4.2,7.2,77.8,61.0,77.6,47.1,36.9,46.9,5.8,2.9,5.9,6.9,4.1,7.0,119.0,197.0,,,,1.3,0.2,134.0,73.0,61.0,,,,,,,1.4,"64 Financial institutions, no insurance","Financial institutions, except insurance and pension funding",14,2005
1871,396400 ,2006JJ00,9122.0,7559.0,1563.0,9105.0,-1.5,4.0,-1.5,76.1,63.0,75.9,45.7,37.9,45.7,-2.2,3.3,-2.2,-2.8,2.7,-2.7,120.0,199.0,,,,0.7,1.3,135.0,73.0,62.0,,,,,,,0.8,"64 Financial institutions, no insurance","Financial institutions, except insurance and pension funding",14,2006
1872,396400 ,2007JJ00,10309.0,8241.0,2068.0,10292.0,13.0,9.0,13.0,84.3,67.4,84.2,50.8,40.6,50.8,10.8,6.9,10.8,11.1,7.2,11.1,122.0,203.0,,,,2.0,1.7,137.0,73.0,64.0,,,,,,,1.5,"64 Financial institutions, no insurance","Financial institutions, except insurance and pension funding",14,2007
1873,396400 ,2008JJ00,10274.0,7825.0,2449.0,10254.0,-0.4,-5.1,-0.4,88.6,67.5,88.4,53.0,40.4,52.9,5.1,0.1,5.0,4.3,-0.6,4.3,116.0,194.0,,,,-5.2,-4.5,131.0,69.0,62.0,,,,,,,-4.8,"64 Financial institutions, no insurance","Financial institutions, except insurance and pension funding",14,2008
1874,396400 ,2009JJ00,9638.0,7724.0,1914.0,9599.0,-6.2,-1.3,-6.4,83.3,66.8,83.0,49.8,39.9,49.6,-5.9,-1.0,-6.1,-6.1,-1.2,-6.3,116.0,194.0,,,,-0.3,0.0,130.0,68.0,61.0,,,,,,,-0.7,"64 Financial institutions, no insurance","Financial institutions, except insurance and pension funding",14,2009
1875,396400 ,2010JJ00,9322.0,7387.0,1935.0,9290.0,-3.3,-4.4,-3.2,87.1,69.0,86.8,52.2,41.3,52.0,4.5,3.4,4.6,4.8,3.7,4.9,107.0,179.0,208.0,207.0,1.0,-7.5,-7.8,119.0,65.0,53.0,80.0,58.0,23.0,38.0,8.0,31.0,-8.5,"64 Financial institutions, no insurance","Financial institutions, except insurance and pension funding",14,2010
1876,396400 ,2011JJ00,9924.0,7910.0,2014.0,9901.0,6.5,7.1,6.6,88.6,70.6,88.4,52.9,42.2,52.8,1.8,2.4,1.9,1.4,2.0,1.5,112.0,188.0,215.0,214.0,1.0,4.6,5.0,123.0,69.0,54.0,85.0,62.0,23.0,38.0,7.0,31.0,3.7,"64 Financial institutions, no insurance","Financial institutions, except insurance and pension funding",14,2011
1877,396400 ,2012JJ00,9728.0,7748.0,1980.0,9691.0,-2.0,-2.1,-2.1,89.3,71.1,89.0,53.7,42.8,53.5,0.8,0.7,0.6,1.5,1.4,1.4,109.0,181.0,212.0,212.0,0.0,-2.7,-3.4,119.0,67.0,53.0,83.0,60.0,23.0,36.0,7.0,30.0,-3.1,"64 Financial institutions, no insurance","Financial institutions, except insurance and pension funding",14,2012
1878,396400 ,2013JJ00,10467.0,7918.0,2549.0,10477.0,7.6,2.2,8.1,99.3,75.1,99.4,59.4,44.9,59.4,11.2,5.6,11.7,10.5,4.9,11.0,105.0,176.0,208.0,207.0,0.0,-3.2,-2.6,115.0,64.0,51.0,80.0,58.0,23.0,35.0,6.0,29.0,-3.3,"64 Financial institutions, no insurance","Financial institutions, except insurance and pension funding",14,2013
1879,396400 ,2014JJ00,10251.0,7443.0,2808.0,10265.0,-2.1,-6.0,-2.0,103.3,75.0,103.4,61.0,44.3,61.1,4.0,-0.2,4.1,2.7,-1.4,2.8,99.0,168.0,196.0,196.0,0.0,-5.8,-4.7,108.0,61.0,48.0,76.0,54.0,21.0,33.0,6.0,26.0,-5.9,"64 Financial institutions, no insurance","Financial institutions, except insurance and pension funding",14,2014
1880,396400 ,2015JJ00,9072.0,7027.0,2045.0,9061.0,-11.5,-5.6,-11.7,97.7,75.7,97.6,58.0,44.9,57.9,-5.4,0.9,-5.6,-4.8,1.5,-5.1,93.0,156.0,183.0,183.0,0.0,-6.5,-7.0,102.0,57.0,45.0,71.0,51.0,20.0,31.0,6.0,24.0,-6.1,"64 Financial institutions, no insurance","Financial institutions, except insurance and pension funding",14,2015
1881,396400 ,2016JJ00,9172.0,7067.0,2105.0,9149.0,1.1,0.6,1.0,101.2,78.0,101.0,60.0,46.2,59.8,3.6,3.1,3.5,3.3,2.8,3.2,91.0,153.0,179.0,178.0,0.0,-2.4,-2.2,99.0,56.0,43.0,71.0,50.0,21.0,28.0,6.0,22.0,-2.9,"64 Financial institutions, no insurance","Financial institutions, except insurance and pension funding",14,2016
1882,396400 ,2017JJ00,8860.0,6618.0,2242.0,8843.0,-3.4,-6.4,-3.4,106.5,79.6,106.3,62.9,47.0,62.7,5.2,2.0,5.3,4.9,1.7,4.9,83.0,141.0,164.0,163.0,0.0,-8.2,-7.9,91.0,52.0,39.0,65.0,46.0,19.0,26.0,6.0,20.0,-8.2,"64 Financial institutions, no insurance","Financial institutions, except insurance and pension funding",14,2017
1883,396400 ,2018JJ00,8669.0,6591.0,2078.0,8649.0,-2.1,-0.4,-2.2,107.5,81.7,107.2,63.1,48.0,63.0,0.9,2.7,0.9,0.4,2.2,0.4,81.0,137.0,160.0,160.0,0.0,-3.0,-2.5,88.0,51.0,37.0,63.0,45.0,18.0,25.0,6.0,19.0,-3.2,"64 Financial institutions, no insurance","Financial institutions, except insurance and pension funding",14,2018
1884,396400 ,2019JJ00,8903.0,6785.0,2118.0,8882.0,2.7,2.9,2.7,109.7,83.6,109.4,64.1,48.9,64.0,2.1,2.3,2.0,1.6,1.9,1.6,81.0,139.0,161.0,161.0,0.0,0.6,1.1,88.0,51.0,37.0,64.0,45.0,19.0,24.0,6.0,18.0,0.4,"64 Financial institutions, no insurance","Financial institutions, except insurance and pension funding",14,2019
1885,396400 ,2020JJ00,9295.0,7029.0,2266.0,9263.0,4.4,3.6,4.3,111.6,84.4,111.3,65.5,49.5,65.2,1.8,1.0,1.7,2.0,1.3,1.9,83.0,142.0,166.0,166.0,0.0,2.5,2.3,90.0,52.0,38.0,67.0,46.0,20.0,23.0,6.0,17.0,2.1,"64 Financial institutions, no insurance","Financial institutions, except insurance and pension funding",14,2020
1886,396400 ,2021JJ00,9874.0,7481.0,2393.0,9840.0,6.2,6.4,6.2,116.5,88.3,116.1,68.5,51.9,68.2,4.4,4.6,4.4,4.6,4.8,4.6,85.0,144.0,168.0,168.0,0.0,1.8,1.6,91.0,53.0,38.0,69.0,47.0,22.0,22.0,6.0,16.0,0.8,"64 Financial institutions, no insurance","Financial institutions, except insurance and pension funding",14,2021
1887,396400 ,2022JJ00,10328.0,7755.0,2573.0,10339.0,4.6,3.7,5.1,119.2,89.5,119.3,70.5,53.0,70.6,2.3,1.4,2.7,3.0,2.1,3.5,87.0,146.0,172.0,172.0,0.0,2.3,1.5,93.0,54.0,39.0,71.0,48.0,23.0,22.0,6.0,16.0,2.2,"64 Financial institutions, no insurance","Financial institutions, except insurance and pension funding",14,2022
1888,396400 ,2023JJ00,11095.0,8416.0,2679.0,11088.0,7.4,8.5,7.2,123.4,93.6,123.3,73.5,55.7,73.4,3.5,4.6,3.3,4.1,5.2,4.0,90.0,151.0,178.0,178.0,0.0,3.8,3.2,96.0,55.0,41.0,74.0,49.0,25.0,22.0,6.0,16.0,3.5,"64 Financial institutions, no insurance","Financial institutions, except insurance and pension funding",14,2023
1889,396400 ,2024JJ00,11973.0,9036.0,2937.0,11973.0,7.9,7.4,8.0,126.8,95.7,126.8,74.8,56.4,74.8,2.8,2.3,2.9,1.8,1.3,1.9,94.0,160.0,190.0,190.0,0.0,5.0,6.0,101.0,58.0,43.0,74.0,49.0,25.0,27.0,9.0,18.0,5.5,"64 Financial institutions, no insurance","Financial institutions, except insurance and pension funding",14,2024
1890,398700 ,1995JJ00,2176.0,1900.0,276.0,2176.0,,,,47.8,41.8,47.8,29.6,25.8,29.6,,,,,,,45.0,74.0,,,,,,50.0,33.0,17.0,,,,,,,,65 Insurance and pension funding,Insurance and pension funding (no compulsory social security),14,1995
1891,398700 ,1996JJ00,2298.0,2009.0,289.0,2295.0,5.6,5.7,5.5,50.3,44.0,50.2,31.0,27.1,31.0,5.2,5.3,5.0,4.9,5.0,4.8,46.0,74.0,,,,0.4,0.7,50.0,33.0,17.0,,,,,,,-0.2,65 Insurance and pension funding,Insurance and pension funding (no compulsory social security),14,1996
1892,398700 ,1997JJ00,2422.0,2129.0,293.0,2418.0,5.4,6.0,5.3,49.5,43.6,49.5,30.7,27.0,30.7,-1.5,-0.9,-1.5,-0.9,-0.4,-1.0,49.0,79.0,,,,7.0,6.4,53.0,34.0,19.0,,,,,,,6.5,65 Insurance and pension funding,Insurance and pension funding (no compulsory social security),14,1997
1893,398700 ,1998JJ00,2426.0,2055.0,371.0,2422.0,0.2,-3.5,0.2,48.7,41.2,48.6,30.2,25.6,30.1,-1.8,-5.3,-1.8,-1.8,-5.4,-1.8,50.0,80.0,,,,2.0,2.1,55.0,35.0,20.0,,,,,,,3.0,65 Insurance and pension funding,Insurance and pension funding (no compulsory social security),14,1998
1894,398700 ,1999JJ00,2591.0,2174.0,417.0,2590.0,6.8,5.8,7.0,51.5,43.2,51.5,31.7,26.6,31.7,5.8,4.8,6.0,5.1,4.1,5.2,50.0,82.0,,,,0.9,1.6,56.0,35.0,21.0,,,,,,,1.7,65 Insurance and pension funding,Insurance and pension funding (no compulsory social security),14,1999
1895,398700 ,2000JJ00,2785.0,2323.0,462.0,2784.0,7.5,6.8,7.5,55.0,45.9,55.0,34.3,28.6,34.3,6.7,6.1,6.7,8.3,7.6,8.3,51.0,81.0,,,,0.7,-0.7,57.0,35.0,22.0,,,,,,,2.1,65 Insurance and pension funding,Insurance and pension funding (no compulsory social security),14,2000
1896,398700 ,2001JJ00,2718.0,2432.0,286.0,2720.0,-2.4,4.7,-2.3,53.9,48.2,53.9,33.6,30.1,33.6,-2.0,5.1,-1.9,-2.1,5.1,-2.0,50.0,81.0,,,,-0.4,-0.3,58.0,34.0,23.0,,,,,,,0.9,65 Insurance and pension funding,Insurance and pension funding (no compulsory social security),14,2001
1897,398700 ,2002JJ00,3144.0,2631.0,513.0,3145.0,15.7,8.2,15.6,60.0,50.2,60.0,37.7,31.6,37.7,11.4,4.2,11.4,12.2,4.9,12.1,52.0,83.0,,,,3.8,3.1,58.0,35.0,23.0,,,,,,,1.1,65 Insurance and pension funding,Insurance and pension funding (no compulsory social security),14,2002
1898,398700 ,2003JJ00,3244.0,2756.0,488.0,3242.0,3.2,4.7,3.1,61.8,52.5,61.7,37.9,32.2,37.9,3.0,4.5,2.9,0.5,2.1,0.4,52.0,86.0,,,,0.2,2.6,59.0,35.0,24.0,,,,,,,0.9,65 Insurance and pension funding,Insurance and pension funding (no compulsory social security),14,2003
1899,398700 ,2004JJ00,3301.0,2835.0,466.0,3295.0,1.8,2.9,1.6,64.1,55.1,64.0,39.3,33.8,39.2,3.8,5.0,3.7,3.7,4.8,3.6,51.0,84.0,,,,-2.0,-1.9,57.0,34.0,24.0,,,,,,,-2.6,65 Insurance and pension funding,Insurance and pension funding (no compulsory social security),14,2004
1900,398700 ,2005JJ00,3128.0,2717.0,411.0,3128.0,-5.2,-4.2,-5.1,64.1,55.6,64.1,39.5,34.3,39.5,-0.1,1.0,0.0,0.5,1.7,0.7,49.0,79.0,,,,-5.1,-5.7,54.0,31.0,23.0,,,,,,,-5.1,65 Insurance and pension funding,Insurance and pension funding (no compulsory social security),14,2005
1901,398700 ,2006JJ00,3780.0,3186.0,594.0,3779.0,20.8,17.3,20.8,68.2,57.5,68.2,41.5,35.0,41.5,6.5,3.3,6.5,5.0,1.9,5.0,55.0,91.0,,,,13.5,15.1,62.0,36.0,26.0,,,,,,,13.4,65 Insurance and pension funding,Insurance and pension funding (no compulsory social security),14,2006
1902,398700 ,2007JJ00,3687.0,3231.0,456.0,3687.0,-2.5,1.4,-2.4,67.7,59.4,67.7,40.8,35.8,40.8,-0.7,3.2,-0.7,-1.7,2.3,-1.6,54.0,90.0,,,,-1.8,-0.8,61.0,35.0,26.0,,,,,,,-1.9,65 Insurance and pension funding,Insurance and pension funding (no compulsory social security),14,2007
1903,398700 ,2008JJ00,3701.0,3211.0,490.0,3700.0,0.4,-0.6,0.4,70.0,60.7,70.0,41.9,36.4,41.9,3.4,2.3,3.3,2.7,1.7,2.7,53.0,88.0,,,,-2.9,-2.3,59.0,34.0,25.0,,,,,,,-2.7,65 Insurance and pension funding,Insurance and pension funding (no compulsory social security),14,2008
1904,398700 ,2009JJ00,3713.0,3163.0,550.0,3713.0,0.3,-1.5,0.4,71.3,60.8,71.3,42.7,36.4,42.7,1.9,0.1,2.0,1.9,0.0,1.9,52.0,87.0,,,,-1.6,-1.5,58.0,33.0,25.0,,,,,,,-1.3,65 Insurance and pension funding,Insurance and pension funding (no compulsory social security),14,2009
1905,398700 ,2010JJ00,3905.0,3370.0,535.0,3907.0,5.1,6.5,5.2,71.5,61.7,71.5,42.7,36.9,42.8,0.2,1.5,0.2,0.1,1.4,0.1,55.0,91.0,107.0,106.0,0.0,5.0,5.1,61.0,32.0,29.0,38.0,27.0,11.0,23.0,5.0,18.0,5.0,65 Insurance and pension funding,Insurance and pension funding (no compulsory social security),14,2010
1906,398700 ,2011JJ00,3405.0,2856.0,549.0,3409.0,-12.8,-15.3,-12.7,74.1,62.1,74.2,44.2,37.1,44.2,3.7,0.8,3.8,3.4,0.5,3.4,46.0,77.0,90.0,89.0,0.0,-15.9,-15.6,52.0,27.0,25.0,31.0,22.0,9.0,21.0,5.0,16.0,-15.5,65 Insurance and pension funding,Insurance and pension funding (no compulsory social security),14,2011
1907,398700 ,2012JJ00,3425.0,2875.0,550.0,3425.0,0.6,0.7,0.5,76.5,64.2,76.5,45.7,38.4,45.7,3.2,3.3,3.1,3.5,3.6,3.4,45.0,75.0,87.0,87.0,0.0,-2.5,-2.8,50.0,26.0,24.0,30.0,21.0,9.0,20.0,5.0,15.0,-2.8,65 Insurance and pension funding,Insurance and pension funding (no compulsory social security),14,2012
1908,398700 ,2013JJ00,3581.0,2917.0,664.0,3604.0,4.6,1.5,5.2,80.4,65.5,80.9,47.6,38.8,47.9,5.1,2.0,5.8,4.1,1.0,4.7,45.0,75.0,88.0,87.0,1.0,-0.5,0.5,50.0,26.0,24.0,30.0,21.0,9.0,19.0,4.0,15.0,-1.3,65 Insurance and pension funding,Insurance and pension funding (no compulsory social security),14,2013
1909,398700 ,2014JJ00,3602.0,2838.0,764.0,3620.0,0.6,-2.7,0.4,83.9,66.1,84.3,49.5,39.0,49.8,4.3,0.9,4.2,4.1,0.7,3.9,43.0,73.0,84.0,84.0,0.0,-3.6,-3.4,48.0,24.0,23.0,29.0,20.0,9.0,19.0,4.0,14.0,-3.9,65 Insurance and pension funding,Insurance and pension funding (no compulsory social security),14,2014
1910,398700 ,2015JJ00,3869.0,2750.0,1119.0,3871.0,7.4,-3.1,6.9,93.5,66.5,93.6,55.4,39.4,55.4,11.5,0.6,11.0,11.9,0.9,11.4,41.0,70.0,81.0,81.0,0.0,-3.7,-4.0,45.0,24.0,22.0,28.0,20.0,9.0,17.0,4.0,13.0,-4.9,65 Insurance and pension funding,Insurance and pension funding (no compulsory social security),14,2015
1911,398700 ,2016JJ00,3901.0,2686.0,1215.0,3903.0,0.8,-2.3,0.8,97.6,67.2,97.6,58.0,39.9,58.0,4.3,1.1,4.3,4.6,1.3,4.6,40.0,67.0,78.0,78.0,0.0,-3.4,-3.6,44.0,23.0,21.0,27.0,19.0,8.0,17.0,4.0,13.0,-3.5,65 Insurance and pension funding,Insurance and pension funding (no compulsory social security),14,2016
1912,398700 ,2017JJ00,3715.0,2503.0,1212.0,3742.0,-4.7,-6.8,-4.1,98.8,66.6,99.5,57.9,39.0,58.3,1.3,-0.9,2.0,-0.1,-2.2,0.6,38.0,64.0,74.0,73.0,0.0,-6.0,-4.6,41.0,21.0,20.0,25.0,18.0,7.0,16.0,4.0,12.0,-6.2,65 Insurance and pension funding,Insurance and pension funding (no compulsory social security),14,2017
1913,398700 ,2018JJ00,3406.0,2347.0,1059.0,3420.0,-8.3,-6.2,-8.6,98.3,67.7,98.7,57.9,39.9,58.1,-0.5,1.7,-0.9,0.0,2.2,-0.3,35.0,59.0,68.0,68.0,0.0,-7.8,-8.3,38.0,19.0,18.0,23.0,16.0,7.0,15.0,3.0,11.0,-8.4,65 Insurance and pension funding,Insurance and pension funding (no compulsory social security),14,2018
1914,398700 ,2019JJ00,3196.0,2256.0,940.0,3207.0,-6.2,-3.9,-6.2,99.6,70.3,100.0,59.1,41.7,59.3,1.4,3.8,1.3,2.0,4.5,2.0,32.0,54.0,63.0,63.0,0.0,-7.4,-8.1,35.0,18.0,17.0,22.0,15.0,7.0,13.0,3.0,10.0,-6.8,65 Insurance and pension funding,Insurance and pension funding (no compulsory social security),14,2019
1915,398700 ,2020JJ00,3399.0,2387.0,1012.0,3417.0,6.3,5.8,6.5,102.6,72.1,103.2,60.9,42.8,61.2,3.0,2.5,3.2,3.1,2.6,3.3,33.0,56.0,66.0,65.0,0.0,3.2,3.1,36.0,18.0,18.0,22.0,15.0,7.0,14.0,3.0,11.0,3.5,65 Insurance and pension funding,Insurance and pension funding (no compulsory social security),14,2020
1916,398700 ,2021JJ00,3537.0,2431.0,1106.0,3562.0,4.1,1.9,4.3,106.9,73.5,107.7,63.7,43.8,64.1,4.2,2.0,4.4,4.5,2.3,4.7,33.0,56.0,65.0,65.0,0.0,-0.1,-0.4,36.0,18.0,18.0,22.0,15.0,7.0,14.0,3.0,10.0,-0.6,65 Insurance and pension funding,Insurance and pension funding (no compulsory social security),14,2021
1917,398700 ,2022JJ00,3504.0,2502.0,1002.0,3527.0,-0.9,2.9,-1.0,104.5,74.6,105.2,62.8,44.9,63.3,-2.3,1.5,-2.3,-1.3,2.6,-1.3,34.0,56.0,65.0,65.0,0.0,1.4,0.3,37.0,18.0,18.0,22.0,15.0,7.0,14.0,4.0,11.0,1.4,65 Insurance and pension funding,Insurance and pension funding (no compulsory social security),14,2022
1918,398700 ,2023JJ00,3709.0,2720.0,989.0,3764.0,5.9,8.7,6.7,103.3,75.7,104.8,62.6,45.9,63.5,-1.2,1.5,-0.4,-0.4,2.3,0.4,36.0,59.0,70.0,70.0,0.0,7.1,6.3,39.0,19.0,20.0,23.0,16.0,8.0,16.0,4.0,12.0,7.2,65 Insurance and pension funding,Insurance and pension funding (no compulsory social security),14,2023
1919,398700 ,2024JJ00,4135.0,3032.0,1103.0,4159.0,11.5,11.5,10.5,108.2,79.3,108.8,65.8,48.2,66.1,4.7,4.7,3.8,5.1,5.1,4.1,38.0,63.0,75.0,75.0,0.0,6.5,6.1,42.0,21.0,21.0,25.0,16.0,9.0,17.0,4.0,12.0,6.3,65 Insurance and pension funding,Insurance and pension funding (no compulsory social security),14,2024
1920,400200 ,1995JJ00,2228.0,1851.0,377.0,2227.0,,,,42.3,35.2,42.3,23.7,19.7,23.7,,,,,,,53.0,94.0,,,,,,59.0,31.0,29.0,,,,,,,,66 Other financial services,Other financial services,14,1995
1921,400200 ,1996JJ00,2420.0,2019.0,401.0,2416.0,8.6,9.1,8.5,44.2,36.9,44.1,24.5,20.5,24.5,4.5,5.0,4.4,3.4,3.8,3.2,55.0,99.0,,,,3.9,5.1,62.0,33.0,30.0,,,,,,,5.5,66 Other financial services,Other financial services,14,1996
1922,400200 ,1997JJ00,2578.0,2173.0,405.0,2570.0,6.5,7.6,6.4,44.5,37.5,44.4,24.8,20.9,24.7,0.7,1.7,0.5,1.1,2.1,1.0,58.0,104.0,,,,5.8,5.4,65.0,35.0,31.0,,,,,,,4.8,66 Other financial services,Other financial services,14,1997
1923,400200 ,1998JJ00,2848.0,2258.0,590.0,2837.0,10.5,3.9,10.4,45.8,36.3,45.6,25.5,20.2,25.4,2.9,-3.2,2.8,2.7,-3.4,2.6,62.0,112.0,,,,7.4,7.6,71.0,38.0,33.0,,,,,,,8.9,66 Other financial services,Other financial services,14,1998
1924,400200 ,1999JJ00,3069.0,2418.0,651.0,3059.0,7.7,7.1,7.8,48.7,38.4,48.5,27.1,21.4,27.1,6.2,5.6,6.3,6.5,5.8,6.6,63.0,113.0,,,,1.4,1.2,73.0,39.0,34.0,,,,,,,2.7,66 Other financial services,Other financial services,14,1999
1925,400200 ,2000JJ00,3315.0,2597.0,718.0,3306.0,8.0,7.4,8.1,50.5,39.5,50.3,28.5,22.4,28.5,3.7,3.1,3.8,5.2,4.6,5.2,66.0,116.0,,,,4.2,2.7,75.0,40.0,35.0,,,,,,,2.9,66 Other financial services,Other financial services,14,2000
1926,400200 ,2001JJ00,3453.0,2759.0,694.0,3443.0,4.2,6.2,4.2,52.2,41.7,52.1,29.5,23.6,29.4,3.4,5.5,3.4,3.4,5.4,3.4,66.0,117.0,,,,0.8,0.8,77.0,42.0,35.0,,,,,,,2.1,66 Other financial services,Other financial services,14,2001
1927,400200 ,2002JJ00,3535.0,2790.0,745.0,3524.0,2.3,1.1,2.3,54.8,43.3,54.7,31.0,24.4,30.9,5.1,3.8,5.0,4.9,3.6,4.9,64.0,114.0,,,,-2.6,-2.4,76.0,42.0,34.0,,,,,,,-0.6,66 Other financial services,Other financial services,14,2002
1928,400200 ,2003JJ00,3661.0,2875.0,786.0,3649.0,3.6,3.0,3.5,57.0,44.7,56.8,32.5,25.5,32.4,3.9,3.4,3.9,5.0,4.5,5.0,64.0,113.0,,,,-0.3,-1.4,77.0,42.0,35.0,,,,,,,1.0,66 Other financial services,Other financial services,14,2003
1929,400200 ,2004JJ00,3756.0,2943.0,813.0,3743.0,2.6,2.4,2.6,58.9,46.1,58.7,32.5,25.4,32.4,3.4,3.1,3.4,-0.1,-0.3,-0.1,64.0,116.0,,,,-0.7,2.7,76.0,42.0,34.0,,,,,,,-1.0,66 Other financial services,Other financial services,14,2004
1930,400200 ,2005JJ00,3874.0,3059.0,815.0,3869.0,3.2,4.0,3.4,60.7,47.9,60.6,33.7,26.6,33.7,3.0,3.8,3.3,3.9,4.7,4.1,64.0,115.0,,,,0.1,-0.7,77.0,42.0,34.0,,,,,,,0.4,66 Other financial services,Other financial services,14,2005
1931,400200 ,2006JJ00,4068.0,3257.0,811.0,4064.0,5.0,6.5,5.0,61.9,49.6,61.9,35.1,28.1,35.0,2.1,3.5,2.1,3.9,5.3,3.9,66.0,116.0,,,,2.9,1.1,79.0,44.0,35.0,,,,,,,2.8,66 Other financial services,Other financial services,14,2006
1932,400200 ,2007JJ00,4346.0,3483.0,863.0,4342.0,6.8,6.9,6.8,67.4,54.0,67.3,38.1,30.5,38.0,8.8,8.9,8.8,8.6,8.7,8.6,65.0,114.0,,,,-1.8,-1.6,78.0,44.0,34.0,,,,,,,-1.2,66 Other financial services,Other financial services,14,2007
1933,400200 ,2008JJ00,4631.0,3682.0,949.0,4627.0,6.6,5.7,6.6,69.9,55.6,69.9,39.4,31.3,39.3,3.8,3.0,3.8,3.4,2.6,3.4,66.0,118.0,,,,2.7,3.1,80.0,46.0,34.0,,,,,,,2.8,66 Other financial services,Other financial services,14,2008
1934,400200 ,2009JJ00,4570.0,3640.0,930.0,4564.0,-1.3,-1.1,-1.4,72.0,57.3,71.9,40.7,32.4,40.7,2.9,3.1,2.8,3.4,3.6,3.4,64.0,112.0,,,,-4.1,-4.6,76.0,44.0,32.0,,,,,,,-4.7,66 Other financial services,Other financial services,14,2009
1935,400200 ,2010JJ00,4506.0,3572.0,934.0,4497.0,-1.4,-1.9,-1.5,71.4,56.6,71.3,40.9,32.4,40.8,-0.8,-1.3,-0.8,0.5,0.0,0.4,63.0,110.0,128.0,128.0,0.0,-0.6,-1.9,76.0,44.0,32.0,47.0,36.0,11.0,29.0,8.0,21.0,0.2,66 Other financial services,Other financial services,14,2010
1936,400200 ,2011JJ00,4653.0,3619.0,1034.0,4644.0,3.3,1.3,3.3,74.2,57.7,74.1,42.5,33.0,42.4,4.0,2.0,4.0,3.8,1.8,3.8,63.0,110.0,127.0,126.0,0.0,-0.7,-0.5,76.0,44.0,32.0,47.0,36.0,11.0,29.0,8.0,21.0,0.0,66 Other financial services,Other financial services,14,2011
1937,400200 ,2012JJ00,4718.0,3650.0,1068.0,4707.0,1.4,0.9,1.4,75.8,58.7,75.7,43.9,34.0,43.8,2.2,1.6,2.1,3.4,2.8,3.3,62.0,108.0,126.0,126.0,0.0,-0.8,-1.9,75.0,44.0,31.0,46.0,36.0,10.0,29.0,8.0,21.0,-1.5,66 Other financial services,Other financial services,14,2012
1938,400200 ,2013JJ00,4769.0,3695.0,1074.0,4783.0,1.1,1.2,1.6,79.4,61.6,79.7,45.9,35.6,46.1,4.7,4.9,5.3,4.7,4.8,5.2,60.0,104.0,122.0,121.0,0.0,-3.5,-3.5,73.0,42.0,30.0,44.0,34.0,10.0,29.0,8.0,21.0,-3.2,66 Other financial services,Other financial services,14,2013
1939,400200 ,2014JJ00,4945.0,3712.0,1233.0,4952.0,3.7,0.5,3.5,82.3,61.8,82.4,47.2,35.4,47.3,3.6,0.4,3.4,2.7,-0.5,2.6,60.0,105.0,122.0,122.0,0.0,0.1,0.9,72.0,42.0,30.0,43.0,34.0,9.0,29.0,8.0,21.0,-0.6,66 Other financial services,Other financial services,14,2014
1940,400200 ,2015JJ00,5313.0,3972.0,1341.0,5311.0,7.4,7.0,7.2,85.5,63.9,85.4,49.1,36.7,49.0,3.8,3.4,3.7,3.9,3.5,3.8,62.0,108.0,126.0,126.0,0.0,3.5,3.4,74.0,42.0,32.0,44.0,34.0,10.0,30.0,8.0,22.0,2.6,66 Other financial services,Other financial services,14,2015
1941,400200 ,2016JJ00,5330.0,3936.0,1394.0,5325.0,0.3,-0.9,0.3,86.4,63.8,86.3,49.5,36.6,49.5,1.1,-0.1,1.0,1.0,-0.3,0.9,62.0,108.0,125.0,125.0,0.0,-0.8,-0.6,74.0,41.0,33.0,43.0,32.0,10.0,31.0,8.0,23.0,-0.7,66 Other financial services,Other financial services,14,2016
1942,400200 ,2017JJ00,5587.0,4089.0,1498.0,5593.0,4.8,3.9,5.0,89.6,65.6,89.7,51.5,37.7,51.5,3.7,2.8,3.9,3.9,3.0,4.1,62.0,109.0,127.0,126.0,0.0,1.1,0.9,75.0,41.0,33.0,42.0,33.0,10.0,32.0,9.0,23.0,1.3,66 Other financial services,Other financial services,14,2017
1943,400200 ,2018JJ00,5786.0,4261.0,1525.0,5791.0,3.6,4.2,3.5,90.4,66.6,90.5,52.0,38.3,52.0,1.0,1.6,0.9,0.9,1.6,0.9,64.0,111.0,131.0,130.0,0.0,2.6,2.6,77.0,43.0,34.0,43.0,33.0,10.0,33.0,9.0,24.0,2.8,66 Other financial services,Other financial services,14,2018
1944,400200 ,2019JJ00,6093.0,4511.0,1582.0,6096.0,5.3,5.9,5.3,93.3,69.1,93.4,53.6,39.7,53.7,3.2,3.7,3.1,3.2,3.8,3.2,65.0,114.0,133.0,133.0,0.0,2.1,2.0,78.0,43.0,35.0,44.0,33.0,10.0,34.0,10.0,24.0,1.8,66 Other financial services,Other financial services,14,2019
1945,400200 ,2020JJ00,6357.0,4719.0,1638.0,6324.0,4.3,4.6,3.7,97.9,72.6,97.4,56.8,42.1,56.5,4.9,5.2,4.3,5.8,6.1,5.2,65.0,112.0,134.0,133.0,0.0,-0.5,-1.4,77.0,44.0,34.0,43.0,33.0,10.0,34.0,11.0,24.0,-0.6,66 Other financial services,Other financial services,14,2020
1946,400200 ,2021JJ00,6958.0,5141.0,1817.0,6921.0,9.5,8.9,9.4,104.7,77.4,104.2,59.7,44.1,59.3,7.0,6.5,7.0,5.1,4.6,5.1,66.0,117.0,136.0,136.0,0.0,2.3,4.2,78.0,45.0,34.0,45.0,34.0,11.0,34.0,11.0,23.0,1.3,66 Other financial services,Other financial services,14,2021
1947,400200 ,2022JJ00,7357.0,5642.0,1715.0,7356.0,5.7,9.7,6.3,105.6,81.0,105.6,60.7,46.5,60.6,0.9,4.7,1.4,1.7,5.5,2.2,70.0,121.0,142.0,142.0,0.0,4.8,4.0,82.0,47.0,35.0,47.0,35.0,11.0,36.0,12.0,24.0,4.8,66 Other financial services,Other financial services,14,2022
1948,400200 ,2023JJ00,7537.0,5899.0,1638.0,7535.0,2.5,4.6,2.4,109.5,85.7,109.5,63.1,49.4,63.1,3.6,5.8,3.6,4.1,6.2,4.0,69.0,119.0,141.0,141.0,0.0,-1.1,-1.5,81.0,47.0,35.0,45.0,34.0,11.0,36.0,12.0,24.0,-1.0,66 Other financial services,Other financial services,14,2023
1949,400200 ,2024JJ00,7765.0,6051.0,1714.0,7751.0,3.0,2.6,2.9,112.7,87.8,112.5,64.9,50.5,64.8,2.9,2.5,2.7,2.8,2.3,2.6,69.0,120.0,142.0,142.0,0.0,0.1,0.2,82.0,47.0,35.0,44.0,33.0,11.0,37.0,13.0,24.0,0.4,66 Other financial services,Other financial services,14,2024
1950,402000 ,1995JJ00,1746.0,1355.0,391.0,1746.0,,,,40.3,31.3,40.3,23.1,18.0,23.1,,,,,,,43.0,75.0,,,,,,52.0,31.0,21.0,,,,,,,,"L Renting, buying, selling real estate","Renting, buying and selling of real estate",3,1995
1951,402000 ,1996JJ00,1846.0,1421.0,425.0,1844.0,5.7,4.9,5.6,41.6,32.0,41.5,24.0,18.5,24.0,3.1,2.3,3.0,3.6,2.9,3.5,44.0,77.0,,,,2.5,2.0,54.0,31.0,22.0,,,,,,,2.5,"L Renting, buying, selling real estate","Renting, buying and selling of real estate",3,1996
1952,402000 ,1997JJ00,1941.0,1523.0,418.0,1936.0,5.1,7.1,4.9,41.9,32.9,41.8,24.3,19.1,24.2,0.8,2.7,0.6,1.3,3.3,1.1,46.0,80.0,,,,4.3,3.7,55.0,32.0,23.0,,,,,,,2.7,"L Renting, buying, selling real estate","Renting, buying and selling of real estate",3,1997
1953,402000 ,1998JJ00,2192.0,1600.0,592.0,2187.0,13.0,5.1,13.0,44.4,32.4,44.3,25.8,18.9,25.8,6.0,-1.3,6.1,6.3,-1.1,6.3,49.0,85.0,,,,6.6,6.3,59.0,36.0,24.0,,,,,,,8.0,"L Renting, buying, selling real estate","Renting, buying and selling of real estate",3,1998
1954,402000 ,1999JJ00,2404.0,1743.0,661.0,2402.0,9.7,8.9,9.8,47.6,34.5,47.5,27.5,20.0,27.5,7.1,6.4,7.3,6.5,5.8,6.7,51.0,87.0,,,,2.4,2.9,61.0,36.0,25.0,,,,,,,2.3,"L Renting, buying, selling real estate","Renting, buying and selling of real estate",3,1999
1955,402000 ,2000JJ00,2671.0,1900.0,771.0,2670.0,11.1,9.0,11.1,50.5,36.0,50.5,29.5,21.0,29.5,6.2,4.2,6.3,7.2,5.2,7.3,53.0,91.0,,,,4.6,3.6,64.0,37.0,27.0,,,,,,,4.6,"L Renting, buying, selling real estate","Renting, buying and selling of real estate",3,2000
1956,402000 ,2001JJ00,2740.0,2032.0,708.0,2738.0,2.6,7.0,2.6,50.3,37.3,50.2,29.3,21.7,29.3,-0.5,3.7,-0.6,-0.7,3.5,-0.7,54.0,94.0,,,,3.1,3.3,66.0,37.0,29.0,,,,,,,3.6,"L Renting, buying, selling real estate","Renting, buying and selling of real estate",3,2001
1957,402000 ,2002JJ00,2949.0,2212.0,737.0,2949.0,7.6,8.8,7.7,52.0,39.0,52.0,30.5,22.9,30.5,3.4,4.6,3.5,4.1,5.3,4.2,57.0,97.0,,,,4.1,3.4,69.0,38.0,31.0,,,,,,,4.8,"L Renting, buying, selling real estate","Renting, buying and selling of real estate",3,2002
1958,402000 ,2003JJ00,3205.0,2334.0,871.0,3205.0,8.7,5.5,8.7,56.0,40.8,56.0,32.9,23.9,32.9,7.7,4.6,7.7,7.7,4.6,7.7,57.0,98.0,,,,0.9,0.9,70.0,39.0,31.0,,,,,,,1.4,"L Renting, buying, selling real estate","Renting, buying and selling of real estate",3,2003
1959,402000 ,2004JJ00,3171.0,2392.0,779.0,3164.0,-1.1,2.5,-1.3,55.0,41.5,54.9,32.1,24.2,32.1,-1.7,1.9,-1.9,-2.2,1.4,-2.4,58.0,99.0,,,,0.6,1.1,70.0,39.0,31.0,,,,,,,0.0,"L Renting, buying, selling real estate","Renting, buying and selling of real estate",3,2004
1960,402000 ,2005JJ00,3223.0,2461.0,762.0,3220.0,1.7,2.9,1.8,55.3,42.2,55.2,32.6,24.9,32.5,0.5,1.6,0.6,1.3,2.5,1.4,58.0,99.0,,,,1.2,0.4,71.0,39.0,32.0,,,,,,,1.4,"L Renting, buying, selling real estate","Renting, buying and selling of real estate",3,2005
1961,402000 ,2006JJ00,3304.0,2560.0,744.0,3301.0,2.5,4.0,2.5,56.2,43.6,56.2,33.4,25.9,33.3,1.6,3.2,1.6,2.5,4.1,2.5,59.0,99.0,,,,0.8,0.0,72.0,39.0,33.0,,,,,,,1.0,"L Renting, buying, selling real estate","Renting, buying and selling of real estate",3,2006
1962,402000 ,2007JJ00,3485.0,2705.0,780.0,3481.0,5.5,5.7,5.4,58.0,45.0,57.9,34.4,26.7,34.3,3.2,3.4,3.2,3.0,3.2,3.0,60.0,101.0,,,,2.2,2.4,74.0,40.0,34.0,,,,,,,2.9,"L Renting, buying, selling real estate","Renting, buying and selling of real estate",3,2007
1963,402000 ,2008JJ00,3715.0,2864.0,851.0,3713.0,6.6,5.9,6.7,60.1,46.3,60.0,35.7,27.5,35.7,3.5,2.8,3.6,3.8,3.0,3.8,62.0,104.0,,,,3.0,2.7,76.0,41.0,36.0,,,,,,,3.3,"L Renting, buying, selling real estate","Renting, buying and selling of real estate",3,2008
1964,402000 ,2009JJ00,3744.0,2902.0,842.0,3731.0,0.7,1.3,0.4,60.2,46.7,60.0,35.9,27.8,35.8,0.3,0.9,0.0,0.7,1.2,0.4,62.0,104.0,,,,0.4,0.1,77.0,40.0,37.0,,,,,,,0.7,"L Renting, buying, selling real estate","Renting, buying and selling of real estate",3,2009
1965,402000 ,2010JJ00,3641.0,2786.0,855.0,3614.0,-2.7,-4.0,-3.1,61.5,47.1,61.0,37.1,28.4,36.8,2.1,0.8,1.7,3.2,1.9,2.8,59.0,98.0,116.0,116.0,0.0,-4.7,-5.7,73.0,39.0,33.0,42.0,31.0,11.0,31.0,8.0,22.0,-5.6,"L Renting, buying, selling real estate","Renting, buying and selling of real estate",3,2010
1966,402000 ,2011JJ00,3673.0,2812.0,861.0,3666.0,0.9,0.9,1.4,62.7,48.0,62.6,37.7,28.9,37.6,1.9,2.0,2.5,1.7,1.8,2.3,59.0,97.0,114.0,114.0,0.0,-1.1,-0.8,72.0,39.0,33.0,41.0,31.0,11.0,31.0,9.0,22.0,-0.5,"L Renting, buying, selling real estate","Renting, buying and selling of real estate",3,2011
1967,402000 ,2012JJ00,3654.0,2787.0,867.0,3646.0,-0.5,-0.9,-0.6,64.7,49.3,64.5,39.1,29.8,39.0,3.2,2.8,3.1,3.8,3.4,3.7,56.0,93.0,110.0,110.0,0.0,-3.6,-4.1,69.0,37.0,32.0,40.0,29.0,10.0,30.0,8.0,22.0,-3.9,"L Renting, buying, selling real estate","Renting, buying and selling of real estate",3,2012
1968,402000 ,2013JJ00,3587.0,2761.0,826.0,3592.0,-1.8,-0.9,-1.5,65.7,50.6,65.8,39.4,30.3,39.4,1.6,2.6,2.0,0.7,1.6,1.0,55.0,91.0,107.0,107.0,0.0,-3.4,-2.5,67.0,36.0,31.0,38.0,28.0,10.0,29.0,8.0,21.0,-3.5,"L Renting, buying, selling real estate","Renting, buying and selling of real estate",3,2013
1969,402000 ,2014JJ00,3537.0,2690.0,847.0,3541.0,-1.4,-2.6,-1.4,66.0,50.2,66.1,39.3,29.9,39.3,0.4,-0.8,0.4,-0.3,-1.5,-0.3,54.0,90.0,105.0,105.0,0.0,-1.8,-1.1,66.0,36.0,31.0,37.0,27.0,10.0,29.0,8.0,21.0,-1.0,"L Renting, buying, selling real estate","Renting, buying and selling of real estate",3,2014
1970,402000 ,2015JJ00,3471.0,2691.0,780.0,3476.0,-1.8,0.1,-1.8,65.1,50.5,65.2,38.8,30.1,38.9,-1.4,0.6,-1.3,-1.1,0.8,-1.1,53.0,89.0,105.0,105.0,0.0,-0.5,-0.7,66.0,35.0,31.0,36.0,26.0,10.0,30.0,8.0,22.0,-0.3,"L Renting, buying, selling real estate","Renting, buying and selling of real estate",3,2015
1971,402000 ,2016JJ00,3505.0,2738.0,767.0,3508.0,1.0,1.7,0.9,65.4,51.1,65.5,38.9,30.4,38.9,0.4,1.2,0.4,0.2,0.9,0.1,54.0,90.0,106.0,106.0,0.0,0.5,0.8,66.0,35.0,32.0,36.0,26.0,10.0,30.0,8.0,22.0,0.6,"L Renting, buying, selling real estate","Renting, buying and selling of real estate",3,2016
1972,402000 ,2017JJ00,3587.0,2811.0,776.0,3585.0,2.3,2.7,2.2,65.9,51.7,65.9,39.3,30.8,39.3,0.8,1.1,0.6,1.2,1.5,1.0,54.0,91.0,108.0,107.0,0.0,1.5,1.1,68.0,35.0,33.0,36.0,26.0,10.0,32.0,9.0,23.0,1.7,"L Renting, buying, selling real estate","Renting, buying and selling of real estate",3,2017
1973,402000 ,2018JJ00,3761.0,2931.0,830.0,3762.0,4.9,4.3,5.0,68.3,53.3,68.4,41.0,31.9,41.0,3.7,3.1,3.8,4.1,3.5,4.2,55.0,92.0,109.0,109.0,0.0,1.2,0.8,68.0,35.0,33.0,36.0,27.0,10.0,32.0,8.0,23.0,0.6,"L Renting, buying, selling real estate","Renting, buying and selling of real estate",3,2018
1974,402000 ,2019JJ00,3942.0,3055.0,887.0,3944.0,4.8,4.2,4.8,70.3,54.5,70.3,41.9,32.5,41.9,2.8,2.3,2.8,2.3,1.7,2.3,56.0,94.0,111.0,111.0,0.0,1.9,2.5,69.0,36.0,34.0,37.0,27.0,10.0,33.0,9.0,24.0,1.9,"L Renting, buying, selling real estate","Renting, buying and selling of real estate",3,2019
1975,402000 ,2020JJ00,4115.0,3188.0,927.0,4078.0,4.4,4.3,3.4,72.1,55.8,71.4,43.0,33.3,42.6,2.6,2.5,1.6,2.7,2.6,1.7,57.0,96.0,114.0,114.0,0.0,1.7,1.6,70.0,36.0,34.0,37.0,26.0,10.0,34.0,9.0,24.0,1.2,"L Renting, buying, selling real estate","Renting, buying and selling of real estate",3,2020
1976,402000 ,2021JJ00,4199.0,3311.0,888.0,4178.0,2.1,3.9,2.5,72.1,56.9,71.7,43.0,33.9,42.8,0.0,1.8,0.4,0.0,1.7,0.4,58.0,98.0,116.0,116.0,0.0,2.0,2.1,71.0,36.0,35.0,37.0,27.0,11.0,34.0,10.0,24.0,1.5,"L Renting, buying, selling real estate","Renting, buying and selling of real estate",3,2021
1977,402000 ,2022JJ00,4451.0,3492.0,959.0,4437.0,6.0,5.4,6.2,74.6,58.6,74.4,44.9,35.2,44.8,3.5,3.0,3.7,4.5,4.0,4.7,60.0,99.0,118.0,118.0,0.0,2.3,1.4,73.0,37.0,36.0,38.0,27.0,11.0,35.0,10.0,25.0,2.4,"L Renting, buying, selling real estate","Renting, buying and selling of real estate",3,2022
1978,402000 ,2023JJ00,4739.0,3732.0,1007.0,4739.0,6.5,6.9,6.8,77.4,60.9,77.4,46.8,36.9,46.8,3.6,4.0,4.0,4.2,4.6,4.6,61.0,101.0,121.0,121.0,0.0,2.7,2.1,75.0,38.0,37.0,39.0,28.0,11.0,36.0,10.0,25.0,2.7,"L Renting, buying, selling real estate","Renting, buying and selling of real estate",3,2023
1979,402000 ,2024JJ00,5186.0,4099.0,1087.0,5183.0,9.5,9.9,9.5,82.7,65.3,82.6,49.6,39.2,49.6,6.9,7.3,6.8,5.9,6.3,5.8,63.0,105.0,125.0,125.0,0.0,2.5,3.4,76.0,39.0,37.0,39.0,28.0,12.0,37.0,11.0,26.0,2.3,"L Renting, buying, selling real estate","Renting, buying and selling of real estate",3,2024
1980,402100 ,1995JJ00,1746.0,1355.0,391.0,1746.0,,,,40.3,31.3,40.3,23.1,18.0,23.1,,,,,,,43.0,75.0,,,,,,52.0,31.0,21.0,,,,,,,,"68 Renting, buying, selling real estate",Renting and buying and selling of real estate,15,1995
1981,402100 ,1996JJ00,1846.0,1421.0,425.0,1844.0,5.7,4.9,5.6,41.6,32.0,41.5,24.0,18.5,24.0,3.1,2.3,3.0,3.6,2.9,3.5,44.0,77.0,,,,2.5,2.0,54.0,31.0,22.0,,,,,,,2.5,"68 Renting, buying, selling real estate",Renting and buying and selling of real estate,15,1996
1982,402100 ,1997JJ00,1941.0,1523.0,418.0,1936.0,5.1,7.1,4.9,41.9,32.9,41.8,24.3,19.1,24.2,0.8,2.7,0.6,1.3,3.3,1.1,46.0,80.0,,,,4.3,3.7,55.0,32.0,23.0,,,,,,,2.7,"68 Renting, buying, selling real estate",Renting and buying and selling of real estate,15,1997
1983,402100 ,1998JJ00,2192.0,1600.0,592.0,2187.0,13.0,5.1,13.0,44.4,32.4,44.3,25.8,18.9,25.8,6.0,-1.3,6.1,6.3,-1.1,6.3,49.0,85.0,,,,6.6,6.3,59.0,36.0,24.0,,,,,,,8.0,"68 Renting, buying, selling real estate",Renting and buying and selling of real estate,15,1998
1984,402100 ,1999JJ00,2404.0,1743.0,661.0,2402.0,9.7,8.9,9.8,47.6,34.5,47.5,27.5,20.0,27.5,7.1,6.4,7.3,6.5,5.8,6.7,51.0,87.0,,,,2.4,2.9,61.0,36.0,25.0,,,,,,,2.3,"68 Renting, buying, selling real estate",Renting and buying and selling of real estate,15,1999
1985,402100 ,2000JJ00,2671.0,1900.0,771.0,2670.0,11.1,9.0,11.1,50.5,36.0,50.5,29.5,21.0,29.5,6.2,4.2,6.3,7.2,5.2,7.3,53.0,91.0,,,,4.6,3.6,64.0,37.0,27.0,,,,,,,4.6,"68 Renting, buying, selling real estate",Renting and buying and selling of real estate,15,2000
1986,402100 ,2001JJ00,2740.0,2032.0,708.0,2738.0,2.6,7.0,2.6,50.3,37.3,50.2,29.3,21.7,29.3,-0.5,3.7,-0.6,-0.7,3.5,-0.7,54.0,94.0,,,,3.1,3.3,66.0,37.0,29.0,,,,,,,3.6,"68 Renting, buying, selling real estate",Renting and buying and selling of real estate,15,2001
1987,402100 ,2002JJ00,2949.0,2212.0,737.0,2949.0,7.6,8.8,7.7,52.0,39.0,52.0,30.5,22.9,30.5,3.4,4.6,3.5,4.1,5.3,4.2,57.0,97.0,,,,4.1,3.4,69.0,38.0,31.0,,,,,,,4.8,"68 Renting, buying, selling real estate",Renting and buying and selling of real estate,15,2002
1988,402100 ,2003JJ00,3205.0,2334.0,871.0,3205.0,8.7,5.5,8.7,56.0,40.8,56.0,32.9,23.9,32.9,7.7,4.6,7.7,7.7,4.6,7.7,57.0,98.0,,,,0.9,0.9,70.0,39.0,31.0,,,,,,,1.4,"68 Renting, buying, selling real estate",Renting and buying and selling of real estate,15,2003
1989,402100 ,2004JJ00,3171.0,2392.0,779.0,3164.0,-1.1,2.5,-1.3,55.0,41.5,54.9,32.1,24.2,32.1,-1.7,1.9,-1.9,-2.2,1.4,-2.4,58.0,99.0,,,,0.6,1.1,70.0,39.0,31.0,,,,,,,0.0,"68 Renting, buying, selling real estate",Renting and buying and selling of real estate,15,2004
1990,402100 ,2005JJ00,3223.0,2461.0,762.0,3220.0,1.7,2.9,1.8,55.3,42.2,55.2,32.6,24.9,32.5,0.5,1.6,0.6,1.3,2.5,1.4,58.0,99.0,,,,1.2,0.4,71.0,39.0,32.0,,,,,,,1.4,"68 Renting, buying, selling real estate",Renting and buying and selling of real estate,15,2005
1991,402100 ,2006JJ00,3304.0,2560.0,744.0,3301.0,2.5,4.0,2.5,56.2,43.6,56.2,33.4,25.9,33.3,1.6,3.2,1.6,2.5,4.1,2.5,59.0,99.0,,,,0.8,0.0,72.0,39.0,33.0,,,,,,,1.0,"68 Renting, buying, selling real estate",Renting and buying and selling of real estate,15,2006
1992,402100 ,2007JJ00,3485.0,2705.0,780.0,3481.0,5.5,5.7,5.4,58.0,45.0,57.9,34.4,26.7,34.3,3.2,3.4,3.2,3.0,3.2,3.0,60.0,101.0,,,,2.2,2.4,74.0,40.0,34.0,,,,,,,2.9,"68 Renting, buying, selling real estate",Renting and buying and selling of real estate,15,2007
1993,402100 ,2008JJ00,3715.0,2864.0,851.0,3713.0,6.6,5.9,6.7,60.1,46.3,60.0,35.7,27.5,35.7,3.5,2.8,3.6,3.8,3.0,3.8,62.0,104.0,,,,3.0,2.7,76.0,41.0,36.0,,,,,,,3.3,"68 Renting, buying, selling real estate",Renting and buying and selling of real estate,15,2008
1994,402100 ,2009JJ00,3744.0,2902.0,842.0,3731.0,0.7,1.3,0.4,60.2,46.7,60.0,35.9,27.8,35.8,0.3,0.9,0.0,0.7,1.2,0.4,62.0,104.0,,,,0.4,0.1,77.0,40.0,37.0,,,,,,,0.7,"68 Renting, buying, selling real estate",Renting and buying and selling of real estate,15,2009
1995,402100 ,2010JJ00,3641.0,2786.0,855.0,3614.0,-2.7,-4.0,-3.1,61.5,47.1,61.0,37.1,28.4,36.8,2.1,0.8,1.7,3.2,1.9,2.8,59.0,98.0,116.0,116.0,0.0,-4.7,-5.7,73.0,39.0,33.0,42.0,31.0,11.0,31.0,8.0,22.0,-5.6,"68 Renting, buying, selling real estate",Renting and buying and selling of real estate,15,2010
1996,402100 ,2011JJ00,3673.0,2812.0,861.0,3666.0,0.9,0.9,1.4,62.7,48.0,62.6,37.7,28.9,37.6,1.9,2.0,2.5,1.7,1.8,2.3,59.0,97.0,114.0,114.0,0.0,-1.1,-0.8,72.0,39.0,33.0,41.0,31.0,11.0,31.0,9.0,22.0,-0.5,"68 Renting, buying, selling real estate",Renting and buying and selling of real estate,15,2011
1997,402100 ,2012JJ00,3654.0,2787.0,867.0,3646.0,-0.5,-0.9,-0.6,64.7,49.3,64.5,39.1,29.8,39.0,3.2,2.8,3.1,3.8,3.4,3.7,56.0,93.0,110.0,110.0,0.0,-3.6,-4.1,69.0,37.0,32.0,40.0,29.0,10.0,30.0,8.0,22.0,-3.9,"68 Renting, buying, selling real estate",Renting and buying and selling of real estate,15,2012
1998,402100 ,2013JJ00,3587.0,2761.0,826.0,3592.0,-1.8,-0.9,-1.5,65.7,50.6,65.8,39.4,30.3,39.4,1.6,2.6,2.0,0.7,1.6,1.0,55.0,91.0,107.0,107.0,0.0,-3.4,-2.5,67.0,36.0,31.0,38.0,28.0,10.0,29.0,8.0,21.0,-3.5,"68 Renting, buying, selling real estate",Renting and buying and selling of real estate,15,2013
1999,402100 ,2014JJ00,3537.0,2690.0,847.0,3541.0,-1.4,-2.6,-1.4,66.0,50.2,66.1,39.3,29.9,39.3,0.4,-0.8,0.4,-0.3,-1.5,-0.3,54.0,90.0,105.0,105.0,0.0,-1.8,-1.1,66.0,36.0,31.0,37.0,27.0,10.0,29.0,8.0,21.0,-1.0,"68 Renting, buying, selling real estate",Renting and buying and selling of real estate,15,2014
2000,402100 ,2015JJ00,3471.0,2691.0,780.0,3476.0,-1.8,0.1,-1.8,65.1,50.5,65.2,38.8,30.1,38.9,-1.4,0.6,-1.3,-1.1,0.8,-1.1,53.0,89.0,105.0,105.0,0.0,-0.5,-0.7,66.0,35.0,31.0,36.0,26.0,10.0,30.0,8.0,22.0,-0.3,"68 Renting, buying, selling real estate",Renting and buying and selling of real estate,15,2015
2001,402100 ,2016JJ00,3505.0,2738.0,767.0,3508.0,1.0,1.7,0.9,65.4,51.1,65.5,38.9,30.4,38.9,0.4,1.2,0.4,0.2,0.9,0.1,54.0,90.0,106.0,106.0,0.0,0.5,0.8,66.0,35.0,32.0,36.0,26.0,10.0,30.0,8.0,22.0,0.6,"68 Renting, buying, selling real estate",Renting and buying and selling of real estate,15,2016
2002,402100 ,2017JJ00,3587.0,2811.0,776.0,3585.0,2.3,2.7,2.2,65.9,51.7,65.9,39.3,30.8,39.3,0.8,1.1,0.6,1.2,1.5,1.0,54.0,91.0,108.0,107.0,0.0,1.5,1.1,68.0,35.0,33.0,36.0,26.0,10.0,32.0,9.0,23.0,1.7,"68 Renting, buying, selling real estate",Renting and buying and selling of real estate,15,2017
2003,402100 ,2018JJ00,3761.0,2931.0,830.0,3762.0,4.9,4.3,5.0,68.3,53.3,68.4,41.0,31.9,41.0,3.7,3.1,3.8,4.1,3.5,4.2,55.0,92.0,109.0,109.0,0.0,1.2,0.8,68.0,35.0,33.0,36.0,27.0,10.0,32.0,8.0,23.0,0.6,"68 Renting, buying, selling real estate",Renting and buying and selling of real estate,15,2018
2004,402100 ,2019JJ00,3942.0,3055.0,887.0,3944.0,4.8,4.2,4.8,70.3,54.5,70.3,41.9,32.5,41.9,2.8,2.3,2.8,2.3,1.7,2.3,56.0,94.0,111.0,111.0,0.0,1.9,2.5,69.0,36.0,34.0,37.0,27.0,10.0,33.0,9.0,24.0,1.9,"68 Renting, buying, selling real estate",Renting and buying and selling of real estate,15,2019
2005,402100 ,2020JJ00,4115.0,3188.0,927.0,4078.0,4.4,4.3,3.4,72.1,55.8,71.4,43.0,33.3,42.6,2.6,2.5,1.6,2.7,2.6,1.7,57.0,96.0,114.0,114.0,0.0,1.7,1.6,70.0,36.0,34.0,37.0,26.0,10.0,34.0,9.0,24.0,1.2,"68 Renting, buying, selling real estate",Renting and buying and selling of real estate,15,2020
2006,402100 ,2021JJ00,4199.0,3311.0,888.0,4178.0,2.1,3.9,2.5,72.1,56.9,71.7,43.0,33.9,42.8,0.0,1.8,0.4,0.0,1.7,0.4,58.0,98.0,116.0,116.0,0.0,2.0,2.1,71.0,36.0,35.0,37.0,27.0,11.0,34.0,10.0,24.0,1.5,"68 Renting, buying, selling real estate",Renting and buying and selling of real estate,15,2021
2007,402100 ,2022JJ00,4451.0,3492.0,959.0,4437.0,6.0,5.4,6.2,74.6,58.6,74.4,44.9,35.2,44.8,3.5,3.0,3.7,4.5,4.0,4.7,60.0,99.0,118.0,118.0,0.0,2.3,1.4,73.0,37.0,36.0,38.0,27.0,11.0,35.0,10.0,25.0,2.4,"68 Renting, buying, selling real estate",Renting and buying and selling of real estate,15,2022
2008,402100 ,2023JJ00,4739.0,3732.0,1007.0,4739.0,6.5,6.9,6.8,77.4,60.9,77.4,46.8,36.9,46.8,3.6,4.0,4.0,4.2,4.6,4.6,61.0,101.0,121.0,121.0,0.0,2.7,2.1,75.0,38.0,37.0,39.0,28.0,11.0,36.0,10.0,25.0,2.7,"68 Renting, buying, selling real estate",Renting and buying and selling of real estate,15,2023
2009,402100 ,2024JJ00,5186.0,4099.0,1087.0,5183.0,9.5,9.9,9.5,82.7,65.3,82.6,49.6,39.2,49.6,6.9,7.3,6.8,5.9,6.3,5.8,63.0,105.0,125.0,125.0,0.0,2.5,3.4,76.0,39.0,37.0,39.0,28.0,12.0,37.0,11.0,26.0,2.3,"68 Renting, buying, selling real estate",Renting and buying and selling of real estate,15,2024
2010,300010 ,1995JJ00,22236.0,19519.0,2717.0,22175.0,,,,32.4,28.5,32.3,18.7,16.4,18.7,,,,,,,686.0,1189.0,,,,,,940.0,510.0,431.0,,,,,,,,M-N Business services,"Business services 
This category is made up of the categories: 
M Consultancy, research and other specialised business services 
N Renting and leasing of tangible goods and other business support services",4,1995
2011,300010 ,1996JJ00,24500.0,21475.0,3025.0,24352.0,10.2,10.0,9.8,32.5,28.5,32.3,18.6,16.3,18.5,0.2,0.0,-0.1,-0.6,-0.8,-1.0,754.0,1318.0,,,,10.0,10.9,1034.0,572.0,462.0,,,,,,,9.9,M-N Business services,"Business services 
This category is made up of the categories: 
M Consultancy, research and other specialised business services 
N Renting and leasing of tangible goods and other business support services",4,1996
2012,300010 ,1997JJ00,27371.0,23975.0,3396.0,27163.0,11.7,11.6,11.5,33.9,29.7,33.7,19.6,17.2,19.4,4.4,4.3,4.2,5.4,5.4,5.3,807.0,1397.0,,,,7.0,6.0,1111.0,619.0,491.0,,,,,,,7.5,M-N Business services,"Business services 
This category is made up of the categories: 
M Consultancy, research and other specialised business services 
N Renting and leasing of tangible goods and other business support services",4,1997
2013,300010 ,1998JJ00,30148.0,24451.0,5697.0,29859.0,10.1,2.0,9.9,35.3,28.7,35.0,20.5,16.6,20.3,4.1,-3.6,3.9,4.4,-3.4,4.2,853.0,1474.0,,,,5.8,5.5,1184.0,651.0,533.0,,,,,,,6.6,M-N Business services,"Business services 
This category is made up of the categories: 
M Consultancy, research and other specialised business services 
N Renting and leasing of tangible goods and other business support services",4,1998
2014,300010 ,1999JJ00,33137.0,26716.0,6421.0,32841.0,9.9,9.3,10.0,37.1,29.9,36.8,21.4,17.3,21.2,5.0,4.4,5.1,4.6,4.0,4.7,893.0,1548.0,,,,4.6,5.0,1235.0,686.0,549.0,,,,,,,4.3,M-N Business services,"Business services 
This category is made up of the categories: 
M Consultancy, research and other specialised business services 
N Renting and leasing of tangible goods and other business support services",4,1999
2015,300010 ,2000JJ00,36876.0,29191.0,7685.0,36571.0,11.3,9.3,11.4,40.1,31.7,39.7,23.3,18.4,23.1,8.0,6.0,8.1,8.8,6.8,8.8,920.0,1584.0,,,,3.1,2.3,1270.0,708.0,561.0,,,,,,,2.8,M-N Business services,"Business services 
This category is made up of the categories: 
M Consultancy, research and other specialised business services 
N Renting and leasing of tangible goods and other business support services",4,2000
2016,300010 ,2001JJ00,39021.0,31486.0,7535.0,38684.0,5.8,7.9,5.8,41.9,33.8,41.5,24.2,19.6,24.0,4.5,6.5,4.4,4.2,6.2,4.1,932.0,1609.0,,,,1.3,1.6,1278.0,713.0,565.0,,,,,,,0.7,M-N Business services,"Business services 
This category is made up of the categories: 
M Consultancy, research and other specialised business services 
N Renting and leasing of tangible goods and other business support services",4,2001
2017,300010 ,2002JJ00,39880.0,32172.0,7708.0,39518.0,2.2,2.2,2.2,43.7,35.3,43.3,25.2,20.3,25.0,4.5,4.4,4.4,4.0,4.0,4.0,912.0,1581.0,,,,-2.2,-1.7,1256.0,702.0,554.0,,,,,,,-1.8,M-N Business services,"Business services 
This category is made up of the categories: 
M Consultancy, research and other specialised business services 
N Renting and leasing of tangible goods and other business support services",4,2002
2018,300010 ,2003JJ00,40180.0,32037.0,8143.0,39873.0,0.7,-0.4,0.9,45.8,36.5,45.5,26.1,20.8,25.9,4.8,3.6,4.9,3.6,2.4,3.7,877.0,1538.0,,,,-3.8,-2.7,1210.0,682.0,528.0,,,,,,,-3.7,M-N Business services,"Business services 
This category is made up of the categories: 
M Consultancy, research and other specialised business services 
N Renting and leasing of tangible goods and other business support services",4,2003
2019,300010 ,2004JJ00,40911.0,32653.0,8258.0,40472.0,1.8,1.9,1.5,46.7,37.3,46.2,26.4,21.1,26.2,1.9,2.0,1.6,1.2,1.3,0.9,876.0,1547.0,,,,-0.1,0.6,1205.0,687.0,518.0,,,,,,,-0.4,M-N Business services,"Business services 
This category is made up of the categories: 
M Consultancy, research and other specialised business services 
N Renting and leasing of tangible goods and other business support services",4,2004
2020,300010 ,2005JJ00,42387.0,34121.0,8266.0,42014.0,3.6,4.5,3.8,46.7,37.6,46.3,26.7,21.5,26.5,0.0,0.9,0.2,1.1,2.0,1.3,907.0,1586.0,,,,3.6,2.5,1264.0,719.0,544.0,,,,,,,4.9,M-N Business services,"Business services 
This category is made up of the categories: 
M Consultancy, research and other specialised business services 
N Renting and leasing of tangible goods and other business support services",4,2005
2021,300010 ,2006JJ00,45269.0,36865.0,8404.0,44905.0,6.8,8.0,6.9,46.7,38.0,46.3,26.9,21.9,26.7,-0.1,1.1,0.0,0.6,1.8,0.7,970.0,1683.0,,,,6.9,6.2,1357.0,777.0,581.0,,,,,,,7.4,M-N Business services,"Business services 
This category is made up of the categories: 
M Consultancy, research and other specialised business services 
N Renting and leasing of tangible goods and other business support services",4,2006
2022,300010 ,2007JJ00,49520.0,40425.0,9095.0,49135.0,9.4,9.7,9.4,47.8,39.0,47.4,27.6,22.6,27.4,2.4,2.7,2.5,2.8,3.0,2.8,1036.0,1792.0,,,,6.8,6.5,1450.0,830.0,620.0,,,,,,,6.8,M-N Business services,"Business services 
This category is made up of the categories: 
M Consultancy, research and other specialised business services 
N Renting and leasing of tangible goods and other business support services",4,2007
2023,300010 ,2008JJ00,53278.0,43222.0,10056.0,52874.0,7.6,6.9,7.6,49.6,40.3,49.3,28.6,23.2,28.3,3.8,3.2,3.8,3.3,2.7,3.4,1073.0,1866.0,,,,3.6,4.1,1491.0,855.0,636.0,,,,,,,2.8,M-N Business services,"Business services 
This category is made up of the categories: 
M Consultancy, research and other specialised business services 
N Renting and leasing of tangible goods and other business support services",4,2008
2024,300010 ,2009JJ00,52029.0,42470.0,9559.0,51513.0,-2.3,-1.7,-2.6,51.1,41.7,50.6,29.6,24.1,29.3,3.0,3.6,2.8,3.6,4.2,3.3,1018.0,1759.0,,,,-5.2,-5.7,1419.0,807.0,612.0,,,,,,,-4.8,M-N Business services,"Business services 
This category is made up of the categories: 
M Consultancy, research and other specialised business services 
N Renting and leasing of tangible goods and other business support services",4,2009
2025,300010 ,2010JJ00,50869.0,41256.0,9613.0,50337.0,-2.2,-2.9,-2.3,52.0,42.2,51.5,29.9,24.2,29.5,1.7,1.1,1.7,0.9,0.3,0.9,978.0,1704.0,1989.0,1966.0,23.0,-3.9,-3.1,1347.0,788.0,559.0,631.0,476.0,155.0,716.0,312.0,404.0,-5.1,M-N Business services,"Business services 
This category is made up of the categories: 
M Consultancy, research and other specialised business services 
N Renting and leasing of tangible goods and other business support services",4,2010
2026,300010 ,2011JJ00,52877.0,42876.0,10001.0,52379.0,3.9,3.9,4.1,53.5,43.3,53.0,30.4,24.7,30.2,2.8,2.8,2.9,2.0,2.0,2.1,989.0,1737.0,1997.0,1972.0,25.0,1.1,1.9,1363.0,804.0,559.0,634.0,482.0,152.0,730.0,323.0,407.0,1.2,M-N Business services,"Business services 
This category is made up of the categories: 
M Consultancy, research and other specialised business services 
N Renting and leasing of tangible goods and other business support services",4,2011
2027,300010 ,2012JJ00,53558.0,43161.0,10397.0,53102.0,1.3,0.7,1.4,54.5,43.9,54.1,31.1,25.1,30.8,2.0,1.4,2.1,2.2,1.5,2.3,982.0,1722.0,2007.0,1983.0,24.0,-0.7,-0.9,1355.0,797.0,558.0,621.0,471.0,150.0,734.0,326.0,408.0,-0.6,M-N Business services,"Business services 
This category is made up of the categories: 
M Consultancy, research and other specialised business services 
N Renting and leasing of tangible goods and other business support services",4,2012
2028,300010 ,2013JJ00,53797.0,43579.0,10218.0,53494.0,0.4,1.0,0.7,55.3,44.8,55.0,31.4,25.4,31.2,1.4,1.9,1.7,0.8,1.3,1.1,973.0,1716.0,2009.0,1983.0,27.0,-1.0,-0.3,1341.0,791.0,550.0,608.0,463.0,145.0,733.0,329.0,404.0,-1.0,M-N Business services,"Business services 
This category is made up of the categories: 
M Consultancy, research and other specialised business services 
N Renting and leasing of tangible goods and other business support services",4,2013
2029,300010 ,2014JJ00,55627.0,44454.0,11173.0,55427.0,3.4,2.0,3.6,55.7,44.5,55.5,31.4,25.1,31.3,0.8,-0.6,1.0,0.3,-1.1,0.5,998.0,1769.0,2060.0,2032.0,28.0,2.6,3.1,1367.0,807.0,560.0,622.0,473.0,149.0,745.0,334.0,410.0,1.9,M-N Business services,"Business services 
This category is made up of the categories: 
M Consultancy, research and other specialised business services 
N Renting and leasing of tangible goods and other business support services",4,2014
2030,300010 ,2015JJ00,57294.0,46641.0,10653.0,57051.0,3.0,4.9,2.9,54.5,44.3,54.2,30.8,25.1,30.7,-2.3,-0.4,-2.3,-2.0,-0.2,-2.1,1052.0,1860.0,2171.0,2139.0,31.0,5.4,5.1,1441.0,848.0,594.0,640.0,485.0,155.0,801.0,362.0,439.0,5.5,M-N Business services,"Business services 
This category is made up of the categories: 
M Consultancy, research and other specialised business services 
N Renting and leasing of tangible goods and other business support services",4,2015
2031,300010 ,2016JJ00,60678.0,49265.0,11413.0,60258.0,5.9,5.6,5.6,54.5,44.3,54.1,30.8,25.0,30.5,0.1,-0.2,-0.2,-0.2,-0.4,-0.4,1113.0,1973.0,2295.0,2262.0,34.0,5.8,6.1,1515.0,888.0,627.0,693.0,522.0,171.0,822.0,366.0,456.0,5.1,M-N Business services,"Business services 
This category is made up of the categories: 
M Consultancy, research and other specialised business services 
N Renting and leasing of tangible goods and other business support services",4,2016
2032,300010 ,2017JJ00,64225.0,52219.0,12006.0,63651.0,5.8,6.0,5.6,54.7,44.5,54.2,30.8,25.0,30.5,0.3,0.5,0.1,0.1,0.3,-0.1,1174.0,2086.0,2435.0,2397.0,38.0,5.5,5.7,1598.0,937.0,661.0,719.0,542.0,177.0,879.0,395.0,484.0,5.5,M-N Business services,"Business services 
This category is made up of the categories: 
M Consultancy, research and other specialised business services 
N Renting and leasing of tangible goods and other business support services",4,2017
2033,300010 ,2018JJ00,68669.0,55536.0,13133.0,68036.0,6.9,6.4,6.9,55.6,45.0,55.1,31.6,25.5,31.3,1.7,1.1,1.6,2.5,2.0,2.5,1235.0,2175.0,2564.0,2524.0,40.0,5.2,4.3,1667.0,976.0,690.0,759.0,568.0,192.0,908.0,409.0,499.0,4.3,M-N Business services,"Business services 
This category is made up of the categories: 
M Consultancy, research and other specialised business services 
N Renting and leasing of tangible goods and other business support services",4,2018
2034,300010 ,2019JJ00,71874.0,57809.0,14065.0,71232.0,4.7,4.1,4.7,57.6,46.3,57.1,32.6,26.2,32.3,3.6,3.0,3.6,3.4,2.8,3.4,1248.0,2202.0,2592.0,2554.0,39.0,1.0,1.2,1679.0,980.0,699.0,762.0,566.0,196.0,917.0,414.0,503.0,0.7,M-N Business services,"Business services 
This category is made up of the categories: 
M Consultancy, research and other specialised business services 
N Renting and leasing of tangible goods and other business support services",4,2019
2035,300010 ,2020JJ00,71488.0,57040.0,14448.0,68514.0,-0.5,-1.3,-3.8,60.6,48.4,58.1,34.8,27.8,33.4,5.2,4.4,1.7,6.8,5.9,3.2,1180.0,2052.0,2458.0,2425.0,33.0,-5.5,-6.8,1552.0,908.0,644.0,721.0,535.0,186.0,832.0,373.0,458.0,-7.5,M-N Business services,"Business services 
This category is made up of the categories: 
M Consultancy, research and other specialised business services 
N Renting and leasing of tangible goods and other business support services",4,2020
2036,300010 ,2021JJ00,75020.0,60512.0,14508.0,72843.0,4.9,6.1,6.3,61.2,49.3,59.4,34.8,28.1,33.8,0.9,2.0,2.2,0.0,1.1,1.3,1226.0,2153.0,2547.0,2511.0,36.0,4.0,4.9,1608.0,935.0,674.0,752.0,551.0,201.0,856.0,383.0,472.0,3.6,M-N Business services,"Business services 
This category is made up of the categories: 
M Consultancy, research and other specialised business services 
N Renting and leasing of tangible goods and other business support services",4,2021
2037,300010 ,2022JJ00,82027.0,65722.0,16305.0,81051.0,9.3,8.6,11.3,64.1,51.4,63.4,36.6,29.3,36.1,4.9,4.2,6.7,4.9,4.2,6.8,1279.0,2243.0,2651.0,2615.0,36.0,4.3,4.2,1685.0,977.0,708.0,784.0,571.0,213.0,901.0,406.0,495.0,4.8,M-N Business services,"Business services 
This category is made up of the categories: 
M Consultancy, research and other specialised business services 
N Renting and leasing of tangible goods and other business support services",4,2022
2038,300010 ,2023JJ00,87585.0,70343.0,17242.0,86923.0,6.8,7.0,7.2,68.7,55.2,68.2,39.4,31.7,39.1,7.2,7.4,7.6,7.8,8.1,8.3,1274.0,2222.0,2640.0,2607.0,33.0,-0.4,-0.9,1658.0,968.0,690.0,789.0,574.0,215.0,869.0,394.0,475.0,-1.6,M-N Business services,"Business services 
This category is made up of the categories: 
M Consultancy, research and other specialised business services 
N Renting and leasing of tangible goods and other business support services",4,2023
2039,300010 ,2024JJ00,92784.0,74085.0,18699.0,92264.0,5.9,5.3,6.1,74.0,59.0,73.5,42.2,33.7,41.9,7.6,6.9,7.8,7.0,6.3,7.2,1255.0,2200.0,2614.0,2583.0,31.0,-1.5,-1.0,1622.0,956.0,666.0,774.0,562.0,213.0,847.0,394.0,453.0,-2.2,M-N Business services,"Business services 
This category is made up of the categories: 
M Consultancy, research and other specialised business services 
N Renting and leasing of tangible goods and other business support services",4,2024
2040,403300 ,1995JJ00,14101.0,12441.0,1660.0,14065.0,,,,43.5,38.4,43.4,24.1,21.2,24.0,,,,,,,324.0,586.0,,,,,,390.0,239.0,151.0,,,,,,,,M Other specialised business services,"Consultancy, research and other specialised business services 
This section includes: 
- specialised professional, scientific and technical activities. These activities require a high degree of training, and make specialised knowledge and skills available to users.",3,1995
2041,403300 ,1996JJ00,15015.0,13268.0,1747.0,14945.0,6.5,6.7,6.3,44.0,38.9,43.8,24.3,21.5,24.2,1.2,1.4,1.0,0.8,1.0,0.6,341.0,618.0,,,,5.2,5.6,404.0,246.0,159.0,,,,,,,3.8,M Other specialised business services,"Consultancy, research and other specialised business services 
This section includes: 
- specialised professional, scientific and technical activities. These activities require a high degree of training, and make specialised knowledge and skills available to users.",3,1996
2042,403300 ,1997JJ00,16577.0,14579.0,1998.0,16495.0,10.4,9.9,10.4,46.7,41.1,46.5,25.9,22.8,25.8,6.1,5.6,6.1,6.6,6.1,6.5,355.0,641.0,,,,4.1,3.6,413.0,255.0,158.0,,,,,,,2.0,M Other specialised business services,"Consultancy, research and other specialised business services 
This section includes: 
- specialised professional, scientific and technical activities. These activities require a high degree of training, and make specialised knowledge and skills available to users.",3,1997
2043,403300 ,1998JJ00,17817.0,14577.0,3240.0,17703.0,7.5,0.0,7.3,48.0,39.3,47.7,26.6,21.8,26.4,2.7,-4.4,2.6,2.8,-4.4,2.7,371.0,670.0,,,,4.6,4.5,431.0,263.0,167.0,,,,,,,4.4,M Other specialised business services,"Consultancy, research and other specialised business services 
This section includes: 
- specialised professional, scientific and technical activities. These activities require a high degree of training, and make specialised knowledge and skills available to users.",3,1998
2044,403300 ,1999JJ00,19623.0,16011.0,3612.0,19528.0,10.1,9.8,10.3,50.1,40.9,49.9,27.7,22.6,27.6,4.4,4.1,4.6,4.1,3.9,4.3,391.0,708.0,,,,5.5,5.8,456.0,279.0,177.0,,,,,,,5.8,M Other specialised business services,"Consultancy, research and other specialised business services 
This section includes: 
- specialised professional, scientific and technical activities. These activities require a high degree of training, and make specialised knowledge and skills available to users.",3,1999
2045,403300 ,2000JJ00,22281.0,17889.0,4392.0,22187.0,13.6,11.7,13.6,54.1,43.4,53.9,30.2,24.2,30.0,7.9,6.2,8.0,8.8,7.1,8.9,412.0,739.0,,,,5.2,4.4,483.0,291.0,192.0,,,,,,,6.0,M Other specialised business services,"Consultancy, research and other specialised business services 
This section includes: 
- specialised professional, scientific and technical activities. These activities require a high degree of training, and make specialised knowledge and skills available to users.",3,2000
2046,403300 ,2001JJ00,24036.0,19652.0,4384.0,23933.0,7.9,9.9,7.9,55.1,45.1,54.9,31.0,25.3,30.8,1.9,3.8,1.9,2.7,4.5,2.6,436.0,777.0,,,,5.9,5.1,505.0,303.0,203.0,,,,,,,4.6,M Other specialised business services,"Consultancy, research and other specialised business services 
This section includes: 
- specialised professional, scientific and technical activities. These activities require a high degree of training, and make specialised knowledge and skills available to users.",3,2001
2047,403300 ,2002JJ00,25071.0,20422.0,4649.0,24957.0,4.3,3.9,4.3,57.0,46.4,56.7,32.2,26.2,32.1,3.4,3.0,3.4,4.1,3.7,4.0,440.0,779.0,,,,0.8,0.2,516.0,306.0,211.0,,,,,,,2.2,M Other specialised business services,"Consultancy, research and other specialised business services 
This section includes: 
- specialised professional, scientific and technical activities. These activities require a high degree of training, and make specialised knowledge and skills available to users.",3,2002
2048,403300 ,2003JJ00,25610.0,20557.0,5053.0,25514.0,2.1,0.7,2.2,59.8,48.0,59.6,33.7,27.1,33.6,4.9,3.4,5.0,4.8,3.3,4.9,428.0,759.0,,,,-2.6,-2.5,505.0,297.0,208.0,,,,,,,-2.2,M Other specialised business services,"Consultancy, research and other specialised business services 
This section includes: 
- specialised professional, scientific and technical activities. These activities require a high degree of training, and make specialised knowledge and skills available to users.",3,2003
2049,403300 ,2004JJ00,25934.0,20848.0,5086.0,25785.0,1.3,1.4,1.1,61.3,49.3,61.0,34.0,27.3,33.8,2.6,2.7,2.3,0.7,0.9,0.5,423.0,763.0,,,,-1.3,0.5,502.0,302.0,200.0,,,,,,,-0.7,M Other specialised business services,"Consultancy, research and other specialised business services 
This section includes: 
- specialised professional, scientific and technical activities. These activities require a high degree of training, and make specialised knowledge and skills available to users.",3,2004
2050,403300 ,2005JJ00,26433.0,21405.0,5028.0,26324.0,1.9,2.7,2.1,62.7,50.7,62.4,35.2,28.5,35.0,2.2,2.9,2.3,3.5,4.3,3.7,422.0,751.0,,,,-0.2,-1.5,501.0,299.0,201.0,,,,,,,-0.2,M Other specialised business services,"Consultancy, research and other specialised business services 
This section includes: 
- specialised professional, scientific and technical activities. These activities require a high degree of training, and make specialised knowledge and skills available to users.",3,2005
2051,403300 ,2006JJ00,27607.0,22564.0,5043.0,27491.0,4.4,5.4,4.4,63.5,51.9,63.3,35.9,29.4,35.8,1.4,2.4,1.4,2.1,3.1,2.1,434.0,768.0,,,,3.0,2.3,517.0,310.0,207.0,,,,,,,3.3,M Other specialised business services,"Consultancy, research and other specialised business services 
This section includes: 
- specialised professional, scientific and technical activities. These activities require a high degree of training, and make specialised knowledge and skills available to users.",3,2006
2052,403300 ,2007JJ00,29379.0,24091.0,5288.0,29255.0,6.4,6.8,6.4,65.5,53.7,65.2,37.0,30.4,36.9,3.0,3.4,3.0,3.0,3.4,3.0,449.0,794.0,,,,3.3,3.3,536.0,320.0,216.0,,,,,,,3.7,M Other specialised business services,"Consultancy, research and other specialised business services 
This section includes: 
- specialised professional, scientific and technical activities. These activities require a high degree of training, and make specialised knowledge and skills available to users.",3,2007
2053,403300 ,2008JJ00,31668.0,25842.0,5826.0,31530.0,7.8,7.3,7.8,68.1,55.6,67.9,38.5,31.4,38.3,4.1,3.6,4.1,3.9,3.4,3.9,465.0,823.0,,,,3.6,3.7,559.0,332.0,228.0,,,,,,,4.3,M Other specialised business services,"Consultancy, research and other specialised business services 
This section includes: 
- specialised professional, scientific and technical activities. These activities require a high degree of training, and make specialised knowledge and skills available to users.",3,2008
2054,403300 ,2009JJ00,32076.0,26326.0,5750.0,31859.0,1.3,1.9,1.0,68.5,56.2,68.0,38.9,31.9,38.6,0.5,1.1,0.3,1.1,1.6,0.8,468.0,825.0,,,,0.8,0.2,560.0,329.0,231.0,,,,,,,0.2,M Other specialised business services,"Consultancy, research and other specialised business services 
This section includes: 
- specialised professional, scientific and technical activities. These activities require a high degree of training, and make specialised knowledge and skills available to users.",3,2009
2055,403300 ,2010JJ00,30930.0,25270.0,5660.0,30702.0,-3.6,-4.0,-3.6,70.4,57.5,69.8,40.2,32.8,39.9,2.7,2.3,2.7,3.3,2.9,3.3,440.0,770.0,886.0,882.0,4.0,-6.1,-6.7,524.0,319.0,205.0,325.0,248.0,77.0,200.0,72.0,128.0,-6.5,M Other specialised business services,"Consultancy, research and other specialised business services 
This section includes: 
- specialised professional, scientific and technical activities. These activities require a high degree of training, and make specialised knowledge and skills available to users.",3,2010
2056,403300 ,2011JJ00,31677.0,25919.0,5758.0,31456.0,2.4,2.6,2.5,72.4,59.2,71.9,41.3,33.8,41.0,2.8,3.0,2.9,2.7,2.9,2.7,438.0,768.0,869.0,866.0,4.0,-0.4,-0.3,520.0,318.0,203.0,328.0,252.0,76.0,192.0,66.0,126.0,-0.7,M Other specialised business services,"Consultancy, research and other specialised business services 
This section includes: 
- specialised professional, scientific and technical activities. These activities require a high degree of training, and make specialised knowledge and skills available to users.",3,2011
2057,403300 ,2012JJ00,32265.0,26206.0,6059.0,32057.0,1.9,1.1,1.9,73.7,59.9,73.2,42.0,34.1,41.7,1.9,1.1,1.9,1.8,1.0,1.8,438.0,768.0,889.0,885.0,4.0,0.0,0.1,521.0,319.0,203.0,326.0,250.0,75.0,195.0,68.0,127.0,0.2,M Other specialised business services,"Consultancy, research and other specialised business services 
This section includes: 
- specialised professional, scientific and technical activities. These activities require a high degree of training, and make specialised knowledge and skills available to users.",3,2012
2058,403300 ,2013JJ00,32258.0,26411.0,5847.0,32170.0,0.0,0.8,0.4,75.4,61.7,75.2,42.6,34.9,42.5,2.3,3.1,2.7,1.5,2.3,1.9,428.0,757.0,883.0,879.0,4.0,-2.3,-1.5,510.0,313.0,197.0,317.0,245.0,72.0,193.0,68.0,125.0,-2.2,M Other specialised business services,"Consultancy, research and other specialised business services 
This section includes: 
- specialised professional, scientific and technical activities. These activities require a high degree of training, and make specialised knowledge and skills available to users.",3,2013
2059,403300 ,2014JJ00,32947.0,26537.0,6410.0,32915.0,2.1,0.5,2.3,76.6,61.7,76.5,43.0,34.7,43.0,1.6,-0.1,1.7,0.9,-0.7,1.1,430.0,766.0,886.0,882.0,4.0,0.6,1.2,514.0,316.0,198.0,316.0,244.0,72.0,198.0,72.0,126.0,0.8,M Other specialised business services,"Consultancy, research and other specialised business services 
This section includes: 
- specialised professional, scientific and technical activities. These activities require a high degree of training, and make specialised knowledge and skills available to users.",3,2014
2060,403300 ,2015JJ00,32640.0,27002.0,5638.0,32520.0,-0.9,1.8,-1.2,74.6,61.7,74.3,42.0,34.7,41.8,-2.6,0.0,-2.9,-2.5,0.2,-2.8,438.0,778.0,900.0,896.0,4.0,1.7,1.6,522.0,319.0,203.0,321.0,246.0,75.0,202.0,73.0,129.0,1.6,M Other specialised business services,"Consultancy, research and other specialised business services 
This section includes: 
- specialised professional, scientific and technical activities. These activities require a high degree of training, and make specialised knowledge and skills available to users.",3,2015
2061,403300 ,2016JJ00,33943.0,28111.0,5832.0,33665.0,4.0,4.1,3.5,74.9,62.0,74.3,41.9,34.7,41.6,0.4,0.6,0.0,-0.2,-0.1,-0.6,453.0,810.0,933.0,929.0,4.0,3.5,4.2,541.0,330.0,211.0,332.0,254.0,78.0,209.0,76.0,133.0,3.6,M Other specialised business services,"Consultancy, research and other specialised business services 
This section includes: 
- specialised professional, scientific and technical activities. These activities require a high degree of training, and make specialised knowledge and skills available to users.",3,2016
2062,403300 ,2017JJ00,35171.0,29164.0,6007.0,34878.0,3.6,3.7,3.6,76.3,63.2,75.6,43.0,35.6,42.6,1.8,1.9,1.8,2.5,2.7,2.5,461.0,819.0,949.0,945.0,4.0,1.8,1.0,550.0,334.0,216.0,334.0,255.0,79.0,216.0,78.0,138.0,1.7,M Other specialised business services,"Consultancy, research and other specialised business services 
This section includes: 
- specialised professional, scientific and technical activities. These activities require a high degree of training, and make specialised knowledge and skills available to users.",3,2017
2063,403300 ,2018JJ00,36899.0,30444.0,6455.0,36600.0,4.9,4.4,4.9,77.2,63.7,76.6,43.7,36.1,43.4,1.2,0.7,1.2,1.8,1.3,1.8,478.0,844.0,987.0,983.0,4.0,3.7,3.1,570.0,345.0,225.0,345.0,262.0,83.0,225.0,84.0,142.0,3.6,M Other specialised business services,"Consultancy, research and other specialised business services 
This section includes: 
- specialised professional, scientific and technical activities. These activities require a high degree of training, and make specialised knowledge and skills available to users.",3,2018
2064,403300 ,2019JJ00,39029.0,32024.0,7005.0,38723.0,5.8,5.2,5.8,79.4,65.1,78.7,45.0,36.9,44.7,2.8,2.2,2.8,3.0,2.4,3.0,492.0,867.0,1016.0,1013.0,4.0,2.9,2.7,586.0,353.0,233.0,351.0,265.0,86.0,235.0,88.0,147.0,2.8,M Other specialised business services,"Consultancy, research and other specialised business services 
This section includes: 
- specialised professional, scientific and technical activities. These activities require a high degree of training, and make specialised knowledge and skills available to users.",3,2019
2065,403300 ,2020JJ00,40592.0,33037.0,7555.0,39355.0,4.0,3.2,1.6,81.0,65.9,78.6,46.3,37.7,44.9,2.1,1.3,-0.2,3.0,2.1,0.6,501.0,876.0,1040.0,1037.0,3.0,1.9,1.0,596.0,359.0,237.0,353.0,265.0,88.0,242.0,93.0,149.0,1.6,M Other specialised business services,"Consultancy, research and other specialised business services 
This section includes: 
- specialised professional, scientific and technical activities. These activities require a high degree of training, and make specialised knowledge and skills available to users.",3,2020
2066,403300 ,2021JJ00,42317.0,34953.0,7364.0,41386.0,4.2,5.8,5.2,82.1,67.8,80.3,46.8,38.6,45.7,1.4,2.9,2.2,0.9,2.4,1.8,515.0,905.0,1066.0,1063.0,3.0,2.8,3.3,613.0,368.0,245.0,364.0,271.0,92.0,249.0,97.0,152.0,2.9,M Other specialised business services,"Consultancy, research and other specialised business services 
This section includes: 
- specialised professional, scientific and technical activities. These activities require a high degree of training, and make specialised knowledge and skills available to users.",3,2021
2067,403300 ,2022JJ00,46147.0,37892.0,8255.0,45594.0,9.1,8.4,10.2,85.2,69.9,84.2,48.8,40.1,48.3,3.7,3.1,4.8,4.4,3.8,5.5,542.0,945.0,1117.0,1114.0,3.0,5.1,4.5,642.0,386.0,256.0,383.0,285.0,99.0,259.0,101.0,158.0,4.8,M Other specialised business services,"Consultancy, research and other specialised business services 
This section includes: 
- specialised professional, scientific and technical activities. These activities require a high degree of training, and make specialised knowledge and skills available to users.",3,2022
2068,403300 ,2023JJ00,50064.0,41149.0,8915.0,49712.0,8.5,8.6,9.0,89.1,73.2,88.5,51.3,42.2,50.9,4.6,4.7,5.1,5.0,5.1,5.6,562.0,976.0,1159.0,1156.0,3.0,3.7,3.3,666.0,400.0,266.0,395.0,292.0,103.0,271.0,108.0,163.0,3.8,M Other specialised business services,"Consultancy, research and other specialised business services 
This section includes: 
- specialised professional, scientific and technical activities. These activities require a high degree of training, and make specialised knowledge and skills available to users.",3,2023
2069,403300 ,2024JJ00,53177.0,43818.0,9359.0,52816.0,6.2,6.5,6.2,93.3,76.9,92.7,53.3,43.9,52.9,4.7,5.0,4.7,3.8,4.1,3.8,570.0,999.0,1185.0,1182.0,3.0,1.4,2.3,677.0,406.0,270.0,396.0,291.0,105.0,281.0,115.0,166.0,1.6,M Other specialised business services,"Consultancy, research and other specialised business services 
This section includes: 
- specialised professional, scientific and technical activities. These activities require a high degree of training, and make specialised knowledge and skills available to users.",3,2024
2070,900009 ,1995JJ00,9355.0,8262.0,1093.0,9343.0,,,,45.9,40.6,45.9,26.0,22.9,25.9,,,,,,,204.0,360.0,,,,,,236.0,137.0,100.0,,,,,,,,69-70 Legal and management consultancy,"Legal services, accounting, tax consultancy, administration and holding companies (not financial) 
This category is made up of the categories: 
69 Legal services, accounting, taks consultancy, administration 
70 Holding companies (not financial)",24,1995
2071,900009 ,1996JJ00,9914.0,8762.0,1152.0,9887.0,6.0,6.1,5.8,47.0,41.5,46.8,26.4,23.3,26.3,2.2,2.3,2.1,1.6,1.7,1.5,211.0,376.0,,,,3.7,4.3,244.0,135.0,109.0,,,,,,,3.3,69-70 Legal and management consultancy,"Legal services, accounting, tax consultancy, administration and holding companies (not financial) 
This category is made up of the categories: 
69 Legal services, accounting, taks consultancy, administration 
70 Holding companies (not financial)",24,1996
2072,900009 ,1997JJ00,11044.0,9655.0,1389.0,11010.0,11.4,10.2,11.4,50.9,44.5,50.7,28.6,25.0,28.5,8.3,7.2,8.3,8.2,7.0,8.2,217.0,387.0,,,,2.8,3.0,247.0,141.0,106.0,,,,,,,1.1,69-70 Legal and management consultancy,"Legal services, accounting, tax consultancy, administration and holding companies (not financial) 
This category is made up of the categories: 
69 Legal services, accounting, taks consultancy, administration 
70 Holding companies (not financial)",24,1997
2073,900009 ,1998JJ00,11746.0,9567.0,2179.0,11695.0,6.4,-0.9,6.2,52.0,42.3,51.7,29.2,23.8,29.1,2.2,-4.8,2.0,2.3,-4.7,2.2,226.0,402.0,,,,4.1,3.9,258.0,145.0,114.0,,,,,,,4.6,69-70 Legal and management consultancy,"Legal services, accounting, tax consultancy, administration and holding companies (not financial) 
This category is made up of the categories: 
69 Legal services, accounting, taks consultancy, administration 
70 Holding companies (not financial)",24,1998
2074,900009 ,1999JJ00,12923.0,10485.0,2438.0,12881.0,10.0,9.6,10.1,54.3,44.1,54.1,30.4,24.7,30.3,4.5,4.1,4.6,4.2,3.8,4.3,238.0,424.0,,,,5.3,5.6,272.0,155.0,117.0,,,,,,,5.4,69-70 Legal and management consultancy,"Legal services, accounting, tax consultancy, administration and holding companies (not financial) 
This category is made up of the categories: 
69 Legal services, accounting, taks consultancy, administration 
70 Holding companies (not financial)",24,1999
2075,900009 ,2000JJ00,14850.0,11839.0,3011.0,14810.0,14.9,12.9,15.0,58.9,46.9,58.7,33.3,26.5,33.2,8.4,6.5,8.5,9.3,7.4,9.3,252.0,446.0,,,,6.0,5.2,290.0,163.0,127.0,,,,,,,6.4,69-70 Legal and management consultancy,"Legal services, accounting, tax consultancy, administration and holding companies (not financial) 
This category is made up of the categories: 
69 Legal services, accounting, taks consultancy, administration 
70 Holding companies (not financial)",24,2000
2076,900009 ,2001JJ00,16203.0,13147.0,3056.0,16164.0,9.1,11.1,9.1,61.0,49.5,60.9,34.2,27.8,34.2,3.7,5.5,3.7,2.9,4.8,3.0,266.0,473.0,,,,5.2,6.0,305.0,170.0,135.0,,,,,,,5.2,69-70 Legal and management consultancy,"Legal services, accounting, tax consultancy, administration and holding companies (not financial) 
This category is made up of the categories: 
69 Legal services, accounting, taks consultancy, administration 
70 Holding companies (not financial)",24,2001
2077,900009 ,2002JJ00,17096.0,13817.0,3279.0,17051.0,5.5,5.1,5.5,62.9,50.8,62.7,35.6,28.8,35.6,3.1,2.7,3.1,4.1,3.7,4.1,272.0,480.0,,,,2.4,1.4,316.0,174.0,142.0,,,,,,,3.7,69-70 Legal and management consultancy,"Legal services, accounting, tax consultancy, administration and holding companies (not financial) 
This category is made up of the categories: 
69 Legal services, accounting, taks consultancy, administration 
70 Holding companies (not financial)",24,2002
2078,900009 ,2003JJ00,17252.0,13805.0,3447.0,17214.0,0.9,-0.1,1.0,65.8,52.7,65.7,37.3,29.8,37.2,4.7,3.6,4.7,4.6,3.6,4.6,262.0,463.0,,,,-3.6,-3.5,309.0,168.0,141.0,,,,,,,-2.3,69-70 Legal and management consultancy,"Legal services, accounting, tax consultancy, administration and holding companies (not financial) 
This category is made up of the categories: 
69 Legal services, accounting, taks consultancy, administration 
70 Holding companies (not financial)",24,2003
2079,900009 ,2004JJ00,17464.0,14014.0,3450.0,17404.0,1.2,1.5,1.1,67.4,54.1,67.1,37.6,30.2,37.5,2.3,2.6,2.2,0.9,1.2,0.8,259.0,464.0,,,,-1.1,0.3,308.0,174.0,134.0,,,,,,,-0.1,69-70 Legal and management consultancy,"Legal services, accounting, tax consultancy, administration and holding companies (not financial) 
This category is made up of the categories: 
69 Legal services, accounting, taks consultancy, administration 
70 Holding companies (not financial)",24,2004
2080,900009 ,2005JJ00,17873.0,14419.0,3454.0,17837.0,2.3,2.9,2.5,69.1,55.7,68.9,39.1,31.5,39.0,2.5,3.1,2.7,3.9,4.5,4.1,259.0,457.0,,,,-0.2,-1.5,308.0,173.0,135.0,,,,,,,-0.1,69-70 Legal and management consultancy,"Legal services, accounting, tax consultancy, administration and holding companies (not financial) 
This category is made up of the categories: 
69 Legal services, accounting, taks consultancy, administration 
70 Holding companies (not financial)",24,2005
2081,900009 ,2006JJ00,18681.0,15224.0,3457.0,18648.0,4.5,5.6,4.5,69.9,57.0,69.8,39.8,32.5,39.8,1.3,2.3,1.3,1.9,2.9,1.9,267.0,469.0,,,,3.2,2.6,320.0,180.0,139.0,,,,,,,3.7,69-70 Legal and management consultancy,"Legal services, accounting, tax consultancy, administration and holding companies (not financial) 
This category is made up of the categories: 
69 Legal services, accounting, taks consultancy, administration 
70 Holding companies (not financial)",24,2006
2082,900009 ,2007JJ00,19828.0,16191.0,3637.0,19792.0,6.1,6.4,6.1,71.9,58.7,71.8,40.9,33.4,40.9,2.8,3.0,2.8,2.8,3.0,2.8,276.0,484.0,,,,3.2,3.3,331.0,186.0,146.0,,,,,,,3.7,69-70 Legal and management consultancy,"Legal services, accounting, tax consultancy, administration and holding companies (not financial) 
This category is made up of the categories: 
69 Legal services, accounting, taks consultancy, administration 
70 Holding companies (not financial)",24,2007
2083,900009 ,2008JJ00,21343.0,17319.0,4024.0,21304.0,7.6,7.0,7.6,74.9,60.7,74.7,42.5,34.5,42.4,4.1,3.4,4.1,3.7,3.1,3.7,285.0,503.0,,,,3.4,3.8,346.0,193.0,154.0,,,,,,,4.6,69-70 Legal and management consultancy,"Legal services, accounting, tax consultancy, administration and holding companies (not financial) 
This category is made up of the categories: 
69 Legal services, accounting, taks consultancy, administration 
70 Holding companies (not financial)",24,2008
2084,900009 ,2009JJ00,21529.0,17588.0,3941.0,21464.0,0.9,1.6,0.8,74.5,60.9,74.3,42.6,34.8,42.4,-0.4,0.2,-0.6,0.2,0.9,0.1,289.0,506.0,,,,1.3,0.6,348.0,191.0,157.0,,,,,,,0.6,69-70 Legal and management consultancy,"Legal services, accounting, tax consultancy, administration and holding companies (not financial) 
This category is made up of the categories: 
69 Legal services, accounting, taks consultancy, administration 
70 Holding companies (not financial)",24,2009
2085,900009 ,2010JJ00,20515.0,16695.0,3820.0,20450.0,-4.7,-5.1,-4.7,77.3,62.9,77.1,44.4,36.1,44.3,3.8,3.4,3.8,4.4,4.0,4.3,265.0,462.0,530.0,528.0,1.0,-8.2,-8.7,318.0,185.0,134.0,194.0,143.0,51.0,125.0,42.0,83.0,-8.6,69-70 Legal and management consultancy,"Legal services, accounting, tax consultancy, administration and holding companies (not financial) 
This category is made up of the categories: 
69 Legal services, accounting, taks consultancy, administration 
70 Holding companies (not financial)",24,2010
2086,900009 ,2011JJ00,21154.0,17270.0,3884.0,21095.0,3.1,3.4,3.2,79.5,64.9,79.3,45.8,37.4,45.6,2.8,3.1,2.8,3.0,3.3,3.0,266.0,462.0,520.0,518.0,1.0,0.3,0.1,317.0,185.0,132.0,201.0,150.0,51.0,116.0,35.0,81.0,-0.4,69-70 Legal and management consultancy,"Legal services, accounting, tax consultancy, administration and holding companies (not financial) 
This category is made up of the categories: 
69 Legal services, accounting, taks consultancy, administration 
70 Holding companies (not financial)",24,2011
2087,900009 ,2012JJ00,21591.0,17535.0,4056.0,21528.0,2.1,1.5,2.1,80.5,65.4,80.3,46.5,37.7,46.3,1.3,0.8,1.3,1.6,1.0,1.5,268.0,465.0,541.0,540.0,1.0,0.7,0.5,319.0,186.0,132.0,202.0,151.0,51.0,117.0,35.0,82.0,0.4,69-70 Legal and management consultancy,"Legal services, accounting, tax consultancy, administration and holding companies (not financial) 
This category is made up of the categories: 
69 Legal services, accounting, taks consultancy, administration 
70 Holding companies (not financial)",24,2012
2088,900009 ,2013JJ00,21460.0,17594.0,3866.0,21492.0,-0.6,0.3,-0.2,82.7,67.8,82.8,47.3,38.8,47.4,2.7,3.7,3.2,1.9,2.8,2.3,259.0,453.0,536.0,535.0,1.0,-3.2,-2.4,310.0,181.0,128.0,193.0,146.0,48.0,116.0,36.0,81.0,-2.7,69-70 Legal and management consultancy,"Legal services, accounting, tax consultancy, administration and holding companies (not financial) 
This category is made up of the categories: 
69 Legal services, accounting, taks consultancy, administration 
70 Holding companies (not financial)",24,2013
2089,900009 ,2014JJ00,21728.0,17640.0,4088.0,21820.0,1.3,0.3,1.5,83.6,67.9,83.9,47.5,38.6,47.7,1.1,0.1,1.3,0.4,-0.6,0.7,260.0,457.0,535.0,534.0,1.0,0.2,0.9,311.0,183.0,128.0,192.0,145.0,48.0,119.0,38.0,81.0,0.4,69-70 Legal and management consultancy,"Legal services, accounting, tax consultancy, administration and holding companies (not financial) 
This category is made up of the categories: 
69 Legal services, accounting, taks consultancy, administration 
70 Holding companies (not financial)",24,2014
2090,900009 ,2015JJ00,21441.0,17884.0,3557.0,21439.0,-1.3,1.4,-1.8,81.4,67.9,81.4,46.3,38.6,46.3,-2.6,0.1,-3.0,-2.6,0.1,-3.0,263.0,463.0,541.0,540.0,1.0,1.3,1.3,315.0,184.0,131.0,194.0,146.0,49.0,121.0,39.0,83.0,1.3,69-70 Legal and management consultancy,"Legal services, accounting, tax consultancy, administration and holding companies (not financial) 
This category is made up of the categories: 
69 Legal services, accounting, taks consultancy, administration 
70 Holding companies (not financial)",24,2015
2091,900009 ,2016JJ00,22228.0,18615.0,3613.0,22177.0,3.7,4.1,3.5,81.4,68.2,81.3,46.0,38.5,45.9,0.0,0.4,-0.2,-0.6,-0.2,-0.8,273.0,483.0,562.0,560.0,2.0,3.6,4.3,327.0,191.0,136.0,201.0,150.0,51.0,126.0,41.0,85.0,3.7,69-70 Legal and management consultancy,"Legal services, accounting, tax consultancy, administration and holding companies (not financial) 
This category is made up of the categories: 
69 Legal services, accounting, taks consultancy, administration 
70 Holding companies (not financial)",24,2016
2092,900009 ,2017JJ00,22821.0,19151.0,3670.0,22764.0,2.7,2.9,2.6,83.2,69.8,83.0,47.3,39.7,47.1,2.2,2.4,2.1,2.7,3.0,2.7,274.0,483.0,564.0,562.0,1.0,0.5,-0.1,330.0,192.0,138.0,200.0,150.0,51.0,130.0,43.0,87.0,0.9,69-70 Legal and management consultancy,"Legal services, accounting, tax consultancy, administration and holding companies (not financial) 
This category is made up of the categories: 
69 Legal services, accounting, taks consultancy, administration 
70 Holding companies (not financial)",24,2017
2093,900009 ,2018JJ00,23780.0,19892.0,3888.0,23724.0,4.2,3.9,4.2,83.9,70.2,83.7,47.8,40.0,47.7,0.9,0.6,0.9,1.3,0.9,1.3,283.0,497.0,585.0,583.0,1.0,3.3,2.9,341.0,199.0,142.0,206.0,153.0,53.0,135.0,45.0,89.0,3.3,69-70 Legal and management consultancy,"Legal services, accounting, tax consultancy, administration and holding companies (not financial) 
This category is made up of the categories: 
69 Legal services, accounting, taks consultancy, administration 
70 Holding companies (not financial)",24,2018
2094,900009 ,2019JJ00,25031.0,20862.0,4169.0,24987.0,5.3,4.9,5.3,86.8,72.3,86.6,49.4,41.2,49.3,3.3,3.0,3.4,3.3,2.9,3.3,289.0,507.0,596.0,594.0,1.0,1.9,1.9,347.0,202.0,146.0,209.0,155.0,54.0,139.0,47.0,91.0,1.8,69-70 Legal and management consultancy,"Legal services, accounting, tax consultancy, administration and holding companies (not financial) 
This category is made up of the categories: 
69 Legal services, accounting, taks consultancy, administration 
70 Holding companies (not financial)",24,2019
2095,900009 ,2020JJ00,25992.0,21383.0,4609.0,25517.0,3.8,2.5,2.1,88.6,72.9,87.0,50.6,41.6,49.6,2.2,0.9,0.5,2.3,1.0,0.6,293.0,514.0,609.0,607.0,1.0,1.6,1.5,353.0,205.0,148.0,209.0,154.0,55.0,144.0,51.0,93.0,1.5,69-70 Legal and management consultancy,"Legal services, accounting, tax consultancy, administration and holding companies (not financial) 
This category is made up of the categories: 
69 Legal services, accounting, taks consultancy, administration 
70 Holding companies (not financial)",24,2020
2096,900009 ,2021JJ00,26854.0,22603.0,4251.0,26530.0,3.3,5.7,4.0,89.2,75.1,88.1,50.8,42.7,50.1,0.6,2.9,1.3,0.4,2.7,1.0,301.0,529.0,623.0,622.0,1.0,2.7,2.9,363.0,211.0,152.0,215.0,158.0,57.0,147.0,53.0,94.0,2.9,69-70 Legal and management consultancy,"Legal services, accounting, tax consultancy, administration and holding companies (not financial) 
This category is made up of the categories: 
69 Legal services, accounting, taks consultancy, administration 
70 Holding companies (not financial)",24,2021
2097,900009 ,2022JJ00,29157.0,24423.0,4734.0,29010.0,8.6,8.1,9.4,92.2,77.3,91.8,52.9,44.3,52.6,3.4,2.9,4.1,4.2,3.7,5.0,316.0,551.0,652.0,651.0,1.0,5.0,4.2,379.0,221.0,158.0,228.0,167.0,61.0,152.0,55.0,97.0,4.5,69-70 Legal and management consultancy,"Legal services, accounting, tax consultancy, administration and holding companies (not financial) 
This category is made up of the categories: 
69 Legal services, accounting, taks consultancy, administration 
70 Holding companies (not financial)",24,2022
2098,900009 ,2023JJ00,31776.0,26638.0,5138.0,31787.0,9.0,9.1,9.6,95.7,80.3,95.8,55.2,46.2,55.2,3.8,3.9,4.4,4.3,4.4,4.8,332.0,576.0,684.0,683.0,1.0,5.0,4.5,398.0,233.0,165.0,238.0,174.0,64.0,160.0,59.0,101.0,4.9,69-70 Legal and management consultancy,"Legal services, accounting, tax consultancy, administration and holding companies (not financial) 
This category is made up of the categories: 
69 Legal services, accounting, taks consultancy, administration 
70 Holding companies (not financial)",24,2023
2099,900009 ,2024JJ00,33912.0,28437.0,5475.0,33881.0,6.7,6.8,6.6,99.9,83.8,99.9,57.1,47.9,57.0,4.4,4.4,4.3,3.5,3.5,3.4,339.0,594.0,705.0,704.0,1.0,2.2,3.1,408.0,238.0,170.0,241.0,174.0,67.0,167.0,64.0,103.0,2.5,69-70 Legal and management consultancy,"Legal services, accounting, tax consultancy, administration and holding companies (not financial) 
This category is made up of the categories: 
69 Legal services, accounting, taks consultancy, administration 
70 Holding companies (not financial)",24,2024
2100,403405 ,1995JJ00,11853.0,10436.0,1417.0,11830.0,,,,45.2,39.8,45.1,25.1,22.1,25.0,,,,,,,262.0,473.0,,,,,,303.0,190.0,113.0,,,,,,,,"69-71 Management, technical consultancy","Legal services, management consultancy, accountancy, architectural and engineering activities 
This category is made up of the categories: 
69 Legal services, accounting, tax consultancy, administration 
70 Holding companies (not financial) 
71 Architects, engineers and technical design and consultancy; testing and analysis",24,1995
2101,403405 ,1996JJ00,12602.0,11106.0,1496.0,12555.0,6.3,6.4,6.1,45.9,40.4,45.7,25.4,22.3,25.3,1.5,1.6,1.3,1.1,1.2,0.9,275.0,497.0,,,,4.7,5.1,316.0,192.0,124.0,,,,,,,4.2,"69-71 Management, technical consultancy","Legal services, management consultancy, accountancy, architectural and engineering activities 
This category is made up of the categories: 
69 Legal services, accounting, tax consultancy, administration 
70 Holding companies (not financial) 
71 Architects, engineers and technical design and consultancy; testing and analysis",24,1996
2102,403405 ,1997JJ00,13917.0,12183.0,1734.0,13861.0,10.4,9.7,10.4,48.9,42.8,48.7,27.1,23.7,27.0,6.6,5.9,6.6,7.0,6.3,6.9,285.0,513.0,,,,3.6,3.2,322.0,201.0,121.0,,,,,,,1.9,"69-71 Management, technical consultancy","Legal services, management consultancy, accountancy, architectural and engineering activities 
This category is made up of the categories: 
69 Legal services, accounting, tax consultancy, administration 
70 Holding companies (not financial) 
71 Architects, engineers and technical design and consultancy; testing and analysis",24,1997
2103,403405 ,1998JJ00,14922.0,12140.0,2782.0,14844.0,7.2,-0.4,7.1,50.1,40.7,49.8,27.8,22.6,27.7,2.4,-4.9,2.3,2.5,-4.7,2.4,298.0,537.0,,,,4.7,4.6,338.0,207.0,131.0,,,,,,,5.0,"69-71 Management, technical consultancy","Legal services, management consultancy, accountancy, architectural and engineering activities 
This category is made up of the categories: 
69 Legal services, accounting, tax consultancy, administration 
70 Holding companies (not financial) 
71 Architects, engineers and technical design and consultancy; testing and analysis",24,1998
2104,403405 ,1999JJ00,16404.0,13313.0,3091.0,16342.0,9.9,9.7,10.1,52.1,42.3,51.9,28.9,23.4,28.8,4.1,3.9,4.3,3.8,3.6,4.0,315.0,568.0,,,,5.6,5.9,358.0,221.0,136.0,,,,,,,5.8,"69-71 Management, technical consultancy","Legal services, management consultancy, accountancy, architectural and engineering activities 
This category is made up of the categories: 
69 Legal services, accounting, tax consultancy, administration 
70 Holding companies (not financial) 
71 Architects, engineers and technical design and consultancy; testing and analysis",24,1999
2105,403405 ,2000JJ00,18712.0,14917.0,3795.0,18652.0,14.1,12.0,14.1,56.4,44.9,56.2,31.5,25.1,31.4,8.1,6.1,8.1,9.0,7.1,9.1,332.0,595.0,,,,5.6,4.6,380.0,232.0,148.0,,,,,,,6.2,"69-71 Management, technical consultancy","Legal services, management consultancy, accountancy, architectural and engineering activities 
This category is made up of the categories: 
69 Legal services, accounting, tax consultancy, administration 
70 Holding companies (not financial) 
71 Architects, engineers and technical design and consultancy; testing and analysis",24,2000
2106,403405 ,2001JJ00,20312.0,16492.0,3820.0,20249.0,8.5,10.6,8.6,58.0,47.1,57.9,32.4,26.3,32.3,3.0,4.9,3.0,3.0,4.9,3.0,350.0,627.0,,,,5.4,5.4,398.0,242.0,156.0,,,,,,,5.0,"69-71 Management, technical consultancy","Legal services, management consultancy, accountancy, architectural and engineering activities 
This category is made up of the categories: 
69 Legal services, accounting, tax consultancy, administration 
70 Holding companies (not financial) 
71 Architects, engineers and technical design and consultancy; testing and analysis",24,2001
2107,403405 ,2002JJ00,21094.0,17142.0,3952.0,21019.0,3.9,3.9,3.8,59.6,48.4,59.4,33.6,27.3,33.5,2.7,2.8,2.7,3.6,3.7,3.6,354.0,628.0,,,,1.1,0.2,410.0,246.0,164.0,,,,,,,2.8,"69-71 Management, technical consultancy","Legal services, management consultancy, accountancy, architectural and engineering activities 
This category is made up of the categories: 
69 Legal services, accounting, tax consultancy, administration 
70 Holding companies (not financial) 
71 Architects, engineers and technical design and consultancy; testing and analysis",24,2002
2108,403405 ,2003JJ00,21572.0,17286.0,4286.0,21507.0,2.3,0.8,2.3,62.5,50.1,62.3,35.2,28.2,35.1,4.9,3.5,5.0,4.8,3.3,4.8,345.0,613.0,,,,-2.5,-2.4,401.0,239.0,163.0,,,,,,,-2.1,"69-71 Management, technical consultancy","Legal services, management consultancy, accountancy, architectural and engineering activities 
This category is made up of the categories: 
69 Legal services, accounting, tax consultancy, administration 
70 Holding companies (not financial) 
71 Architects, engineers and technical design and consultancy; testing and analysis",24,2003
2109,403405 ,2004JJ00,21800.0,17486.0,4314.0,21694.0,1.1,1.2,0.9,64.0,51.3,63.7,35.5,28.5,35.3,2.4,2.5,2.2,0.8,0.9,0.7,341.0,614.0,,,,-1.3,0.2,399.0,244.0,156.0,,,,,,,-0.4,"69-71 Management, technical consultancy","Legal services, management consultancy, accountancy, architectural and engineering activities 
This category is made up of the categories: 
69 Legal services, accounting, tax consultancy, administration 
70 Holding companies (not financial) 
71 Architects, engineers and technical design and consultancy; testing and analysis",24,2004
2110,403405 ,2005JJ00,22328.0,18041.0,4287.0,22255.0,2.4,3.2,2.6,65.5,52.9,65.2,36.8,29.7,36.6,2.3,3.0,2.4,3.6,4.4,3.8,341.0,607.0,,,,0.2,-1.1,400.0,244.0,156.0,,,,,,,0.1,"69-71 Management, technical consultancy","Legal services, management consultancy, accountancy, architectural and engineering activities 
This category is made up of the categories: 
69 Legal services, accounting, tax consultancy, administration 
70 Holding companies (not financial) 
71 Architects, engineers and technical design and consultancy; testing and analysis",24,2005
2111,403405 ,2006JJ00,23373.0,19061.0,4312.0,23297.0,4.7,5.7,4.7,66.3,54.1,66.1,37.5,30.6,37.4,1.3,2.3,1.3,2.0,2.9,2.0,352.0,623.0,,,,3.3,2.6,415.0,253.0,162.0,,,,,,,3.8,"69-71 Management, technical consultancy","Legal services, management consultancy, accountancy, architectural and engineering activities 
This category is made up of the categories: 
69 Legal services, accounting, tax consultancy, administration 
70 Holding companies (not financial) 
71 Architects, engineers and technical design and consultancy; testing and analysis",24,2006
2112,403405 ,2007JJ00,24916.0,20381.0,4535.0,24835.0,6.6,6.9,6.6,68.3,55.9,68.1,38.6,31.6,38.5,2.9,3.3,2.9,3.0,3.3,3.0,365.0,646.0,,,,3.6,3.5,431.0,262.0,169.0,,,,,,,4.0,"69-71 Management, technical consultancy","Legal services, management consultancy, accountancy, architectural and engineering activities 
This category is made up of the categories: 
69 Legal services, accounting, tax consultancy, administration 
70 Holding companies (not financial) 
71 Architects, engineers and technical design and consultancy; testing and analysis",24,2007
2113,403405 ,2008JJ00,26902.0,21903.0,4999.0,26814.0,8.0,7.5,8.0,71.0,57.8,70.8,40.0,32.6,39.9,4.0,3.5,4.0,3.7,3.3,3.7,379.0,672.0,,,,3.8,4.1,452.0,273.0,179.0,,,,,,,4.8,"69-71 Management, technical consultancy","Legal services, management consultancy, accountancy, architectural and engineering activities 
This category is made up of the categories: 
69 Legal services, accounting, tax consultancy, administration 
70 Holding companies (not financial) 
71 Architects, engineers and technical design and consultancy; testing and analysis",24,2008
2114,403405 ,2009JJ00,27200.0,22292.0,4908.0,27057.0,1.1,1.8,0.9,71.1,58.3,70.8,40.3,33.0,40.1,0.2,0.8,0.0,0.7,1.4,0.5,382.0,675.0,,,,0.9,0.4,454.0,271.0,183.0,,,,,,,0.4,"69-71 Management, technical consultancy","Legal services, management consultancy, accountancy, architectural and engineering activities 
This category is made up of the categories: 
69 Legal services, accounting, tax consultancy, administration 
70 Holding companies (not financial) 
71 Architects, engineers and technical design and consultancy; testing and analysis",24,2009
2115,403405 ,2010JJ00,26105.0,21293.0,4812.0,25959.0,-4.0,-4.5,-4.1,73.5,59.9,73.1,41.9,34.2,41.7,3.3,2.8,3.3,3.9,3.4,3.9,355.0,623.0,716.0,713.0,3.0,-7.1,-7.7,420.0,262.0,158.0,264.0,205.0,59.0,156.0,57.0,98.0,-7.5,"69-71 Management, technical consultancy","Legal services, management consultancy, accountancy, architectural and engineering activities 
This category is made up of the categories: 
69 Legal services, accounting, tax consultancy, administration 
70 Holding companies (not financial) 
71 Architects, engineers and technical design and consultancy; testing and analysis",24,2010
2116,403405 ,2011JJ00,26759.0,21866.0,4893.0,26619.0,2.5,2.7,2.5,75.6,61.7,75.2,43.1,35.2,42.9,2.9,3.0,2.9,2.8,3.0,2.9,354.0,621.0,701.0,698.0,3.0,-0.3,-0.3,417.0,261.0,156.0,269.0,210.0,59.0,148.0,51.0,97.0,-0.7,"69-71 Management, technical consultancy","Legal services, management consultancy, accountancy, architectural and engineering activities 
This category is made up of the categories: 
69 Legal services, accounting, tax consultancy, administration 
70 Holding companies (not financial) 
71 Architects, engineers and technical design and consultancy; testing and analysis",24,2011
2117,403405 ,2012JJ00,27324.0,22189.0,5135.0,27192.0,2.1,1.5,2.2,77.1,62.6,76.7,44.0,35.7,43.8,2.0,1.4,2.1,2.1,1.5,2.1,354.0,621.0,720.0,717.0,3.0,0.1,0.0,418.0,262.0,156.0,267.0,209.0,58.0,150.0,53.0,97.0,0.2,"69-71 Management, technical consultancy","Legal services, management consultancy, accountancy, architectural and engineering activities 
This category is made up of the categories: 
69 Legal services, accounting, tax consultancy, administration 
70 Holding companies (not financial) 
71 Architects, engineers and technical design and consultancy; testing and analysis",24,2012
2118,403405 ,2013JJ00,27314.0,22372.0,4942.0,27290.0,0.0,0.8,0.4,78.8,64.6,78.8,44.6,36.5,44.5,2.3,3.1,2.7,1.3,2.2,1.7,346.0,613.0,718.0,715.0,3.0,-2.2,-1.4,409.0,257.0,152.0,260.0,204.0,56.0,149.0,53.0,96.0,-2.0,"69-71 Management, technical consultancy","Legal services, management consultancy, accountancy, architectural and engineering activities 
This category is made up of the categories: 
69 Legal services, accounting, tax consultancy, administration 
70 Holding companies (not financial) 
71 Architects, engineers and technical design and consultancy; testing and analysis",24,2013
2119,403405 ,2014JJ00,27747.0,22506.0,5241.0,27782.0,1.6,0.6,1.8,79.6,64.6,79.7,44.7,36.3,44.8,1.0,0.0,1.2,0.4,-0.6,0.6,348.0,620.0,719.0,717.0,3.0,0.6,1.2,411.0,260.0,152.0,260.0,204.0,55.0,152.0,55.0,96.0,0.5,"69-71 Management, technical consultancy","Legal services, management consultancy, accountancy, architectural and engineering activities 
This category is made up of the categories: 
69 Legal services, accounting, tax consultancy, administration 
70 Holding companies (not financial) 
71 Architects, engineers and technical design and consultancy; testing and analysis",24,2014
2120,403405 ,2015JJ00,27342.0,22729.0,4613.0,27285.0,-1.5,1.0,-1.8,77.6,64.5,77.4,43.6,36.3,43.5,-2.6,-0.2,-2.9,-2.5,-0.1,-2.8,352.0,627.0,727.0,724.0,3.0,1.2,1.1,416.0,261.0,155.0,262.0,205.0,57.0,154.0,56.0,98.0,1.1,"69-71 Management, technical consultancy","Legal services, management consultancy, accountancy, architectural and engineering activities 
This category is made up of the categories: 
69 Legal services, accounting, tax consultancy, administration 
70 Holding companies (not financial) 
71 Architects, engineers and technical design and consultancy; testing and analysis",24,2015
2121,403405 ,2016JJ00,28312.0,23583.0,4729.0,28182.0,3.6,3.8,3.3,77.8,64.8,77.5,43.5,36.2,43.3,0.4,0.6,0.1,-0.3,-0.1,-0.5,364.0,651.0,751.0,748.0,3.0,3.2,3.8,430.0,270.0,160.0,270.0,211.0,59.0,160.0,59.0,101.0,3.3,"69-71 Management, technical consultancy","Legal services, management consultancy, accountancy, architectural and engineering activities 
This category is made up of the categories: 
69 Legal services, accounting, tax consultancy, administration 
70 Holding companies (not financial) 
71 Architects, engineers and technical design and consultancy; testing and analysis",24,2016
2122,403405 ,2017JJ00,29222.0,24377.0,4845.0,29090.0,3.2,3.4,3.2,79.2,66.1,78.9,44.6,37.2,44.4,1.8,1.9,1.8,2.5,2.6,2.5,369.0,655.0,760.0,757.0,3.0,1.4,0.7,437.0,273.0,164.0,271.0,212.0,59.0,165.0,61.0,104.0,1.6,"69-71 Management, technical consultancy","Legal services, management consultancy, accountancy, architectural and engineering activities 
This category is made up of the categories: 
69 Legal services, accounting, tax consultancy, administration 
70 Holding companies (not financial) 
71 Architects, engineers and technical design and consultancy; testing and analysis",24,2017
2123,403405 ,2018JJ00,30600.0,25422.0,5178.0,30463.0,4.7,4.3,4.7,79.9,66.4,79.6,45.2,37.6,45.0,0.9,0.5,0.9,1.4,1.0,1.4,383.0,677.0,792.0,789.0,3.0,3.8,3.2,453.0,283.0,170.0,280.0,218.0,63.0,173.0,65.0,107.0,3.8,"69-71 Management, technical consultancy","Legal services, management consultancy, accountancy, architectural and engineering activities 
This category is made up of the categories: 
69 Legal services, accounting, tax consultancy, administration 
70 Holding companies (not financial) 
71 Architects, engineers and technical design and consultancy; testing and analysis",24,2018
2124,403405 ,2019JJ00,32265.0,26680.0,5585.0,32131.0,5.4,4.9,5.5,82.3,68.1,82.0,46.6,38.5,46.4,3.0,2.5,3.0,3.1,2.6,3.1,392.0,692.0,812.0,809.0,3.0,2.4,2.3,464.0,289.0,175.0,285.0,220.0,64.0,179.0,69.0,111.0,2.4,"69-71 Management, technical consultancy","Legal services, management consultancy, accountancy, architectural and engineering activities 
This category is made up of the categories: 
69 Legal services, accounting, tax consultancy, administration 
70 Holding companies (not financial) 
71 Architects, engineers and technical design and consultancy; testing and analysis",24,2019
2125,403405 ,2020JJ00,33476.0,27408.0,6068.0,32743.0,3.8,2.7,1.9,83.9,68.7,82.1,47.7,39.1,46.7,2.0,0.9,0.1,2.4,1.4,0.6,399.0,701.0,830.0,827.0,3.0,1.8,1.3,472.0,293.0,178.0,286.0,220.0,66.0,186.0,73.0,113.0,1.7,"69-71 Management, technical consultancy","Legal services, management consultancy, accountancy, architectural and engineering activities 
This category is made up of the categories: 
69 Legal services, accounting, tax consultancy, administration 
70 Holding companies (not financial) 
71 Architects, engineers and technical design and consultancy; testing and analysis",24,2020
2126,403405 ,2021JJ00,34642.0,28886.0,5756.0,34114.0,3.5,5.4,4.2,84.7,70.7,83.4,48.0,40.1,47.3,1.0,2.8,1.6,0.7,2.5,1.4,409.0,721.0,847.0,845.0,3.0,2.5,2.8,485.0,301.0,184.0,293.0,225.0,69.0,191.0,76.0,115.0,2.8,"69-71 Management, technical consultancy","Legal services, management consultancy, accountancy, architectural and engineering activities 
This category is made up of the categories: 
69 Legal services, accounting, tax consultancy, administration 
70 Holding companies (not financial) 
71 Architects, engineers and technical design and consultancy; testing and analysis",24,2021
2127,403405 ,2022JJ00,37550.0,31137.0,6413.0,37289.0,8.4,7.8,9.3,87.8,72.8,87.2,50.2,41.6,49.9,3.6,3.0,4.5,4.5,3.9,5.4,428.0,748.0,884.0,882.0,2.0,4.7,3.7,506.0,315.0,191.0,307.0,235.0,73.0,199.0,80.0,119.0,4.4,"69-71 Management, technical consultancy","Legal services, management consultancy, accountancy, architectural and engineering activities 
This category is made up of the categories: 
69 Legal services, accounting, tax consultancy, administration 
70 Holding companies (not financial) 
71 Architects, engineers and technical design and consultancy; testing and analysis",24,2022
2128,403405 ,2023JJ00,40959.0,33993.0,6966.0,40860.0,9.1,9.2,9.6,91.5,75.9,91.2,52.6,43.6,52.4,4.2,4.3,4.7,4.7,4.8,5.2,448.0,779.0,925.0,923.0,2.0,4.7,4.2,530.0,329.0,201.0,320.0,243.0,77.0,210.0,86.0,124.0,4.6,"69-71 Management, technical consultancy","Legal services, management consultancy, accountancy, architectural and engineering activities 
This category is made up of the categories: 
69 Legal services, accounting, tax consultancy, administration 
70 Holding companies (not financial) 
71 Architects, engineers and technical design and consultancy; testing and analysis",24,2023
2129,403405 ,2024JJ00,43915.0,36476.0,7439.0,43771.0,7.2,7.3,7.1,95.6,79.4,95.3,54.5,45.3,54.3,4.5,4.6,4.5,3.7,3.8,3.6,459.0,806.0,956.0,953.0,2.0,2.6,3.4,544.0,337.0,207.0,324.0,244.0,80.0,220.0,93.0,127.0,2.7,"69-71 Management, technical consultancy","Legal services, management consultancy, accountancy, architectural and engineering activities 
This category is made up of the categories: 
69 Legal services, accounting, tax consultancy, administration 
70 Holding companies (not financial) 
71 Architects, engineers and technical design and consultancy; testing and analysis",24,2024
2130,405900 ,1995JJ00,2498.0,2174.0,324.0,2487.0,,,,42.7,37.1,42.5,22.2,19.3,22.1,,,,,,,59.0,112.0,,,,,,67.0,53.0,14.0,,,,,,,,"71 Architects, technical services etc.","Architects, engineers and technical design and consultancy; testing and analysis",16,1995
2131,405900 ,1996JJ00,2688.0,2344.0,344.0,2668.0,7.6,7.8,7.3,42.3,36.9,42.0,22.2,19.3,22.0,-0.7,-0.5,-1.0,-0.2,0.0,-0.5,63.0,121.0,,,,8.4,7.9,72.0,57.0,15.0,,,,,,,7.3,"71 Architects, technical services etc.","Architects, engineers and technical design and consultancy; testing and analysis",16,1996
2132,405900 ,1997JJ00,2873.0,2528.0,345.0,2851.0,6.9,7.8,6.9,42.6,37.5,42.3,22.7,20.0,22.6,0.7,1.6,0.7,2.6,3.5,2.6,67.0,126.0,,,,6.1,4.1,75.0,60.0,15.0,,,,,,,4.5,"71 Architects, technical services etc.","Architects, engineers and technical design and consultancy; testing and analysis",16,1997
2133,405900 ,1998JJ00,3176.0,2573.0,603.0,3149.0,10.6,1.8,10.5,44.2,35.8,43.8,23.6,19.1,23.4,3.6,-4.6,3.5,3.7,-4.5,3.7,72.0,135.0,,,,6.7,6.6,80.0,63.0,17.0,,,,,,,6.3,"71 Architects, technical services etc.","Architects, engineers and technical design and consultancy; testing and analysis",16,1998
2134,405900 ,1999JJ00,3481.0,2828.0,653.0,3461.0,9.6,9.9,9.9,45.5,36.9,45.2,24.2,19.7,24.1,2.9,3.2,3.2,2.6,2.9,2.9,77.0,144.0,,,,6.5,6.8,85.0,66.0,19.0,,,,,,,7.1,"71 Architects, technical services etc.","Architects, engineers and technical design and consultancy; testing and analysis",16,1999
2135,405900 ,2000JJ00,3862.0,3078.0,784.0,3842.0,11.0,8.8,11.0,48.4,38.6,48.2,26.0,20.8,25.9,6.5,4.5,6.6,7.6,5.6,7.7,80.0,148.0,,,,4.1,3.1,90.0,69.0,21.0,,,,,,,5.3,"71 Architects, technical services etc.","Architects, engineers and technical design and consultancy; testing and analysis",16,2000
2136,405900 ,2001JJ00,4109.0,3345.0,764.0,4085.0,6.4,8.6,6.3,48.7,39.6,48.4,26.7,21.8,26.6,0.5,2.6,0.4,2.7,4.9,2.6,84.0,154.0,,,,5.9,3.6,94.0,72.0,21.0,,,,,,,4.3,"71 Architects, technical services etc.","Architects, engineers and technical design and consultancy; testing and analysis",16,2001
2137,405900 ,2002JJ00,3998.0,3325.0,673.0,3968.0,-2.7,-0.6,-2.8,48.7,40.5,48.3,26.9,22.4,26.7,0.1,2.3,-0.1,0.7,2.9,0.5,82.0,148.0,,,,-2.8,-3.4,94.0,72.0,22.0,,,,,,,0.1,"71 Architects, technical services etc.","Architects, engineers and technical design and consultancy; testing and analysis",16,2002
2138,405900 ,2003JJ00,4320.0,3481.0,839.0,4293.0,8.0,4.7,8.2,52.1,42.0,51.8,28.7,23.1,28.5,7.0,3.7,7.1,6.6,3.4,6.8,83.0,150.0,,,,1.0,1.3,93.0,71.0,22.0,,,,,,,-1.4,"71 Architects, technical services etc.","Architects, engineers and technical design and consultancy; testing and analysis",16,2003
2139,405900 ,2004JJ00,4336.0,3472.0,864.0,4290.0,0.4,-0.3,-0.1,53.3,42.7,52.7,28.9,23.1,28.5,2.3,1.6,1.8,0.5,-0.2,0.0,81.0,150.0,,,,-1.9,-0.1,91.0,70.0,21.0,,,,,,,-1.7,"71 Architects, technical services etc.","Architects, engineers and technical design and consultancy; testing and analysis",16,2004
2140,405900 ,2005JJ00,4455.0,3622.0,833.0,4418.0,2.8,4.3,3.0,54.1,44.0,53.7,29.6,24.1,29.4,1.6,3.1,1.8,2.7,4.2,2.9,82.0,150.0,,,,1.2,0.1,92.0,71.0,21.0,,,,,,,0.8,"71 Architects, technical services etc.","Architects, engineers and technical design and consultancy; testing and analysis",16,2005
2141,405900 ,2006JJ00,4692.0,3837.0,855.0,4649.0,5.3,5.9,5.2,55.0,45.0,54.5,30.4,24.8,30.1,1.7,2.3,1.6,2.5,3.1,2.4,85.0,154.0,,,,3.6,2.7,95.0,73.0,22.0,,,,,,,4.0,"71 Architects, technical services etc.","Architects, engineers and technical design and consultancy; testing and analysis",16,2006
2142,405900 ,2007JJ00,5088.0,4190.0,898.0,5043.0,8.4,9.2,8.5,57.1,47.0,56.5,31.6,26.0,31.3,3.7,4.4,3.7,4.0,4.7,4.0,89.0,161.0,,,,4.5,4.3,100.0,76.0,24.0,,,,,,,5.1,"71 Architects, technical services etc.","Architects, engineers and technical design and consultancy; testing and analysis",16,2007
2143,405900 ,2008JJ00,5559.0,4584.0,975.0,5510.0,9.3,9.4,9.3,59.3,48.9,58.8,32.9,27.1,32.6,3.9,4.1,3.9,4.0,4.2,4.1,94.0,169.0,,,,5.1,5.0,106.0,80.0,25.0,,,,,,,5.5,"71 Architects, technical services etc.","Architects, engineers and technical design and consultancy; testing and analysis",16,2008
2144,405900 ,2009JJ00,5671.0,4704.0,967.0,5593.0,2.0,2.6,1.5,60.6,50.3,59.8,33.6,27.9,33.2,2.3,2.9,1.7,2.3,2.9,1.8,94.0,169.0,,,,-0.2,-0.3,105.0,80.0,25.0,,,,,,,-0.3,"71 Architects, technical services etc.","Architects, engineers and technical design and consultancy; testing and analysis",16,2009
2145,405900 ,2010JJ00,5590.0,4598.0,992.0,5509.0,-1.4,-2.3,-1.5,62.1,51.1,61.2,34.7,28.5,34.2,2.4,1.5,2.3,3.3,2.4,3.2,90.0,161.0,186.0,185.0,1.0,-3.7,-4.5,101.0,77.0,24.0,71.0,62.0,8.0,31.0,15.0,16.0,-3.6,"71 Architects, technical services etc.","Architects, engineers and technical design and consultancy; testing and analysis",16,2010
2146,405900 ,2011JJ00,5605.0,4596.0,1009.0,5524.0,0.3,-0.1,0.3,63.7,52.2,62.8,35.3,29.0,34.8,2.6,2.3,2.6,1.7,1.4,1.7,88.0,159.0,182.0,180.0,1.0,-2.3,-1.5,100.0,76.0,24.0,68.0,60.0,8.0,32.0,16.0,16.0,-1.9,"71 Architects, technical services etc.","Architects, engineers and technical design and consultancy; testing and analysis",16,2011
2147,405900 ,2012JJ00,5733.0,4654.0,1079.0,5664.0,2.3,1.3,2.5,66.5,54.0,65.7,36.6,29.8,36.2,4.3,3.3,4.6,3.8,2.7,4.0,86.0,156.0,179.0,177.0,1.0,-1.9,-1.4,99.0,75.0,24.0,66.0,58.0,8.0,33.0,17.0,16.0,-0.6,"71 Architects, technical services etc.","Architects, engineers and technical design and consultancy; testing and analysis",16,2012
2148,405900 ,2013JJ00,5854.0,4778.0,1076.0,5798.0,2.1,2.7,2.4,67.3,54.9,66.7,36.8,30.0,36.4,1.3,1.8,1.6,0.3,0.9,0.6,87.0,159.0,181.0,180.0,2.0,0.8,1.8,99.0,76.0,23.0,66.0,59.0,8.0,33.0,17.0,16.0,0.5,"71 Architects, technical services etc.","Architects, engineers and technical design and consultancy; testing and analysis",16,2013
2149,405900 ,2014JJ00,6019.0,4866.0,1153.0,5962.0,2.8,1.9,2.8,68.0,55.0,67.4,37.0,29.9,36.6,1.0,0.1,1.0,0.6,-0.4,0.6,89.0,163.0,184.0,183.0,2.0,1.8,2.2,100.0,77.0,23.0,67.0,59.0,8.0,33.0,17.0,15.0,0.7,"71 Architects, technical services etc.","Architects, engineers and technical design and consultancy; testing and analysis",16,2014
2150,405900 ,2015JJ00,5901.0,4845.0,1056.0,5846.0,-2.0,-0.4,-1.9,66.2,54.4,65.6,36.1,29.7,35.8,-2.6,-1.1,-2.6,-2.3,-0.8,-2.3,89.0,163.0,185.0,184.0,2.0,0.7,0.4,101.0,77.0,23.0,68.0,60.0,8.0,33.0,17.0,15.0,0.4,"71 Architects, technical services etc.","Architects, engineers and technical design and consultancy; testing and analysis",16,2015
2151,405900 ,2016JJ00,6084.0,4968.0,1116.0,6005.0,3.1,2.5,2.7,67.0,54.7,66.2,36.3,29.7,35.9,1.2,0.7,0.8,0.6,0.0,0.2,91.0,167.0,189.0,187.0,2.0,1.9,2.5,102.0,78.0,24.0,69.0,61.0,8.0,33.0,18.0,16.0,1.8,"71 Architects, technical services etc.","Architects, engineers and technical design and consultancy; testing and analysis",16,2016
2152,405900 ,2017JJ00,6401.0,5226.0,1175.0,6326.0,5.2,5.2,5.3,67.7,55.2,66.9,37.1,30.3,36.7,1.0,0.9,1.1,2.2,2.2,2.3,95.0,172.0,196.0,195.0,2.0,4.2,2.9,106.0,81.0,26.0,71.0,62.0,9.0,35.0,18.0,17.0,3.9,"71 Architects, technical services etc.","Architects, engineers and technical design and consultancy; testing and analysis",16,2017
2153,405900 ,2018JJ00,6820.0,5530.0,1290.0,6739.0,6.5,5.8,6.5,68.6,55.6,67.8,38.0,30.8,37.5,1.3,0.6,1.3,2.3,1.6,2.3,99.0,180.0,207.0,206.0,2.0,5.2,4.1,112.0,84.0,28.0,74.0,64.0,10.0,38.0,20.0,18.0,5.3,"71 Architects, technical services etc.","Architects, engineers and technical design and consultancy; testing and analysis",16,2018
2154,405900 ,2019JJ00,7234.0,5818.0,1416.0,7144.0,6.1,5.2,6.0,70.0,56.3,69.1,39.0,31.4,38.5,2.0,1.2,2.0,2.7,1.8,2.6,103.0,186.0,216.0,214.0,2.0,3.9,3.3,117.0,87.0,30.0,76.0,66.0,10.0,41.0,21.0,19.0,4.2,"71 Architects, technical services etc.","Architects, engineers and technical design and consultancy; testing and analysis",16,2019
2155,405900 ,2020JJ00,7484.0,6025.0,1459.0,7226.0,3.5,3.6,1.2,70.8,57.0,68.4,40.0,32.2,38.6,1.3,1.4,-1.0,2.5,2.6,0.2,106.0,187.0,221.0,220.0,1.0,2.2,1.0,119.0,88.0,31.0,77.0,66.0,11.0,42.0,22.0,20.0,2.1,"71 Architects, technical services etc.","Architects, engineers and technical design and consultancy; testing and analysis",16,2020
2156,405900 ,2021JJ00,7788.0,6283.0,1505.0,7584.0,4.1,4.3,5.0,72.3,58.3,70.4,40.6,32.7,39.5,2.0,2.2,2.9,1.6,1.8,2.4,108.0,192.0,225.0,223.0,1.0,2.0,2.5,122.0,90.0,32.0,78.0,67.0,11.0,44.0,23.0,21.0,2.4,"71 Architects, technical services etc.","Architects, engineers and technical design and consultancy; testing and analysis",16,2021
2157,405900 ,2022JJ00,8393.0,6714.0,1679.0,8279.0,7.8,6.9,9.2,75.1,60.1,74.1,42.7,34.1,42.1,4.0,3.1,5.3,5.1,4.2,6.5,112.0,197.0,232.0,231.0,1.0,3.7,2.5,127.0,93.0,34.0,80.0,68.0,12.0,47.0,25.0,22.0,4.0,"71 Architects, technical services etc.","Architects, engineers and technical design and consultancy; testing and analysis",16,2022
2158,405900 ,2023JJ00,9183.0,7355.0,1828.0,9073.0,9.4,9.5,9.6,79.2,63.5,78.3,45.2,36.2,44.6,5.5,5.6,5.6,5.9,6.1,6.1,116.0,203.0,241.0,239.0,1.0,3.7,3.3,132.0,96.0,35.0,82.0,69.0,13.0,50.0,27.0,23.0,3.8,"71 Architects, technical services etc.","Architects, engineers and technical design and consultancy; testing and analysis",16,2023
2159,405900 ,2024JJ00,10003.0,8039.0,1964.0,9890.0,8.9,9.3,9.0,83.4,67.0,82.5,47.2,37.9,46.7,5.3,5.6,5.3,4.5,4.8,4.5,120.0,212.0,251.0,249.0,1.0,3.5,4.3,136.0,99.0,37.0,83.0,70.0,13.0,53.0,29.0,24.0,3.5,"71 Architects, technical services etc.","Architects, engineers and technical design and consultancy; testing and analysis",16,2024
2160,406800 ,1995JJ00,845.0,769.0,76.0,834.0,,,,38.4,35.0,37.9,21.8,19.8,21.5,,,,,,,22.0,39.0,,,,,,23.0,18.0,5.0,,,,,,,,72 Research and development,Research and development,16,1995
2161,406800 ,1996JJ00,876.0,801.0,75.0,859.0,3.7,4.2,3.0,38.1,34.8,37.4,21.6,19.7,21.2,-0.8,-0.4,-1.5,-0.9,-0.4,-1.5,23.0,41.0,,,,4.6,4.6,25.0,19.0,6.0,,,,,,,4.4,72 Research and development,Research and development,16,1996
2162,406800 ,1997JJ00,986.0,914.0,72.0,967.0,12.5,14.1,12.6,39.0,36.1,38.3,22.3,20.7,21.9,2.3,3.7,2.4,3.5,4.9,3.5,25.0,44.0,,,,10.0,8.8,27.0,21.0,6.0,,,,,,,10.1,72 Research and development,Research and development,16,1997
2163,406800 ,1998JJ00,1059.0,925.0,134.0,1035.0,7.3,1.2,6.9,40.6,35.5,39.7,23.2,20.3,22.7,4.0,-1.9,3.7,3.9,-2.0,3.6,26.0,46.0,,,,3.2,3.2,28.0,21.0,7.0,,,,,,,4.4,72 Research and development,Research and development,16,1998
2164,406800 ,1999JJ00,1208.0,1045.0,163.0,1187.0,14.1,13.0,14.7,44.0,38.1,43.2,25.2,21.8,24.8,8.5,7.4,9.0,8.5,7.4,9.0,27.0,48.0,,,,5.2,5.2,30.0,22.0,8.0,,,,,,,5.5,72 Research and development,Research and development,16,1999
2165,406800 ,2000JJ00,1246.0,1098.0,148.0,1225.0,3.2,5.1,3.3,45.9,40.5,45.1,26.5,23.4,26.1,4.4,6.2,4.4,5.3,7.2,5.3,27.0,47.0,,,,-1.1,-1.9,30.0,21.0,9.0,,,,,,,-0.1,72 Research and development,Research and development,16,2000
2166,406800 ,2001JJ00,1318.0,1192.0,126.0,1291.0,5.8,8.6,5.4,47.9,43.3,46.9,27.6,25.0,27.1,4.3,7.1,3.9,4.2,6.9,3.8,28.0,48.0,,,,1.4,1.5,30.0,21.0,9.0,,,,,,,1.5,72 Research and development,Research and development,16,2001
2167,406800 ,2002JJ00,1449.0,1217.0,232.0,1423.0,9.9,2.0,10.2,53.2,44.7,52.2,30.5,25.6,29.9,11.1,3.1,11.4,10.4,2.5,10.7,27.0,48.0,,,,-1.1,-0.5,30.0,21.0,10.0,,,,,,,0.1,72 Research and development,Research and development,16,2002
2168,406800 ,2003JJ00,1551.0,1265.0,286.0,1528.0,7.1,4.0,7.4,56.4,46.0,55.6,32.2,26.3,31.8,6.1,3.1,6.4,5.7,2.6,6.0,27.0,48.0,,,,0.9,1.3,31.0,21.0,10.0,,,,,,,2.1,72 Research and development,Research and development,16,2003
2169,406800 ,2004JJ00,1581.0,1303.0,278.0,1552.0,1.9,3.0,1.5,57.2,47.2,56.2,32.2,26.5,31.6,1.4,2.5,1.0,-0.2,0.9,-0.5,28.0,49.0,,,,0.5,2.1,31.0,20.0,10.0,,,,,,,0.4,72 Research and development,Research and development,16,2004
2170,406800 ,2005JJ00,1524.0,1258.0,266.0,1497.0,-3.5,-3.4,-3.5,58.8,48.5,57.7,33.3,27.5,32.7,2.7,2.8,2.7,3.5,3.7,3.6,26.0,46.0,,,,-6.0,-6.8,29.0,18.0,11.0,,,,,,,-5.7,72 Research and development,Research and development,16,2005
2171,406800 ,2006JJ00,1603.0,1329.0,274.0,1571.0,5.1,5.6,4.9,60.7,50.3,59.5,34.7,28.7,34.0,3.3,3.7,3.0,4.1,4.5,3.8,26.0,46.0,,,,1.8,1.0,30.0,19.0,11.0,,,,,,,2.2,72 Research and development,Research and development,16,2006
2172,406800 ,2007JJ00,1718.0,1437.0,281.0,1683.0,7.2,8.1,7.1,62.6,52.4,61.3,35.8,29.9,35.1,3.2,4.1,3.2,3.2,4.1,3.2,27.0,48.0,,,,3.8,3.8,31.0,19.0,12.0,,,,,,,3.6,72 Research and development,Research and development,16,2007
2173,406800 ,2008JJ00,1827.0,1523.0,304.0,1786.0,6.4,6.0,6.2,65.0,54.2,63.6,37.2,31.0,36.4,3.8,3.4,3.6,3.9,3.5,3.7,28.0,49.0,,,,2.5,2.4,32.0,20.0,12.0,,,,,,,3.7,72 Research and development,Research and development,16,2008
2174,406800 ,2009JJ00,1980.0,1624.0,356.0,1920.0,8.4,6.7,7.5,68.4,56.1,66.3,39.1,32.1,37.9,5.2,3.5,4.3,5.1,3.4,4.3,29.0,51.0,,,,3.1,3.1,32.0,20.0,12.0,,,,,,,1.2,72 Research and development,Research and development,16,2009
2175,406800 ,2010JJ00,1916.0,1581.0,335.0,1850.0,-3.3,-2.7,-3.7,67.8,55.9,65.4,39.3,32.5,38.0,-0.9,-0.3,-1.3,0.6,1.2,0.2,28.0,49.0,57.0,57.0,0.0,-2.4,-3.9,32.0,20.0,12.0,21.0,16.0,5.0,10.0,4.0,7.0,-2.4,72 Research and development,Research and development,16,2010
2176,406800 ,2011JJ00,2034.0,1680.0,354.0,1968.0,6.1,6.3,6.4,70.6,58.3,68.3,41.1,34.0,39.8,4.2,4.3,4.4,4.5,4.6,4.7,29.0,49.0,57.0,57.0,0.0,1.9,1.6,32.0,20.0,12.0,21.0,16.0,5.0,11.0,4.0,7.0,1.9,72 Research and development,Research and development,16,2011
2177,406800 ,2012JJ00,2016.0,1628.0,388.0,1957.0,-0.9,-3.1,-0.6,71.0,57.3,68.9,40.8,33.0,39.6,0.6,-1.7,0.9,-0.7,-2.9,-0.4,28.0,49.0,58.0,57.0,0.0,-1.5,-0.2,32.0,20.0,12.0,21.0,16.0,5.0,10.0,4.0,7.0,-1.5,72 Research and development,Research and development,16,2012
2178,406800 ,2013JJ00,2087.0,1699.0,388.0,2035.0,3.6,4.4,4.0,73.3,59.7,71.5,42.1,34.2,41.0,3.2,4.1,3.7,3.1,3.9,3.5,28.0,50.0,58.0,58.0,0.0,0.3,0.5,32.0,20.0,12.0,21.0,16.0,5.0,10.0,4.0,7.0,-0.4,72 Research and development,Research and development,16,2013
2179,406800 ,2014JJ00,2362.0,1729.0,633.0,2308.0,13.2,1.8,13.4,81.4,59.6,79.6,46.5,34.0,45.4,11.1,-0.1,11.3,10.5,-0.6,10.8,29.0,51.0,59.0,59.0,0.0,1.9,2.4,32.0,20.0,12.0,22.0,16.0,5.0,11.0,4.0,7.0,2.1,72 Research and development,Research and development,16,2014
2180,406800 ,2015JJ00,2436.0,1920.0,516.0,2383.0,3.2,11.1,3.3,77.2,60.9,75.6,44.4,35.0,43.5,-5.1,2.1,-5.0,-4.4,2.9,-4.3,32.0,55.0,64.0,64.0,0.0,8.8,7.9,35.0,21.0,14.0,23.0,17.0,6.0,12.0,4.0,8.0,9.1,72 Research and development,Research and development,16,2015
2181,406800 ,2016JJ00,2553.0,2004.0,549.0,2423.0,4.8,4.3,1.6,78.3,61.5,74.3,44.7,35.1,42.5,1.4,1.0,-1.7,0.7,0.3,-2.3,33.0,57.0,66.0,66.0,0.0,3.3,4.1,36.0,22.0,14.0,24.0,17.0,7.0,12.0,4.0,8.0,3.1,72 Research and development,Research and development,16,2016
2182,406800 ,2017JJ00,2750.0,2167.0,583.0,2612.0,7.8,8.2,7.8,79.9,62.9,75.8,45.8,36.1,43.5,2.0,2.4,2.1,2.4,2.8,2.4,34.0,60.0,70.0,70.0,0.0,5.7,5.3,38.0,23.0,15.0,25.0,18.0,7.0,13.0,5.0,8.0,5.8,72 Research and development,Research and development,16,2017
2183,406800 ,2018JJ00,2848.0,2217.0,631.0,2706.0,3.6,2.3,3.6,81.5,63.4,77.4,47.0,36.6,44.6,2.0,0.8,2.0,2.6,1.3,2.6,35.0,61.0,71.0,71.0,0.0,1.5,1.0,39.0,23.0,16.0,25.0,18.0,7.0,14.0,5.0,9.0,1.5,72 Research and development,Research and development,16,2018
2184,406800 ,2019JJ00,3017.0,2328.0,689.0,2864.0,5.9,5.0,5.8,82.8,63.9,78.6,48.0,37.0,45.5,1.7,0.8,1.6,2.2,1.3,2.1,36.0,63.0,74.0,74.0,0.0,4.2,3.7,41.0,23.0,17.0,26.0,18.0,8.0,15.0,5.0,9.0,4.2,72 Research and development,Research and development,16,2019
2185,406800 ,2020JJ00,3279.0,2547.0,732.0,3054.0,8.6,9.4,6.6,83.3,64.7,77.6,48.3,37.5,45.0,0.6,1.3,-1.3,0.7,1.4,-1.2,39.0,68.0,80.0,80.0,0.0,8.0,7.9,44.0,25.0,19.0,28.0,19.0,9.0,16.0,6.0,10.0,8.1,72 Research and development,Research and development,16,2020
2186,406800 ,2021JJ00,3555.0,2749.0,806.0,3333.0,8.4,7.9,9.1,86.1,66.6,80.8,49.8,38.5,46.7,3.4,2.9,4.1,3.2,2.7,3.9,41.0,71.0,84.0,84.0,0.0,4.9,5.1,46.0,26.0,20.0,29.0,20.0,9.0,17.0,6.0,10.0,5.0,72 Research and development,Research and development,16,2021
2187,406800 ,2022JJ00,3848.0,2938.0,910.0,3593.0,8.3,6.9,7.8,88.0,67.2,82.2,51.4,39.3,48.0,2.1,0.8,1.7,3.2,1.9,2.8,44.0,75.0,89.0,89.0,0.0,6.0,4.9,49.0,28.0,21.0,31.0,21.0,10.0,17.0,7.0,11.0,5.6,72 Research and development,Research and development,16,2022
2188,406800 ,2023JJ00,4007.0,3051.0,956.0,3783.0,4.1,3.8,5.3,92.3,70.3,87.2,54.2,41.2,51.1,4.9,4.7,6.1,5.3,5.0,6.5,43.0,74.0,88.0,88.0,0.0,-0.8,-1.1,48.0,27.0,21.0,31.0,21.0,10.0,17.0,7.0,10.0,-1.3,72 Research and development,Research and development,16,2023
2189,406800 ,2024JJ00,4040.0,3119.0,921.0,3846.0,0.8,2.2,1.7,96.6,74.6,92.0,56.3,43.5,53.6,4.6,6.1,5.5,4.0,5.5,4.9,42.0,72.0,85.0,85.0,0.0,-3.6,-3.1,46.0,26.0,20.0,30.0,20.0,10.0,16.0,7.0,10.0,-3.8,72 Research and development,Research and development,16,2024
2190,408100 ,1995JJ00,910.0,800.0,110.0,909.0,,,,33.0,29.0,33.0,18.9,16.6,18.9,,,,,,,28.0,48.0,,,,,,42.0,22.0,20.0,,,,,,,,73 Advertising and market research,Advertising and market research,16,1995
2191,408100 ,1996JJ00,1009.0,890.0,119.0,1005.0,10.9,11.3,10.6,33.1,29.2,32.9,18.9,16.7,18.9,0.1,0.5,-0.2,0.1,0.4,-0.2,31.0,53.0,,,,10.7,10.8,42.0,25.0,18.0,,,,,,,0.1,73 Advertising and market research,Advertising and market research,16,1996
2192,408100 ,1997JJ00,1121.0,993.0,128.0,1115.0,11.1,11.6,10.9,35.2,31.2,35.0,20.2,17.9,20.1,6.5,7.0,6.4,6.6,7.0,6.5,32.0,56.0,,,,4.3,4.2,42.0,23.0,18.0,,,,,,,-1.7,73 Advertising and market research,Advertising and market research,16,1997
2193,408100 ,1998JJ00,1216.0,1000.0,216.0,1206.0,8.5,0.7,8.1,36.4,29.9,36.1,20.8,17.1,20.6,3.3,-4.0,3.0,3.0,-4.4,2.7,33.0,58.0,,,,4.9,5.3,42.0,25.0,17.0,,,,,,,0.4,73 Advertising and market research,Advertising and market research,16,1998
2194,408100 ,1999JJ00,1343.0,1099.0,244.0,1334.0,10.4,9.9,10.6,38.2,31.3,38.0,21.8,17.8,21.6,5.0,4.4,5.1,4.7,4.2,4.8,35.0,62.0,,,,5.2,5.5,45.0,25.0,19.0,,,,,,,6.8,73 Advertising and market research,Advertising and market research,16,1999
2195,408100 ,2000JJ00,1573.0,1261.0,312.0,1563.0,17.1,14.8,17.1,41.5,33.3,41.2,23.8,19.1,23.6,8.6,6.4,8.6,9.2,7.0,9.2,38.0,66.0,,,,7.8,7.2,49.0,27.0,22.0,,,,,,,9.3,73 Advertising and market research,Advertising and market research,16,2000
2196,408100 ,2001JJ00,1636.0,1324.0,312.0,1626.0,4.0,5.0,4.1,40.6,32.9,40.3,23.3,18.8,23.1,-2.2,-1.2,-2.2,-2.0,-1.1,-2.0,40.0,70.0,,,,6.3,6.2,51.0,28.0,23.0,,,,,,,4.7,73 Advertising and market research,Advertising and market research,16,2001
2197,408100 ,2002JJ00,1712.0,1382.0,330.0,1702.0,4.6,4.3,4.7,43.1,34.8,42.8,24.5,19.7,24.3,6.1,5.8,6.2,5.0,4.7,5.1,40.0,70.0,,,,-1.4,-0.4,51.0,28.0,23.0,,,,,,,0.2,73 Advertising and market research,Advertising and market research,16,2002
2198,408100 ,2003JJ00,1674.0,1340.0,334.0,1667.0,-2.2,-3.0,-2.0,44.5,35.6,44.3,25.4,20.4,25.3,3.3,2.5,3.5,4.0,3.1,4.1,38.0,66.0,,,,-5.3,-5.9,48.0,27.0,21.0,,,,,,,-5.6,73 Advertising and market research,Advertising and market research,16,2003
2199,408100 ,2004JJ00,1704.0,1361.0,343.0,1695.0,1.8,1.6,1.7,46.8,37.4,46.6,25.5,20.3,25.3,5.2,5.0,5.1,0.1,-0.1,0.0,36.0,67.0,,,,-3.2,1.6,46.0,26.0,20.0,,,,,,,-3.8,73 Advertising and market research,Advertising and market research,16,2004
2200,408100 ,2005JJ00,1712.0,1383.0,329.0,1706.0,0.5,1.6,0.7,47.2,38.2,47.1,26.2,21.2,26.1,0.9,2.1,1.1,2.9,4.1,3.1,36.0,65.0,,,,-0.4,-2.3,46.0,25.0,21.0,,,,,,,-0.7,73 Advertising and market research,Advertising and market research,16,2005
2201,408100 ,2006JJ00,1723.0,1410.0,313.0,1719.0,0.6,1.9,0.7,47.2,38.6,47.1,26.4,21.6,26.3,-0.2,1.1,-0.1,0.6,1.9,0.7,37.0,65.0,,,,0.8,0.0,46.0,26.0,20.0,,,,,,,0.5,73 Advertising and market research,Advertising and market research,16,2006
2202,408100 ,2007JJ00,1766.0,1446.0,320.0,1762.0,2.5,2.6,2.5,48.7,39.9,48.6,27.2,22.2,27.1,3.3,3.4,3.4,3.1,3.1,3.1,36.0,65.0,,,,-0.8,-0.6,47.0,26.0,20.0,,,,,,,0.4,73 Advertising and market research,Advertising and market research,16,2007
2203,408100 ,2008JJ00,1909.0,1549.0,360.0,1904.0,8.1,7.1,8.1,51.5,41.8,51.4,28.8,23.4,28.7,5.7,4.8,5.7,6.1,5.1,6.1,37.0,66.0,,,,2.3,1.9,47.0,26.0,21.0,,,,,,,1.5,73 Advertising and market research,Advertising and market research,16,2008
2204,408100 ,2009JJ00,1861.0,1530.0,331.0,1852.0,-2.5,-1.2,-2.7,51.1,42.0,50.9,29.0,23.9,28.9,-0.8,0.5,-1.0,0.7,2.0,0.4,36.0,64.0,,,,-1.7,-3.1,46.0,26.0,21.0,,,,,,,-2.0,73 Advertising and market research,Advertising and market research,16,2009
2205,408100 ,2010JJ00,1848.0,1504.0,344.0,1839.0,-0.7,-1.7,-0.7,52.7,42.9,52.5,29.9,24.4,29.8,3.1,2.1,3.1,3.1,2.1,3.1,35.0,62.0,71.0,71.0,0.0,-3.7,-3.7,44.0,24.0,20.0,25.0,18.0,7.0,19.0,7.0,12.0,-5.0,73 Advertising and market research,Advertising and market research,16,2010
2206,408100 ,2011JJ00,1852.0,1511.0,341.0,1844.0,0.2,0.5,0.3,54.0,44.0,53.7,30.4,24.8,30.3,2.4,2.6,2.5,1.6,1.8,1.6,34.0,61.0,69.0,69.0,0.0,-2.1,-1.3,43.0,24.0,19.0,24.0,17.0,7.0,19.0,7.0,12.0,-1.9,73 Advertising and market research,Advertising and market research,16,2011
2207,408100 ,2012JJ00,1837.0,1487.0,350.0,1827.0,-0.8,-1.6,-0.9,54.6,44.2,54.3,30.7,24.8,30.5,1.2,0.4,1.1,0.9,0.1,0.8,34.0,60.0,68.0,68.0,0.0,-2.0,-1.7,42.0,24.0,19.0,24.0,17.0,7.0,19.0,7.0,12.0,-1.8,73 Advertising and market research,Advertising and market research,16,2012
2208,408100 ,2013JJ00,1785.0,1448.0,337.0,1780.0,-2.8,-2.6,-2.6,55.0,44.6,54.8,30.7,24.9,30.6,0.7,0.9,0.9,0.0,0.2,0.3,32.0,58.0,66.0,66.0,0.0,-3.5,-2.8,41.0,23.0,18.0,23.0,16.0,6.0,18.0,7.0,11.0,-4.2,73 Advertising and market research,Advertising and market research,16,2013
2209,408100 ,2014JJ00,1806.0,1454.0,352.0,1800.0,1.2,0.4,1.1,55.3,44.6,55.2,30.6,24.7,30.5,0.7,-0.1,0.6,-0.1,-0.8,-0.1,33.0,59.0,67.0,66.0,0.0,0.5,1.3,42.0,24.0,18.0,22.0,16.0,6.0,19.0,8.0,12.0,3.0,73 Advertising and market research,Advertising and market research,16,2014
2210,408100 ,2015JJ00,1824.0,1491.0,333.0,1819.0,1.0,2.5,1.0,54.7,44.8,54.6,30.4,24.8,30.3,-1.1,0.4,-1.0,-0.9,0.6,-0.9,33.0,60.0,68.0,68.0,0.0,2.1,1.9,42.0,24.0,19.0,23.0,16.0,7.0,19.0,7.0,12.0,1.6,73 Advertising and market research,Advertising and market research,16,2015
2211,408100 ,2016JJ00,1903.0,1554.0,349.0,1895.0,4.3,4.2,4.2,55.3,45.2,55.1,30.5,24.9,30.4,1.1,1.0,0.9,0.6,0.5,0.5,34.0,62.0,71.0,70.0,0.0,3.2,3.7,43.0,24.0,19.0,24.0,17.0,7.0,19.0,7.0,12.0,2.0,73 Advertising and market research,Advertising and market research,16,2016
2212,408100 ,2017JJ00,2037.0,1662.0,375.0,2025.0,7.1,6.9,6.9,56.6,46.1,56.2,31.5,25.7,31.4,2.2,2.1,2.1,3.3,3.2,3.1,36.0,65.0,74.0,74.0,0.0,4.7,3.6,45.0,25.0,20.0,25.0,17.0,8.0,20.0,8.0,13.0,4.0,73 Advertising and market research,Advertising and market research,16,2017
2213,408100 ,2018JJ00,2136.0,1730.0,406.0,2126.0,4.9,4.1,5.0,58.7,47.6,58.5,33.1,26.8,32.9,3.8,3.1,4.0,4.9,4.2,5.1,36.0,65.0,75.0,75.0,0.0,1.0,0.0,45.0,25.0,20.0,25.0,17.0,8.0,20.0,8.0,12.0,-0.1,73 Advertising and market research,Advertising and market research,16,2018
2214,408100 ,2019JJ00,2226.0,1785.0,441.0,2217.0,4.2,3.2,4.3,60.7,48.7,60.5,34.3,27.5,34.2,3.3,2.3,3.4,3.6,2.6,3.7,37.0,65.0,76.0,75.0,0.0,0.8,0.6,45.0,25.0,20.0,25.0,17.0,8.0,20.0,8.0,12.0,0.3,73 Advertising and market research,Advertising and market research,16,2019
2215,408100 ,2020JJ00,2261.0,1807.0,454.0,2076.0,1.6,1.2,-6.4,63.1,50.4,57.9,36.0,28.7,33.0,3.9,3.5,-4.2,4.9,4.5,-3.3,36.0,63.0,74.0,74.0,0.0,-2.2,-3.1,44.0,24.0,19.0,24.0,17.0,8.0,19.0,8.0,12.0,-3.2,73 Advertising and market research,Advertising and market research,16,2020
2216,408100 ,2021JJ00,2321.0,1870.0,451.0,2206.0,2.7,3.5,6.3,65.4,52.7,62.2,37.3,30.0,35.4,3.7,4.6,7.4,3.6,4.5,7.3,35.0,62.0,73.0,73.0,0.0,-1.0,-0.9,43.0,23.0,19.0,24.0,16.0,8.0,18.0,7.0,11.0,-2.3,73 Advertising and market research,Advertising and market research,16,2021
2217,408100 ,2022JJ00,2702.0,2180.0,522.0,2683.0,16.4,16.6,21.6,71.5,57.6,71.0,41.0,33.1,40.7,9.2,9.4,14.1,10.1,10.3,15.0,38.0,66.0,78.0,78.0,0.0,6.6,5.7,45.0,25.0,20.0,26.0,17.0,9.0,19.0,8.0,11.0,5.3,73 Advertising and market research,Advertising and market research,16,2022
2218,408100 ,2023JJ00,2859.0,2306.0,553.0,2845.0,5.8,5.8,6.0,75.3,60.7,74.9,43.4,35.0,43.2,5.4,5.4,5.6,5.9,5.9,6.1,38.0,66.0,78.0,78.0,0.0,0.4,0.0,45.0,25.0,21.0,26.0,17.0,9.0,20.0,8.0,12.0,0.9,73 Advertising and market research,Advertising and market research,16,2023
2219,408100 ,2024JJ00,2874.0,2330.0,544.0,2864.0,0.6,1.1,0.7,79.2,64.2,78.9,45.2,36.7,45.1,5.1,5.7,5.3,4.1,4.7,4.3,36.0,64.0,75.0,75.0,0.0,-4.3,-3.4,43.0,24.0,20.0,24.0,16.0,9.0,19.0,8.0,11.0,-4.3,73 Advertising and market research,Advertising and market research,16,2024
2220,408105 ,1995JJ00,1403.0,1236.0,167.0,1401.0,,,,35.3,31.1,35.3,19.0,16.7,18.9,,,,,,,40.0,74.0,,,,,,63.0,31.0,32.0,,,,,,,,"73-75 Advertising, design and other","Other specialised business services 
This category is made up of the categories: 
73 Advertising and market research 
74 Industrial design, photography, translation and other consultancy 
75 Veterinary activities",24,1995
2221,408105 ,1996JJ00,1537.0,1361.0,176.0,1531.0,9.5,10.1,9.2,35.5,31.5,35.4,19.0,16.8,19.0,0.6,1.1,0.3,0.4,0.9,0.2,43.0,81.0,,,,8.9,9.0,64.0,35.0,29.0,,,,,,,1.6,"73-75 Advertising, design and other","Other specialised business services 
This category is made up of the categories: 
73 Advertising and market research 
74 Industrial design, photography, translation and other consultancy 
75 Veterinary activities",24,1996
2222,408105 ,1997JJ00,1674.0,1482.0,192.0,1667.0,9.0,8.9,8.9,37.2,33.0,37.1,20.1,17.8,20.0,4.8,4.8,4.8,5.6,5.6,5.6,45.0,83.0,,,,4.0,3.2,64.0,33.0,31.0,,,,,,,-0.4,"73-75 Advertising, design and other","Other specialised business services 
This category is made up of the categories: 
73 Advertising and market research 
74 Industrial design, photography, translation and other consultancy 
75 Veterinary activities",24,1997
2223,408105 ,1998JJ00,1836.0,1512.0,324.0,1824.0,9.7,2.0,9.4,39.0,32.1,38.7,21.0,17.3,20.9,4.8,-2.6,4.5,4.6,-2.7,4.3,47.0,87.0,,,,4.7,4.9,65.0,35.0,30.0,,,,,,,1.3,"73-75 Advertising, design and other","Other specialised business services 
This category is made up of the categories: 
73 Advertising and market research 
74 Industrial design, photography, translation and other consultancy 
75 Veterinary activities",24,1998
2224,408105 ,1999JJ00,2011.0,1653.0,358.0,1999.0,9.5,9.3,9.6,40.7,33.4,40.4,21.9,18.0,21.7,4.3,4.1,4.4,4.0,3.8,4.1,49.0,92.0,,,,5.0,5.3,68.0,36.0,32.0,,,,,,,6.0,"73-75 Advertising, design and other","Other specialised business services 
This category is made up of the categories: 
73 Advertising and market research 
74 Industrial design, photography, translation and other consultancy 
75 Veterinary activities",24,1999
2225,408105 ,2000JJ00,2323.0,1874.0,449.0,2310.0,15.5,13.4,15.5,44.0,35.5,43.8,23.8,19.2,23.7,8.2,6.2,8.2,9.1,7.1,9.1,53.0,97.0,,,,6.7,5.8,74.0,39.0,35.0,,,,,,,7.7,"73-75 Advertising, design and other","Other specialised business services 
This category is made up of the categories: 
73 Advertising and market research 
74 Industrial design, photography, translation and other consultancy 
75 Veterinary activities",24,2000
2226,408105 ,2001JJ00,2406.0,1968.0,438.0,2393.0,3.6,5.1,3.6,41.0,33.6,40.8,23.6,19.3,23.4,-6.8,-5.4,-6.7,-1.2,0.2,-1.2,59.0,102.0,,,,11.1,4.8,77.0,40.0,37.0,,,,,,,4.0,"73-75 Advertising, design and other","Other specialised business services 
This category is made up of the categories: 
73 Advertising and market research 
74 Industrial design, photography, translation and other consultancy 
75 Veterinary activities",24,2001
2227,408105 ,2002JJ00,2528.0,2063.0,465.0,2515.0,5.1,4.8,5.2,43.1,35.2,42.9,24.6,20.0,24.4,5.1,4.8,5.1,4.3,4.0,4.3,59.0,103.0,,,,0.0,0.8,76.0,40.0,37.0,,,,,,,-0.3,"73-75 Advertising, design and other","Other specialised business services 
This category is made up of the categories: 
73 Advertising and market research 
74 Industrial design, photography, translation and other consultancy 
75 Veterinary activities",24,2002
2228,408105 ,2003JJ00,2487.0,2006.0,481.0,2479.0,-1.6,-2.7,-1.4,44.6,36.0,44.4,25.5,20.6,25.4,3.4,2.2,3.6,3.7,2.5,3.9,56.0,98.0,,,,-4.8,-5.1,73.0,38.0,35.0,,,,,,,-4.6,"73-75 Advertising, design and other","Other specialised business services 
This category is made up of the categories: 
73 Advertising and market research 
74 Industrial design, photography, translation and other consultancy 
75 Veterinary activities",24,2003
2229,408105 ,2004JJ00,2553.0,2059.0,494.0,2539.0,2.6,2.6,2.4,46.7,37.7,46.5,25.7,20.7,25.5,4.8,4.8,4.6,0.8,0.8,0.5,55.0,99.0,,,,-2.1,1.9,71.0,37.0,34.0,,,,,,,-2.3,"73-75 Advertising, design and other","Other specialised business services 
This category is made up of the categories: 
73 Advertising and market research 
74 Industrial design, photography, translation and other consultancy 
75 Veterinary activities",24,2004
2230,408105 ,2005JJ00,2581.0,2106.0,475.0,2572.0,1.1,2.3,1.3,47.1,38.4,46.9,26.3,21.5,26.2,0.8,2.0,1.0,2.5,3.7,2.7,55.0,98.0,,,,0.3,-1.3,72.0,37.0,35.0,,,,,,,0.7,"73-75 Advertising, design and other","Other specialised business services 
This category is made up of the categories: 
73 Advertising and market research 
74 Industrial design, photography, translation and other consultancy 
75 Veterinary activities",24,2005
2231,408105 ,2006JJ00,2631.0,2174.0,457.0,2623.0,1.9,3.2,2.0,47.3,39.1,47.1,26.7,22.0,26.6,0.4,1.7,0.5,1.4,2.6,1.4,56.0,99.0,,,,1.5,0.6,73.0,38.0,35.0,,,,,,,1.3,"73-75 Advertising, design and other","Other specialised business services 
This category is made up of the categories: 
73 Advertising and market research 
74 Industrial design, photography, translation and other consultancy 
75 Veterinary activities",24,2006
2232,408105 ,2007JJ00,2745.0,2273.0,472.0,2737.0,4.3,4.6,4.3,48.7,40.3,48.5,27.4,22.7,27.3,2.9,3.2,3.0,2.7,3.0,2.8,56.0,100.0,,,,1.3,1.5,74.0,39.0,35.0,,,,,,,2.0,"73-75 Advertising, design and other","Other specialised business services 
This category is made up of the categories: 
73 Advertising and market research 
74 Industrial design, photography, translation and other consultancy 
75 Veterinary activities",24,2007
2233,408105 ,2008JJ00,2939.0,2416.0,523.0,2930.0,7.1,6.3,7.0,50.9,41.9,50.8,28.8,23.7,28.7,4.6,3.8,4.6,5.0,4.2,5.0,58.0,102.0,,,,2.3,2.0,75.0,39.0,36.0,,,,,,,1.7,"73-75 Advertising, design and other","Other specialised business services 
This category is made up of the categories: 
73 Advertising and market research 
74 Industrial design, photography, translation and other consultancy 
75 Veterinary activities",24,2008
2234,408105 ,2009JJ00,2896.0,2410.0,486.0,2882.0,-1.4,-0.2,-1.6,50.9,42.4,50.7,29.0,24.2,28.9,0.0,1.2,-0.2,0.9,2.2,0.7,57.0,100.0,,,,-1.4,-2.3,74.0,38.0,36.0,,,,,,,-1.5,"73-75 Advertising, design and other","Other specialised business services 
This category is made up of the categories: 
73 Advertising and market research 
74 Industrial design, photography, translation and other consultancy 
75 Veterinary activities",24,2009
2235,408105 ,2010JJ00,2909.0,2396.0,513.0,2893.0,0.4,-0.6,0.4,52.0,42.8,51.7,29.7,24.4,29.5,2.1,1.0,2.0,2.1,1.1,2.1,56.0,98.0,113.0,112.0,1.0,-1.6,-1.7,73.0,37.0,35.0,39.0,26.0,13.0,34.0,11.0,23.0,-2.3,"73-75 Advertising, design and other","Other specialised business services 
This category is made up of the categories: 
73 Advertising and market research 
74 Industrial design, photography, translation and other consultancy 
75 Veterinary activities",24,2010
2236,408105 ,2011JJ00,2884.0,2373.0,511.0,2869.0,-0.9,-1.0,-0.8,52.6,43.3,52.3,29.7,24.5,29.6,1.1,1.0,1.2,0.3,0.2,0.3,55.0,97.0,110.0,110.0,1.0,-2.0,-1.1,71.0,36.0,35.0,38.0,25.0,12.0,34.0,11.0,23.0,-1.7,"73-75 Advertising, design and other","Other specialised business services 
This category is made up of the categories: 
73 Advertising and market research 
74 Industrial design, photography, translation and other consultancy 
75 Veterinary activities",24,2011
2237,408105 ,2012JJ00,2925.0,2389.0,536.0,2908.0,1.4,0.7,1.4,53.2,43.4,52.9,30.0,24.5,29.8,1.2,0.4,1.1,0.8,0.0,0.7,55.0,98.0,111.0,110.0,1.0,0.2,0.7,72.0,37.0,35.0,37.0,25.0,12.0,35.0,12.0,23.0,0.9,"73-75 Advertising, design and other","Other specialised business services 
This category is made up of the categories: 
73 Advertising and market research 
74 Industrial design, photography, translation and other consultancy 
75 Veterinary activities",24,2012
2238,408105 ,2013JJ00,2857.0,2340.0,517.0,2845.0,-2.3,-2.0,-2.2,53.9,44.2,53.7,30.3,24.8,30.2,1.4,1.7,1.6,1.1,1.4,1.2,53.0,94.0,108.0,107.0,1.0,-3.7,-3.3,69.0,35.0,34.0,35.0,24.0,11.0,34.0,11.0,22.0,-4.2,"73-75 Advertising, design and other","Other specialised business services 
This category is made up of the categories: 
73 Advertising and market research 
74 Industrial design, photography, translation and other consultancy 
75 Veterinary activities",24,2013
2239,408105 ,2014JJ00,2838.0,2302.0,536.0,2825.0,-0.7,-1.6,-0.7,53.7,43.6,53.5,30.0,24.3,29.8,-0.4,-1.4,-0.5,-1.0,-2.0,-1.1,53.0,95.0,108.0,107.0,1.0,-0.3,0.4,70.0,36.0,34.0,35.0,24.0,11.0,36.0,13.0,23.0,2.1,"73-75 Advertising, design and other","Other specialised business services 
This category is made up of the categories: 
73 Advertising and market research 
74 Industrial design, photography, translation and other consultancy 
75 Veterinary activities",24,2014
2240,408105 ,2015JJ00,2862.0,2353.0,509.0,2852.0,0.9,2.2,1.0,53.3,43.8,53.1,29.8,24.5,29.6,-0.7,0.6,-0.6,-0.8,0.6,-0.7,54.0,96.0,110.0,109.0,1.0,1.6,1.6,71.0,37.0,35.0,35.0,24.0,11.0,36.0,13.0,23.0,1.1,"73-75 Advertising, design and other","Other specialised business services 
This category is made up of the categories: 
73 Advertising and market research 
74 Industrial design, photography, translation and other consultancy 
75 Veterinary activities",24,2015
2241,408105 ,2016JJ00,3078.0,2524.0,554.0,3060.0,7.6,7.3,7.3,54.1,44.4,53.8,30.1,24.7,29.9,1.5,1.3,1.3,1.1,0.9,0.9,57.0,102.0,116.0,116.0,1.0,5.9,6.3,75.0,38.0,37.0,37.0,25.0,12.0,38.0,13.0,25.0,5.5,"73-75 Advertising, design and other","Other specialised business services 
This category is made up of the categories: 
73 Advertising and market research 
74 Industrial design, photography, translation and other consultancy 
75 Veterinary activities",24,2016
2242,408105 ,2017JJ00,3199.0,2620.0,579.0,3176.0,3.9,3.8,3.8,55.3,45.2,54.9,31.0,25.4,30.8,2.1,1.9,2.0,3.0,2.8,2.9,58.0,103.0,118.0,118.0,1.0,1.8,0.9,75.0,38.0,37.0,38.0,25.0,12.0,38.0,13.0,25.0,0.4,"73-75 Advertising, design and other","Other specialised business services 
This category is made up of the categories: 
73 Advertising and market research 
74 Industrial design, photography, translation and other consultancy 
75 Veterinary activities",24,2017
2243,408105 ,2018JJ00,3451.0,2805.0,646.0,3431.0,7.9,7.1,8.0,57.2,46.5,56.9,32.3,26.3,32.1,3.5,2.8,3.7,4.3,3.6,4.5,60.0,107.0,124.0,123.0,1.0,4.2,3.4,78.0,40.0,38.0,39.0,26.0,13.0,39.0,13.0,26.0,3.6,"73-75 Advertising, design and other","Other specialised business services 
This category is made up of the categories: 
73 Advertising and market research 
74 Industrial design, photography, translation and other consultancy 
75 Veterinary activities",24,2018
2244,408105 ,2019JJ00,3747.0,3016.0,731.0,3728.0,8.5,7.5,8.6,59.0,47.5,58.7,33.5,26.9,33.3,3.2,2.2,3.3,3.5,2.5,3.6,63.0,112.0,131.0,130.0,1.0,5.2,4.9,82.0,41.0,40.0,40.0,27.0,14.0,41.0,14.0,27.0,4.5,"73-75 Advertising, design and other","Other specialised business services 
This category is made up of the categories: 
73 Advertising and market research 
74 Industrial design, photography, translation and other consultancy 
75 Veterinary activities",24,2019
2245,408105 ,2020JJ00,3837.0,3082.0,755.0,3558.0,2.4,2.2,-4.5,61.2,49.1,56.7,36.0,28.9,33.4,3.6,3.4,-3.4,7.6,7.3,0.3,63.0,107.0,130.0,129.0,0.0,-1.1,-4.8,80.0,40.0,40.0,39.0,26.0,13.0,41.0,14.0,27.0,-1.8,"73-75 Advertising, design and other","Other specialised business services 
This category is made up of the categories: 
73 Advertising and market research 
74 Industrial design, photography, translation and other consultancy 
75 Veterinary activities",24,2020
2246,408105 ,2021JJ00,4120.0,3318.0,802.0,3939.0,7.3,7.6,10.7,63.3,51.0,60.5,36.7,29.5,35.0,3.4,3.7,6.6,1.8,2.1,5.0,65.0,112.0,134.0,134.0,0.0,3.8,5.4,82.0,41.0,41.0,41.0,27.0,14.0,41.0,14.0,27.0,2.2,"73-75 Advertising, design and other","Other specialised business services 
This category is made up of the categories: 
73 Advertising and market research 
74 Industrial design, photography, translation and other consultancy 
75 Veterinary activities",24,2021
2247,408105 ,2022JJ00,4749.0,3817.0,932.0,4712.0,15.2,15.0,19.6,67.7,54.4,67.2,38.9,31.2,38.6,7.0,6.8,11.0,6.0,5.8,10.0,70.0,122.0,144.0,144.0,0.0,7.7,8.7,87.0,44.0,44.0,45.0,29.0,16.0,43.0,15.0,28.0,6.7,"73-75 Advertising, design and other","Other specialised business services 
This category is made up of the categories: 
73 Advertising and market research 
74 Industrial design, photography, translation and other consultancy 
75 Veterinary activities",24,2022
2248,408105 ,2023JJ00,5098.0,4105.0,993.0,5069.0,7.4,7.6,7.6,72.0,58.0,71.6,41.5,33.4,41.3,6.4,6.6,6.6,6.8,7.0,7.1,71.0,123.0,146.0,145.0,0.0,0.9,0.5,89.0,44.0,44.0,44.0,29.0,15.0,44.0,15.0,29.0,1.4,"73-75 Advertising, design and other","Other specialised business services 
This category is made up of the categories: 
73 Advertising and market research 
74 Industrial design, photography, translation and other consultancy 
75 Veterinary activities",24,2023
2249,408105 ,2024JJ00,5222.0,4223.0,999.0,5199.0,2.5,2.9,2.6,75.7,61.2,75.4,43.2,34.9,43.0,5.1,5.5,5.2,4.0,4.4,4.1,69.0,121.0,144.0,143.0,0.0,-2.5,-1.5,87.0,43.0,43.0,42.0,28.0,15.0,44.0,16.0,29.0,-2.1,"73-75 Advertising, design and other","Other specialised business services 
This category is made up of the categories: 
73 Advertising and market research 
74 Industrial design, photography, translation and other consultancy 
75 Veterinary activities",24,2024
2250,800023 ,1995JJ00,493.0,436.0,57.0,492.0,,,,40.5,35.8,40.5,19.0,16.8,19.0,,,,,,,12.0,26.0,,,,,,21.0,9.0,11.0,,,,,,,,74-75 Other specialised services,"Other specialised services 
This category is made up of the categories: 
74 Industrial design, photography, translation and other consultancy 
75 Veterinary activities",24,1995
2251,800023 ,1996JJ00,528.0,471.0,57.0,526.0,6.9,7.9,6.7,41.4,36.9,41.2,19.2,17.1,19.1,2.1,3.1,1.9,1.0,1.9,0.8,13.0,27.0,,,,4.7,5.8,22.0,10.0,12.0,,,,,,,4.5,74-75 Other specialised services,"Other specialised services 
This category is made up of the categories: 
74 Industrial design, photography, translation and other consultancy 
75 Veterinary activities",24,1996
2252,800023 ,1997JJ00,553.0,489.0,64.0,552.0,4.8,4.0,5.0,42.1,37.2,42.0,19.9,17.6,19.9,1.6,0.7,1.8,3.6,2.8,3.9,13.0,28.0,,,,3.2,1.2,22.0,10.0,12.0,,,,,,,2.2,74-75 Other specialised services,"Other specialised services 
This category is made up of the categories: 
74 Industrial design, photography, translation and other consultancy 
75 Veterinary activities",24,1997
2253,800023 ,1998JJ00,620.0,512.0,108.0,618.0,12.1,4.7,11.9,45.3,37.4,45.2,21.5,17.7,21.4,7.7,0.6,7.6,7.8,0.6,7.6,14.0,29.0,,,,4.1,4.0,23.0,10.0,13.0,,,,,,,3.0,74-75 Other specialised services,"Other specialised services 
This category is made up of the categories: 
74 Industrial design, photography, translation and other consultancy 
75 Veterinary activities",24,1998
2254,800023 ,1999JJ00,668.0,554.0,114.0,665.0,7.7,8.2,7.6,46.8,38.8,46.5,22.1,18.3,22.0,3.2,3.6,3.1,2.8,3.2,2.6,14.0,30.0,,,,4.4,4.8,24.0,11.0,13.0,,,,,,,4.5,74-75 Other specialised services,"Other specialised services 
This category is made up of the categories: 
74 Industrial design, photography, translation and other consultancy 
75 Veterinary activities",24,1999
2255,800023 ,2000JJ00,750.0,613.0,137.0,747.0,12.2,10.6,12.2,50.4,41.2,50.2,24.0,19.6,23.9,7.8,6.3,7.8,8.9,7.3,8.9,15.0,31.0,,,,4.1,3.0,25.0,12.0,13.0,,,,,,,4.7,74-75 Other specialised services,"Other specialised services 
This category is made up of the categories: 
74 Industrial design, photography, translation and other consultancy 
75 Veterinary activities",24,2000
2256,800023 ,2001JJ00,770.0,644.0,126.0,767.0,2.6,5.1,2.6,42.0,35.1,41.8,24.2,20.2,24.1,-16.7,-14.7,-16.7,0.6,3.0,0.6,18.0,32.0,,,,23.2,2.0,26.0,12.0,14.0,,,,,,,2.5,74-75 Other specialised services,"Other specialised services 
This category is made up of the categories: 
74 Industrial design, photography, translation and other consultancy 
75 Veterinary activities",24,2001
2257,800023 ,2002JJ00,816.0,681.0,135.0,813.0,6.2,5.8,6.2,43.2,36.0,43.0,24.8,20.7,24.7,2.9,2.5,2.9,2.7,2.3,2.7,19.0,33.0,,,,3.2,3.4,25.0,12.0,14.0,,,,,,,-1.2,74-75 Other specialised services,"Other specialised services 
This category is made up of the categories: 
74 Industrial design, photography, translation and other consultancy 
75 Veterinary activities",24,2002
2258,800023 ,2003JJ00,813.0,666.0,147.0,812.0,-0.5,-2.2,-0.2,44.7,36.6,44.6,25.6,21.0,25.6,3.4,1.6,3.7,3.1,1.4,3.4,18.0,32.0,,,,-3.7,-3.5,25.0,11.0,13.0,,,,,,,-2.6,74-75 Other specialised services,"Other specialised services 
This category is made up of the categories: 
74 Industrial design, photography, translation and other consultancy 
75 Veterinary activities",24,2003
2259,800023 ,2004JJ00,849.0,698.0,151.0,844.0,4.4,4.8,3.9,46.5,38.3,46.2,26.1,21.5,26.0,4.2,4.5,3.7,2.1,2.4,1.6,18.0,32.0,,,,0.3,2.3,25.0,11.0,13.0,,,,,,,0.6,74-75 Other specialised services,"Other specialised services 
This category is made up of the categories: 
74 Industrial design, photography, translation and other consultancy 
75 Veterinary activities",24,2004
2260,800023 ,2005JJ00,869.0,723.0,146.0,866.0,2.4,3.6,2.6,46.8,38.9,46.6,26.5,22.1,26.5,0.5,1.8,0.8,1.6,2.9,1.9,19.0,33.0,,,,1.8,0.7,26.0,12.0,14.0,,,,,,,3.3,74-75 Other specialised services,"Other specialised services 
This category is made up of the categories: 
74 Industrial design, photography, translation and other consultancy 
75 Veterinary activities",24,2005
2261,800023 ,2006JJ00,908.0,764.0,144.0,904.0,4.5,5.7,4.4,47.5,40.0,47.3,27.3,23.0,27.2,1.6,2.7,1.5,2.8,3.9,2.7,19.0,33.0,,,,2.9,1.7,26.0,12.0,14.0,,,,,,,2.8,74-75 Other specialised services,"Other specialised services 
This category is made up of the categories: 
74 Industrial design, photography, translation and other consultancy 
75 Veterinary activities",24,2006
2262,800023 ,2007JJ00,979.0,827.0,152.0,975.0,7.8,8.2,7.8,48.6,41.0,48.4,27.8,23.5,27.7,2.2,2.6,2.2,2.0,2.4,2.0,20.0,35.0,,,,5.5,5.7,28.0,13.0,15.0,,,,,,,4.8,74-75 Other specialised services,"Other specialised services 
This category is made up of the categories: 
74 Industrial design, photography, translation and other consultancy 
75 Veterinary activities",24,2007
2263,800023 ,2008JJ00,1030.0,867.0,163.0,1026.0,5.2,4.8,5.2,49.8,42.0,49.6,28.7,24.1,28.5,2.6,2.2,2.6,2.9,2.6,3.0,21.0,36.0,,,,2.5,2.2,28.0,13.0,15.0,,,,,,,2.1,74-75 Other specialised services,"Other specialised services 
This category is made up of the categories: 
74 Industrial design, photography, translation and other consultancy 
75 Veterinary activities",24,2008
2264,800023 ,2009JJ00,1035.0,880.0,155.0,1030.0,0.5,1.5,0.4,50.5,43.0,50.3,29.1,24.7,28.9,1.4,2.4,1.3,1.4,2.5,1.3,20.0,36.0,,,,-0.9,-0.9,28.0,13.0,15.0,,,,,,,-0.7,74-75 Other specialised services,"Other specialised services 
This category is made up of the categories: 
74 Industrial design, photography, translation and other consultancy 
75 Veterinary activities",24,2009
2265,800023 ,2010JJ00,1061.0,892.0,169.0,1054.0,2.5,1.3,2.3,50.7,42.6,50.4,29.2,24.6,29.0,0.4,-0.8,0.2,0.5,-0.7,0.3,21.0,36.0,42.0,42.0,0.0,2.1,2.0,29.0,13.0,16.0,14.0,9.0,5.0,15.0,4.0,10.0,2.2,74-75 Other specialised services,"Other specialised services 
This category is made up of the categories: 
74 Industrial design, photography, translation and other consultancy 
75 Veterinary activities",24,2010
2266,800023 ,2011JJ00,1032.0,862.0,170.0,1025.0,-2.8,-3.3,-2.8,50.2,41.9,49.8,28.6,23.9,28.4,-1.0,-1.6,-1.0,-1.9,-2.5,-2.0,21.0,36.0,41.0,41.0,0.0,-1.8,-0.8,28.0,12.0,16.0,13.0,8.0,5.0,15.0,4.0,11.0,-1.3,74-75 Other specialised services,"Other specialised services 
This category is made up of the categories: 
74 Industrial design, photography, translation and other consultancy 
75 Veterinary activities",24,2011
2267,800023 ,2012JJ00,1088.0,902.0,186.0,1081.0,5.5,4.6,5.6,50.9,42.2,50.6,28.9,23.9,28.7,1.5,0.6,1.5,0.9,0.0,0.9,21.0,38.0,43.0,42.0,0.0,4.0,4.6,30.0,13.0,16.0,14.0,8.0,5.0,16.0,5.0,11.0,5.1,74-75 Other specialised services,"Other specialised services 
This category is made up of the categories: 
74 Industrial design, photography, translation and other consultancy 
75 Veterinary activities",24,2012
2268,800023 ,2013JJ00,1072.0,892.0,180.0,1065.0,-1.4,-1.1,-1.4,52.3,43.5,51.9,29.7,24.7,29.5,2.6,3.0,2.6,2.8,3.2,2.8,21.0,36.0,41.0,41.0,0.0,-4.0,-4.2,28.0,13.0,16.0,13.0,8.0,5.0,16.0,5.0,11.0,-4.1,74-75 Other specialised services,"Other specialised services 
This category is made up of the categories: 
74 Industrial design, photography, translation and other consultancy 
75 Veterinary activities",24,2013
2269,800023 ,2014JJ00,1032.0,848.0,184.0,1025.0,-3.7,-4.9,-3.8,51.1,42.0,50.7,28.9,23.8,28.7,-2.3,-3.5,-2.3,-2.7,-3.9,-2.7,20.0,36.0,41.0,41.0,0.0,-1.5,-1.1,29.0,13.0,16.0,12.0,8.0,5.0,16.0,5.0,11.0,0.8,74-75 Other specialised services,"Other specialised services 
This category is made up of the categories: 
74 Industrial design, photography, translation and other consultancy 
75 Veterinary activities",24,2014
2270,800023 ,2015JJ00,1038.0,862.0,176.0,1033.0,0.6,1.6,0.8,50.9,42.3,50.7,28.8,23.9,28.6,-0.2,0.8,0.0,-0.5,0.5,-0.3,20.0,36.0,41.0,41.0,0.0,0.8,1.1,29.0,13.0,16.0,12.0,8.0,5.0,17.0,5.0,11.0,0.3,74-75 Other specialised services,"Other specialised services 
This category is made up of the categories: 
74 Industrial design, photography, translation and other consultancy 
75 Veterinary activities",24,2015
2271,800023 ,2016JJ00,1175.0,970.0,205.0,1165.0,13.2,12.6,12.8,52.3,43.1,51.8,29.4,24.3,29.2,2.6,2.1,2.2,2.2,1.7,1.9,22.0,40.0,46.0,45.0,0.0,10.3,10.7,32.0,14.0,18.0,13.0,8.0,5.0,18.0,6.0,13.0,10.5,74-75 Other specialised services,"Other specialised services 
This category is made up of the categories: 
74 Industrial design, photography, translation and other consultancy 
75 Veterinary activities",24,2016
2272,800023 ,2017JJ00,1162.0,958.0,204.0,1151.0,-1.2,-1.3,-1.3,53.1,43.8,52.6,30.1,24.8,29.8,1.6,1.4,1.5,2.3,2.1,2.2,22.0,39.0,44.0,44.0,0.0,-2.7,-3.4,30.0,13.0,17.0,13.0,8.0,5.0,17.0,5.0,12.0,-4.6,74-75 Other specialised services,"Other specialised services 
This category is made up of the categories: 
74 Industrial design, photography, translation and other consultancy 
75 Veterinary activities",24,2017
2273,800023 ,2018JJ00,1315.0,1075.0,240.0,1305.0,13.1,12.2,13.4,54.9,44.9,54.5,31.2,25.5,30.9,3.4,2.5,3.6,3.6,2.8,3.8,24.0,42.0,49.0,49.0,0.0,9.4,9.2,33.0,15.0,19.0,14.0,9.0,5.0,19.0,6.0,13.0,9.1,74-75 Other specialised services,"Other specialised services 
This category is made up of the categories: 
74 Industrial design, photography, translation and other consultancy 
75 Veterinary activities",24,2018
2274,800023 ,2019JJ00,1521.0,1231.0,290.0,1511.0,15.6,14.5,15.7,56.8,46.0,56.4,32.3,26.2,32.1,3.4,2.4,3.5,3.7,2.7,3.8,27.0,47.0,55.0,55.0,0.0,11.8,11.4,36.0,16.0,20.0,15.0,10.0,6.0,21.0,6.0,15.0,10.1,74-75 Other specialised services,"Other specialised services 
This category is made up of the categories: 
74 Industrial design, photography, translation and other consultancy 
75 Veterinary activities",24,2019
2275,800023 ,2020JJ00,1576.0,1275.0,301.0,1482.0,3.7,3.6,-1.8,58.7,47.5,55.2,36.1,29.2,33.9,3.3,3.3,-2.2,11.6,11.5,5.6,27.0,44.0,55.0,55.0,0.0,0.4,-7.1,36.0,16.0,20.0,15.0,10.0,5.0,21.0,6.0,15.0,0.0,74-75 Other specialised services,"Other specialised services 
This category is made up of the categories: 
74 Industrial design, photography, translation and other consultancy 
75 Veterinary activities",24,2020
2276,800023 ,2021JJ00,1799.0,1448.0,351.0,1733.0,14.0,13.5,16.8,60.7,48.9,58.5,35.9,28.9,34.6,3.5,3.0,6.0,-0.5,-1.0,1.9,30.0,50.0,61.0,61.0,0.0,10.2,14.6,39.0,17.0,22.0,17.0,11.0,6.0,22.0,7.0,16.0,7.7,74-75 Other specialised services,"Other specialised services 
This category is made up of the categories: 
74 Industrial design, photography, translation and other consultancy 
75 Veterinary activities",24,2021
2277,800023 ,2022JJ00,2047.0,1637.0,410.0,2029.0,13.8,13.0,17.1,63.3,50.6,62.8,36.3,29.1,36.0,4.3,3.6,7.3,1.2,0.5,4.1,32.0,56.0,66.0,66.0,0.0,9.1,12.4,42.0,19.0,23.0,19.0,12.0,7.0,24.0,7.0,17.0,8.2,74-75 Other specialised services,"Other specialised services 
This category is made up of the categories: 
74 Industrial design, photography, translation and other consultancy 
75 Veterinary activities",24,2022
2278,800023 ,2023JJ00,2239.0,1799.0,440.0,2224.0,9.5,10.0,9.7,68.3,54.8,67.8,39.3,31.6,39.0,7.8,8.3,8.0,8.2,8.7,8.4,33.0,57.0,68.0,67.0,0.0,1.6,1.2,43.0,20.0,24.0,19.0,12.0,6.0,25.0,7.0,17.0,1.8,74-75 Other specialised services,"Other specialised services 
This category is made up of the categories: 
74 Industrial design, photography, translation and other consultancy 
75 Veterinary activities",24,2023
2279,800023 ,2024JJ00,2348.0,1893.0,455.0,2335.0,4.9,5.2,5.0,71.9,57.9,71.5,40.9,33.0,40.7,5.3,5.6,5.4,4.1,4.4,4.2,33.0,57.0,68.0,68.0,0.0,-0.4,0.8,43.0,20.0,23.0,18.0,12.0,6.0,25.0,8.0,17.0,0.1,74-75 Other specialised services,"Other specialised services 
This category is made up of the categories: 
74 Industrial design, photography, translation and other consultancy 
75 Veterinary activities",24,2024
2280,410200 ,1995JJ00,8135.0,7078.0,1057.0,8110.0,,,,22.5,19.6,22.4,13.5,11.7,13.4,,,,,,,362.0,603.0,,,,,,551.0,271.0,280.0,,,,,,,,N Renting and other business support,Renting and leasing of tangible goods and other business support services,3,1995
2281,410200 ,1996JJ00,9485.0,8207.0,1278.0,9407.0,16.6,15.9,16.0,23.0,19.9,22.8,13.6,11.7,13.4,2.1,1.5,1.5,0.5,0.0,0.0,413.0,700.0,,,,14.2,16.0,629.0,326.0,303.0,,,,,,,14.2,N Renting and other business support,Renting and leasing of tangible goods and other business support services,3,1996
2282,410200 ,1997JJ00,10794.0,9396.0,1398.0,10668.0,13.8,14.5,13.4,23.9,20.8,23.6,14.3,12.4,14.1,4.0,4.6,3.6,5.3,6.0,4.9,452.0,756.0,,,,9.4,8.1,698.0,365.0,334.0,,,,,,,11.0,N Renting and other business support,Renting and leasing of tangible goods and other business support services,3,1997
2283,410200 ,1998JJ00,12331.0,9874.0,2457.0,12156.0,14.2,5.1,13.9,25.6,20.5,25.2,15.3,12.3,15.1,7.1,-1.5,6.8,7.4,-1.2,7.1,482.0,804.0,,,,6.7,6.4,754.0,387.0,366.0,,,,,,,7.9,N Renting and other business support,Renting and leasing of tangible goods and other business support services,3,1998
2284,410200 ,1999JJ00,13514.0,10705.0,2809.0,13313.0,9.6,8.4,9.5,26.9,21.3,26.5,16.1,12.7,15.8,5.4,4.2,5.3,4.9,3.8,4.9,502.0,840.0,,,,4.0,4.4,779.0,407.0,372.0,,,,,,,3.4,N Renting and other business support,Renting and leasing of tangible goods and other business support services,3,1999
2285,410200 ,2000JJ00,14595.0,11302.0,3293.0,14384.0,8.0,5.6,8.1,28.7,22.2,28.3,17.3,13.4,17.0,6.6,4.2,6.6,7.3,4.9,7.4,508.0,845.0,,,,1.3,0.6,787.0,417.0,370.0,,,,,,,1.0,N Renting and other business support,Renting and leasing of tangible goods and other business support services,3,2000
2286,410200 ,2001JJ00,14985.0,11834.0,3151.0,14751.0,2.7,4.7,2.5,30.2,23.9,29.7,18.0,14.2,17.7,5.2,7.3,5.1,4.2,6.3,4.1,496.0,833.0,,,,-2.4,-1.5,773.0,410.0,363.0,,,,,,,-1.7,N Renting and other business support,Renting and leasing of tangible goods and other business support services,3,2001
2287,410200 ,2002JJ00,14809.0,11750.0,3059.0,14561.0,-1.2,-0.7,-1.3,31.4,24.9,30.8,18.4,14.6,18.1,3.8,4.3,3.7,2.5,3.0,2.4,472.0,803.0,,,,-4.8,-3.6,740.0,396.0,344.0,,,,,,,-4.3,N Renting and other business support,Renting and leasing of tangible goods and other business support services,3,2002
2288,410200 ,2003JJ00,14570.0,11480.0,3090.0,14359.0,-1.6,-2.3,-1.4,32.5,25.6,32.0,18.7,14.7,18.4,3.5,2.8,3.8,1.3,0.6,1.6,449.0,779.0,,,,-5.0,-2.9,705.0,384.0,321.0,,,,,,,-4.7,N Renting and other business support,Renting and leasing of tangible goods and other business support services,3,2003
2289,410200 ,2004JJ00,14977.0,11805.0,3172.0,14687.0,2.8,2.8,2.3,33.1,26.1,32.4,19.1,15.1,18.7,1.8,1.8,1.3,2.1,2.2,1.6,453.0,784.0,,,,1.0,0.6,704.0,385.0,319.0,,,,,,,-0.2,N Renting and other business support,Renting and leasing of tangible goods and other business support services,3,2004
2290,410200 ,2005JJ00,15954.0,12716.0,3238.0,15690.0,6.5,7.7,6.8,32.9,26.2,32.3,19.1,15.2,18.8,-0.6,0.5,-0.3,0.1,1.2,0.4,486.0,835.0,,,,7.2,6.4,763.0,420.0,343.0,,,,,,,8.5,N Renting and other business support,Renting and leasing of tangible goods and other business support services,3,2005
2291,410200 ,2006JJ00,17662.0,14301.0,3361.0,17414.0,10.7,12.5,11.0,33.0,26.7,32.5,19.3,15.6,19.0,0.4,2.0,0.6,1.0,2.6,1.2,536.0,915.0,,,,10.3,9.7,840.0,467.0,373.0,,,,,,,10.1,N Renting and other business support,Renting and leasing of tangible goods and other business support services,3,2006
2292,410200 ,2007JJ00,20141.0,16334.0,3807.0,19880.0,14.0,14.2,14.2,34.3,27.8,33.9,20.2,16.4,19.9,4.0,4.2,4.1,4.5,4.7,4.6,587.0,999.0,,,,9.6,9.1,914.0,510.0,403.0,,,,,,,8.7,N Renting and other business support,Renting and leasing of tangible goods and other business support services,3,2007
2293,410200 ,2008JJ00,21610.0,17380.0,4230.0,21344.0,7.3,6.4,7.4,35.5,28.6,35.1,20.7,16.7,20.5,3.5,2.6,3.6,2.8,1.9,2.8,609.0,1043.0,,,,3.7,4.4,932.0,523.0,408.0,,,,,,,2.0,N Renting and other business support,Renting and leasing of tangible goods and other business support services,3,2008
2294,410200 ,2009JJ00,19953.0,16144.0,3809.0,19654.0,-7.7,-7.1,-7.9,36.3,29.4,35.8,21.4,17.3,21.0,2.3,2.9,2.0,3.0,3.6,2.7,549.0,934.0,,,,-9.7,-10.4,858.0,477.0,381.0,,,,,,,-7.9,N Renting and other business support,Renting and leasing of tangible goods and other business support services,3,2009
2295,410200 ,2010JJ00,19939.0,15986.0,3953.0,19635.0,-0.1,-1.0,-0.1,37.0,29.7,36.5,21.3,17.1,21.0,1.9,1.0,1.9,-0.1,-1.0,-0.1,539.0,934.0,1102.0,1083.0,19.0,-2.0,0.0,823.0,469.0,354.0,306.0,228.0,78.0,517.0,241.0,276.0,-4.1,N Renting and other business support,Renting and leasing of tangible goods and other business support services,3,2010
2296,410200 ,2011JJ00,21200.0,16957.0,4243.0,20923.0,6.3,6.1,6.6,38.5,30.8,38.0,21.9,17.5,21.6,3.9,3.6,4.1,2.5,2.3,2.7,551.0,969.0,1128.0,1107.0,21.0,2.4,3.7,843.0,487.0,356.0,306.0,230.0,76.0,537.0,257.0,281.0,2.5,N Renting and other business support,Renting and leasing of tangible goods and other business support services,3,2011
2297,410200 ,2012JJ00,21293.0,16955.0,4338.0,21045.0,0.4,0.0,0.6,39.1,31.1,38.6,22.3,17.8,22.1,1.7,1.2,1.8,2.1,1.6,2.2,545.0,953.0,1118.0,1098.0,20.0,-1.2,-1.6,833.0,479.0,355.0,295.0,220.0,74.0,539.0,258.0,281.0,-1.1,N Renting and other business support,Renting and leasing of tangible goods and other business support services,3,2012
2298,410200 ,2013JJ00,21539.0,17168.0,4371.0,21324.0,1.2,1.3,1.3,39.5,31.5,39.1,22.5,17.9,22.2,1.1,1.2,1.2,0.6,0.7,0.7,545.0,959.0,1126.0,1103.0,23.0,0.1,0.6,831.0,479.0,353.0,291.0,218.0,73.0,540.0,260.0,279.0,-0.3,N Renting and other business support,Renting and leasing of tangible goods and other business support services,3,2013
2299,410200 ,2014JJ00,22680.0,17917.0,4763.0,22512.0,5.3,4.4,5.6,39.9,31.5,39.6,22.6,17.9,22.4,1.1,0.2,1.3,0.6,-0.3,0.9,568.0,1004.0,1174.0,1150.0,25.0,4.2,4.6,853.0,491.0,362.0,307.0,229.0,78.0,546.0,262.0,284.0,2.6,N Renting and other business support,Renting and leasing of tangible goods and other business support services,3,2014
2300,410200 ,2015JJ00,24654.0,19639.0,5015.0,24531.0,8.7,9.6,9.0,40.1,32.0,39.9,22.8,18.1,22.7,0.5,1.4,0.8,0.8,1.6,1.0,614.0,1082.0,1270.0,1243.0,27.0,8.2,7.8,919.0,529.0,390.0,319.0,239.0,80.0,600.0,290.0,310.0,7.8,N Renting and other business support,Renting and leasing of tangible goods and other business support services,3,2015
2301,410200 ,2016JJ00,26735.0,21154.0,5581.0,26593.0,8.5,7.7,8.4,40.5,32.1,40.3,23.0,18.2,22.9,1.0,0.3,0.9,0.9,0.2,0.9,660.0,1163.0,1362.0,1332.0,30.0,7.4,7.5,974.0,558.0,415.0,361.0,268.0,93.0,613.0,290.0,323.0,6.0,N Renting and other business support,Renting and leasing of tangible goods and other business support services,3,2016
2302,410200 ,2017JJ00,29054.0,23055.0,5999.0,28773.0,8.7,9.0,8.2,40.7,32.3,40.3,22.9,18.2,22.7,0.5,0.8,0.1,-0.3,0.0,-0.7,713.0,1267.0,1487.0,1453.0,34.0,8.1,8.9,1048.0,603.0,444.0,385.0,287.0,98.0,663.0,317.0,346.0,7.6,N Renting and other business support,Renting and leasing of tangible goods and other business support services,3,2017
2303,410200 ,2018JJ00,31770.0,25092.0,6678.0,31436.0,9.3,8.8,9.3,42.0,33.1,41.5,23.9,18.8,23.6,3.0,2.5,2.9,4.1,3.6,4.0,757.0,1331.0,1577.0,1540.0,36.0,6.1,5.1,1097.0,631.0,466.0,415.0,306.0,109.0,682.0,325.0,357.0,4.7,N Renting and other business support,Renting and leasing of tangible goods and other business support services,3,2018
2304,410200 ,2019JJ00,32845.0,25785.0,7060.0,32509.0,3.4,2.8,3.4,43.5,34.1,43.0,24.6,19.3,24.3,3.5,2.9,3.6,3.1,2.5,3.1,756.0,1335.0,1576.0,1541.0,35.0,-0.1,0.3,1093.0,627.0,466.0,411.0,301.0,110.0,682.0,326.0,357.0,-0.4,N Renting and other business support,Renting and leasing of tangible goods and other business support services,3,2019
2305,410200 ,2020JJ00,30896.0,24003.0,6893.0,29159.0,-5.9,-6.9,-10.3,45.5,35.4,43.0,26.3,20.4,24.8,4.8,3.7,-0.1,6.8,5.7,1.9,679.0,1176.0,1418.0,1388.0,30.0,-10.2,-11.9,957.0,549.0,407.0,368.0,269.0,99.0,589.0,280.0,309.0,-12.4,N Renting and other business support,Renting and leasing of tangible goods and other business support services,3,2020
2306,410200 ,2021JJ00,32703.0,25559.0,7144.0,31457.0,5.8,6.5,7.9,46.0,35.9,44.2,26.2,20.5,25.2,1.0,1.6,2.9,-0.3,0.3,1.6,711.0,1248.0,1481.0,1448.0,33.0,4.8,6.1,996.0,567.0,429.0,389.0,280.0,109.0,607.0,287.0,320.0,4.0,N Renting and other business support,Renting and leasing of tangible goods and other business support services,3,2021
2307,410200 ,2022JJ00,35880.0,27830.0,8050.0,35457.0,9.7,8.9,12.7,48.7,37.8,48.1,27.6,21.4,27.3,5.9,5.1,8.8,5.5,4.7,8.4,737.0,1298.0,1534.0,1501.0,33.0,3.6,4.0,1043.0,592.0,452.0,401.0,287.0,114.0,642.0,305.0,337.0,4.8,N Renting and other business support,Renting and leasing of tangible goods and other business support services,3,2022
2308,410200 ,2023JJ00,37521.0,29194.0,8327.0,37211.0,4.6,4.9,5.0,52.7,41.0,52.3,30.1,23.4,29.9,8.2,8.6,8.6,9.0,9.3,9.4,712.0,1246.0,1481.0,1451.0,30.0,-3.4,-4.0,992.0,568.0,425.0,394.0,281.0,113.0,598.0,286.0,312.0,-4.9,N Renting and other business support,Renting and leasing of tangible goods and other business support services,3,2023
2309,410200 ,2024JJ00,39607.0,30267.0,9340.0,39448.0,5.6,3.7,6.0,57.9,44.2,57.6,33.0,25.2,32.8,9.8,7.8,10.3,9.4,7.5,9.9,685.0,1202.0,1430.0,1402.0,28.0,-3.9,-3.5,945.0,550.0,395.0,379.0,271.0,108.0,567.0,279.0,287.0,-4.7,N Renting and other business support,Renting and leasing of tangible goods and other business support services,3,2024
2310,410300 ,1995JJ00,431.0,363.0,68.0,430.0,,,,29.2,24.6,29.1,16.5,13.9,16.5,,,,,,,15.0,26.0,,,,,,18.0,13.0,5.0,,,,,,,,77 Renting and leasing of tangible goods,"Renting and leasing of motor vehicles, consumergoods, machines and other tangible goods",17,1995
2311,410300 ,1996JJ00,488.0,407.0,81.0,486.0,13.2,12.1,13.0,32.6,27.2,32.4,18.2,15.1,18.1,11.6,10.5,11.4,9.7,8.6,9.5,15.0,27.0,,,,1.5,3.2,19.0,13.0,5.0,,,,,,,2.2,77 Renting and leasing of tangible goods,"Renting and leasing of motor vehicles, consumergoods, machines and other tangible goods",17,1996
2312,410300 ,1997JJ00,506.0,427.0,79.0,503.0,3.6,5.0,3.4,32.2,27.2,32.0,18.2,15.4,18.1,-1.2,0.2,-1.3,0.4,1.7,0.2,16.0,28.0,,,,4.8,3.3,20.0,14.0,6.0,,,,,,,6.7,77 Renting and leasing of tangible goods,"Renting and leasing of motor vehicles, consumergoods, machines and other tangible goods",17,1997
2313,410300 ,1998JJ00,556.0,435.0,121.0,552.0,9.9,1.8,9.8,35.1,27.5,34.8,19.7,15.4,19.6,8.9,0.9,8.8,8.1,0.2,8.0,16.0,28.0,,,,0.9,1.6,20.0,14.0,6.0,,,,,,,1.8,77 Renting and leasing of tangible goods,"Renting and leasing of motor vehicles, consumergoods, machines and other tangible goods",17,1998
2314,410300 ,1999JJ00,673.0,517.0,156.0,670.0,20.7,18.5,21.1,37.1,28.5,37.0,20.9,16.0,20.8,5.9,3.9,6.2,5.9,3.9,6.2,18.0,32.0,,,,14.0,14.0,23.0,16.0,7.0,,,,,,,15.6,77 Renting and leasing of tangible goods,"Renting and leasing of motor vehicles, consumergoods, machines and other tangible goods",17,1999
2315,410300 ,2000JJ00,782.0,595.0,187.0,779.0,16.3,15.1,16.4,38.7,29.5,38.6,21.9,16.7,21.8,4.3,3.2,4.4,5.1,4.0,5.2,20.0,36.0,,,,11.5,10.6,26.0,18.0,8.0,,,,,,,10.8,77 Renting and leasing of tangible goods,"Renting and leasing of motor vehicles, consumergoods, machines and other tangible goods",17,2000
2316,410300 ,2001JJ00,906.0,711.0,195.0,904.0,15.9,19.6,16.1,41.5,32.5,41.4,23.9,18.8,23.9,7.1,10.5,7.3,9.1,12.5,9.3,22.0,38.0,,,,8.2,6.3,28.0,19.0,8.0,,,,,,,6.8,77 Renting and leasing of tangible goods,"Renting and leasing of motor vehicles, consumergoods, machines and other tangible goods",17,2001
2317,410300 ,2002JJ00,953.0,736.0,217.0,950.0,5.1,3.5,5.0,44.1,34.1,44.0,25.3,19.5,25.2,6.4,4.8,6.3,5.8,4.2,5.7,22.0,38.0,,,,-1.2,-0.6,27.0,19.0,8.0,,,,,,,-2.0,77 Renting and leasing of tangible goods,"Renting and leasing of motor vehicles, consumergoods, machines and other tangible goods",17,2002
2318,410300 ,2003JJ00,985.0,754.0,231.0,983.0,3.4,2.4,3.5,46.2,35.3,46.1,26.0,19.9,26.0,4.5,3.6,4.7,2.9,1.9,3.0,21.0,38.0,,,,-1.1,0.4,27.0,19.0,8.0,,,,,,,-0.8,77 Renting and leasing of tangible goods,"Renting and leasing of motor vehicles, consumergoods, machines and other tangible goods",17,2003
2319,410300 ,2004JJ00,1004.0,766.0,238.0,1000.0,1.8,1.6,1.6,47.6,36.3,47.4,26.3,20.1,26.2,3.2,2.9,3.0,1.0,0.7,0.8,21.0,38.0,,,,-1.3,0.9,27.0,19.0,8.0,,,,,,,-0.7,77 Renting and leasing of tangible goods,"Renting and leasing of motor vehicles, consumergoods, machines and other tangible goods",17,2004
2320,410300 ,2005JJ00,1000.0,779.0,221.0,997.0,-0.4,1.7,-0.3,47.6,37.1,47.5,26.8,20.9,26.7,0.0,2.1,0.1,1.8,3.9,1.9,21.0,37.0,,,,-0.3,-2.1,26.0,19.0,7.0,,,,,,,-0.8,77 Renting and leasing of tangible goods,"Renting and leasing of motor vehicles, consumergoods, machines and other tangible goods",17,2005
2321,410300 ,2006JJ00,1032.0,816.0,216.0,1029.0,3.2,4.7,3.2,48.3,38.2,48.2,27.4,21.7,27.3,1.5,3.0,1.5,2.4,3.9,2.4,21.0,38.0,,,,1.7,0.8,27.0,19.0,8.0,,,,,,,2.0,77 Renting and leasing of tangible goods,"Renting and leasing of motor vehicles, consumergoods, machines and other tangible goods",17,2006
2322,410300 ,2007JJ00,1112.0,878.0,234.0,1109.0,7.8,7.7,7.9,50.9,40.2,50.8,28.8,22.7,28.7,5.3,5.2,5.4,4.9,4.7,4.9,22.0,39.0,,,,2.4,2.8,27.0,19.0,8.0,,,,,,,1.9,77 Renting and leasing of tangible goods,"Renting and leasing of motor vehicles, consumergoods, machines and other tangible goods",17,2007
2323,410300 ,2008JJ00,1204.0,943.0,261.0,1200.0,8.3,7.5,8.2,53.1,41.6,52.9,29.8,23.4,29.7,4.3,3.5,4.2,3.7,3.0,3.6,23.0,40.0,,,,3.9,4.4,28.0,20.0,8.0,,,,,,,2.9,77 Renting and leasing of tangible goods,"Renting and leasing of motor vehicles, consumergoods, machines and other tangible goods",17,2008
2324,410300 ,2009JJ00,1167.0,925.0,242.0,1160.0,-3.1,-1.9,-3.3,52.6,41.7,52.3,30.1,23.9,29.9,-0.9,0.2,-1.2,0.8,2.0,0.6,22.0,39.0,,,,-2.2,-3.9,27.0,20.0,7.0,,,,,,,-3.5,77 Renting and leasing of tangible goods,"Renting and leasing of motor vehicles, consumergoods, machines and other tangible goods",17,2009
2325,410300 ,2010JJ00,1197.0,939.0,258.0,1190.0,2.6,1.5,2.6,54.7,42.9,54.4,31.9,25.1,31.8,4.1,3.0,4.1,6.2,5.0,6.2,22.0,37.0,46.0,45.0,1.0,-1.5,-3.4,27.0,20.0,7.0,17.0,15.0,2.0,9.0,5.0,4.0,-1.9,77 Renting and leasing of tangible goods,"Renting and leasing of motor vehicles, consumergoods, machines and other tangible goods",17,2010
2326,410300 ,2011JJ00,1259.0,989.0,270.0,1253.0,5.2,5.4,5.4,56.0,44.0,55.8,31.0,24.4,30.9,2.4,2.5,2.5,-2.9,-2.8,-2.8,22.0,41.0,47.0,46.0,1.0,2.8,8.4,28.0,21.0,7.0,18.0,15.0,2.0,10.0,5.0,5.0,4.1,77 Renting and leasing of tangible goods,"Renting and leasing of motor vehicles, consumergoods, machines and other tangible goods",17,2011
2327,410300 ,2012JJ00,1400.0,1092.0,308.0,1393.0,11.2,10.4,11.2,57.4,44.7,57.1,31.9,24.9,31.7,2.4,1.7,2.4,2.9,2.1,2.8,24.0,44.0,51.0,50.0,1.0,8.6,8.1,30.0,22.0,8.0,19.0,16.0,2.0,11.0,5.0,5.0,7.3,77 Renting and leasing of tangible goods,"Renting and leasing of motor vehicles, consumergoods, machines and other tangible goods",17,2012
2328,410300 ,2013JJ00,1386.0,1085.0,301.0,1384.0,-1.0,-0.7,-0.7,57.4,44.9,57.3,31.8,24.9,31.8,0.0,0.4,0.4,-0.2,0.2,0.1,24.0,44.0,51.0,50.0,1.0,-1.1,-0.8,29.0,22.0,8.0,19.0,16.0,2.0,11.0,5.0,5.0,-1.2,77 Renting and leasing of tangible goods,"Renting and leasing of motor vehicles, consumergoods, machines and other tangible goods",17,2013
2329,410300 ,2014JJ00,1419.0,1097.0,322.0,1419.0,2.4,1.1,2.6,60.4,46.7,60.4,33.4,25.8,33.4,5.4,4.0,5.5,4.9,3.6,5.1,23.0,43.0,49.0,48.0,1.0,-2.8,-2.4,29.0,21.0,7.0,18.0,16.0,2.0,10.0,5.0,5.0,-2.7,77 Renting and leasing of tangible goods,"Renting and leasing of motor vehicles, consumergoods, machines and other tangible goods",17,2014
2330,410300 ,2015JJ00,1571.0,1264.0,307.0,1569.0,10.7,15.3,10.6,64.0,51.5,63.9,35.3,28.4,35.3,5.8,10.2,5.7,5.9,10.2,5.7,25.0,44.0,52.0,51.0,1.0,4.6,4.6,30.0,22.0,8.0,19.0,16.0,2.0,11.0,5.0,6.0,4.0,77 Renting and leasing of tangible goods,"Renting and leasing of motor vehicles, consumergoods, machines and other tangible goods",17,2015
2331,410300 ,2016JJ00,1505.0,1192.0,313.0,1502.0,-4.2,-5.7,-4.2,59.5,47.1,59.4,32.7,25.9,32.6,-7.0,-8.5,-7.1,-7.5,-9.0,-7.6,25.0,46.0,53.0,52.0,1.0,3.0,3.6,31.0,23.0,8.0,19.0,17.0,2.0,11.0,6.0,6.0,3.0,77 Renting and leasing of tangible goods,"Renting and leasing of motor vehicles, consumergoods, machines and other tangible goods",17,2016
2332,410300 ,2017JJ00,1605.0,1266.0,339.0,1595.0,6.6,6.2,6.1,59.2,46.7,58.8,32.6,25.8,32.4,-0.6,-0.9,-1.0,-0.1,-0.5,-0.6,27.0,49.0,57.0,56.0,1.0,7.2,6.7,33.0,24.0,9.0,21.0,18.0,3.0,12.0,6.0,6.0,6.6,77 Renting and leasing of tangible goods,"Renting and leasing of motor vehicles, consumergoods, machines and other tangible goods",17,2017
2333,410300 ,2018JJ00,1817.0,1428.0,389.0,1810.0,13.3,12.8,13.6,61.3,48.1,61.0,33.9,26.6,33.7,3.6,3.1,3.8,3.7,3.3,4.0,30.0,54.0,63.0,62.0,1.0,9.3,9.2,35.0,26.0,9.0,23.0,20.0,3.0,13.0,7.0,6.0,8.4,77 Renting and leasing of tangible goods,"Renting and leasing of motor vehicles, consumergoods, machines and other tangible goods",17,2018
2334,410300 ,2019JJ00,1925.0,1493.0,432.0,1919.0,6.0,4.6,6.0,61.8,47.9,61.6,34.0,26.4,33.9,0.9,-0.4,0.9,0.5,-0.8,0.6,31.0,57.0,66.0,65.0,1.0,5.0,5.4,37.0,28.0,10.0,24.0,21.0,3.0,14.0,7.0,7.0,5.0,77 Renting and leasing of tangible goods,"Renting and leasing of motor vehicles, consumergoods, machines and other tangible goods",17,2019
2335,410300 ,2020JJ00,1923.0,1484.0,439.0,1810.0,-0.1,-0.6,-5.7,63.5,49.0,59.7,35.9,27.7,33.8,2.7,2.2,-3.0,5.4,4.9,-0.4,30.0,54.0,64.0,63.0,1.0,-2.8,-5.3,36.0,26.0,9.0,23.0,20.0,3.0,13.0,6.0,6.0,-4.3,77 Renting and leasing of tangible goods,"Renting and leasing of motor vehicles, consumergoods, machines and other tangible goods",17,2020
2336,410300 ,2021JJ00,1865.0,1461.0,404.0,1804.0,-3.1,-1.6,-0.4,64.7,50.7,62.6,35.9,28.1,34.8,2.0,3.5,4.8,0.1,1.6,2.9,29.0,52.0,61.0,60.0,1.0,-5.0,-3.1,34.0,25.0,9.0,22.0,19.0,3.0,13.0,6.0,6.0,-3.9,77 Renting and leasing of tangible goods,"Renting and leasing of motor vehicles, consumergoods, machines and other tangible goods",17,2021
2337,410300 ,2022JJ00,2091.0,1629.0,462.0,2079.0,12.1,11.5,15.3,67.8,52.9,67.5,38.1,29.7,37.9,4.8,4.2,7.7,6.1,5.5,9.1,31.0,55.0,65.0,64.0,1.0,7.0,5.7,37.0,27.0,10.0,23.0,20.0,3.0,14.0,7.0,7.0,7.8,77 Renting and leasing of tangible goods,"Renting and leasing of motor vehicles, consumergoods, machines and other tangible goods",17,2022
2338,410300 ,2023JJ00,2361.0,1849.0,512.0,2356.0,13.0,13.6,13.4,72.4,56.7,72.3,40.9,32.0,40.8,6.8,7.3,7.1,7.2,7.8,7.6,33.0,58.0,68.0,67.0,1.0,5.8,5.4,39.0,29.0,10.0,24.0,21.0,3.0,15.0,8.0,7.0,6.5,77 Renting and leasing of tangible goods,"Renting and leasing of motor vehicles, consumergoods, machines and other tangible goods",17,2023
2339,410300 ,2024JJ00,2767.0,1935.0,832.0,2763.0,17.2,4.5,17.2,85.9,60.0,85.8,48.2,33.7,48.1,18.6,5.7,18.6,17.9,5.1,18.0,32.0,57.0,68.0,67.0,1.0,-1.2,-0.6,38.0,28.0,10.0,23.0,20.0,3.0,15.0,8.0,7.0,-2.6,77 Renting and leasing of tangible goods,"Renting and leasing of motor vehicles, consumergoods, machines and other tangible goods",17,2024
2340,412700 ,1995JJ00,4757.0,4206.0,551.0,4745.0,,,,21.8,19.3,21.8,13.0,11.5,12.9,,,,,,,218.0,366.0,,,,,,331.0,171.0,160.0,,,,,,,,78 Employment activities,"Employment placement, provision of temporary employment and payrolling",17,1995
2341,412700 ,1996JJ00,5906.0,5135.0,771.0,5872.0,24.2,22.1,23.8,22.3,19.4,22.2,13.1,11.4,13.0,2.4,0.7,2.1,0.6,-1.0,0.3,264.0,452.0,,,,21.2,23.4,402.0,223.0,178.0,,,,,,,21.4,78 Employment activities,"Employment placement, provision of temporary employment and payrolling",17,1996
2342,412700 ,1997JJ00,7028.0,6134.0,894.0,6978.0,19.0,19.5,18.8,23.5,20.5,23.4,13.9,12.2,13.8,5.4,5.8,5.2,6.7,7.1,6.5,299.0,504.0,,,,13.0,11.5,464.0,258.0,206.0,,,,,,,15.5,78 Employment activities,"Employment placement, provision of temporary employment and payrolling",17,1997
2343,412700 ,1998JJ00,8235.0,6613.0,1622.0,8169.0,17.2,7.8,17.1,25.5,20.4,25.3,15.2,12.2,15.0,8.2,-0.5,8.1,8.8,0.1,8.7,323.0,543.0,,,,8.3,7.7,513.0,280.0,233.0,,,,,,,10.6,78 Employment activities,"Employment placement, provision of temporary employment and payrolling",17,1998
2344,412700 ,1999JJ00,8978.0,7122.0,1856.0,8902.0,9.0,7.7,9.0,26.9,21.3,26.7,16.0,12.7,15.8,5.6,4.3,5.6,5.2,3.9,5.1,334.0,563.0,,,,3.2,3.7,526.0,291.0,235.0,,,,,,,2.5,78 Employment activities,"Employment placement, provision of temporary employment and payrolling",17,1999
2345,412700 ,2000JJ00,9531.0,7365.0,2166.0,9449.0,6.2,3.4,6.2,28.6,22.1,28.4,17.1,13.2,16.9,6.5,3.7,6.5,7.1,4.3,7.1,333.0,558.0,,,,-0.3,-0.8,522.0,292.0,230.0,,,,,,,-0.7,78 Employment activities,"Employment placement, provision of temporary employment and payrolling",17,2000
2346,412700 ,2001JJ00,9603.0,7576.0,2027.0,9506.0,0.8,2.9,0.6,30.0,23.7,29.7,17.8,14.1,17.7,4.8,7.0,4.7,4.4,6.6,4.3,320.0,538.0,,,,-3.9,-3.5,501.0,281.0,220.0,,,,,,,-3.9,78 Employment activities,"Employment placement, provision of temporary employment and payrolling",17,2001
2347,412700 ,2002JJ00,9129.0,7274.0,1855.0,9023.0,-4.9,-4.0,-5.1,30.8,24.6,30.5,18.1,14.4,17.8,2.7,3.8,2.6,1.2,2.3,1.1,296.0,506.0,,,,-7.5,-6.1,467.0,264.0,203.0,,,,,,,-6.8,78 Employment activities,"Employment placement, provision of temporary employment and payrolling",17,2002
2348,412700 ,2003JJ00,8699.0,6872.0,1827.0,8605.0,-4.7,-5.5,-4.6,31.7,25.1,31.4,18.5,14.6,18.3,3.0,2.1,3.1,2.4,1.5,2.4,274.0,471.0,,,,-7.5,-6.9,433.0,252.0,181.0,,,,,,,-7.4,78 Employment activities,"Employment placement, provision of temporary employment and payrolling",17,2003
2349,412700 ,2004JJ00,8970.0,7092.0,1878.0,8811.0,3.1,3.2,2.4,32.2,25.5,31.7,18.7,14.8,18.3,1.6,1.6,0.8,1.0,1.1,0.3,278.0,480.0,,,,1.5,2.1,434.0,258.0,176.0,,,,,,,0.2,78 Employment activities,"Employment placement, provision of temporary employment and payrolling",17,2004
2350,412700 ,2005JJ00,9891.0,7905.0,1986.0,9742.0,10.3,11.5,10.6,31.9,25.5,31.4,18.5,14.8,18.3,-1.2,-0.1,-0.9,-0.7,0.4,-0.4,310.0,533.0,,,,11.6,11.1,493.0,294.0,199.0,,,,,,,13.5,78 Employment activities,"Employment placement, provision of temporary employment and payrolling",17,2005
2351,412700 ,2006JJ00,11351.0,9233.0,2118.0,11207.0,14.8,16.8,15.0,31.9,26.0,31.5,18.7,15.2,18.4,0.1,1.9,0.4,0.7,2.5,0.9,356.0,608.0,,,,14.6,14.0,563.0,336.0,227.0,,,,,,,14.3,78 Employment activities,"Employment placement, provision of temporary employment and payrolling",17,2006
2352,412700 ,2007JJ00,13410.0,10916.0,2494.0,13257.0,18.1,18.2,18.3,33.3,27.1,33.0,19.7,16.0,19.4,4.5,4.5,4.6,5.3,5.3,5.4,402.0,682.0,,,,13.1,12.2,630.0,377.0,254.0,,,,,,,12.0,78 Employment activities,"Employment placement, provision of temporary employment and payrolling",17,2007
2353,412700 ,2008JJ00,14334.0,11584.0,2750.0,14180.0,6.9,6.1,7.0,34.3,27.7,33.9,20.0,16.2,19.8,2.8,2.1,2.9,1.7,1.0,1.8,418.0,717.0,,,,3.9,5.1,643.0,386.0,257.0,,,,,,,2.0,78 Employment activities,"Employment placement, provision of temporary employment and payrolling",17,2008
2354,412700 ,2009JJ00,12682.0,10303.0,2379.0,12502.0,-11.5,-11.1,-11.8,35.1,28.5,34.6,20.7,16.8,20.4,2.3,2.8,1.9,3.5,4.1,3.2,362.0,613.0,,,,-13.5,-14.5,574.0,340.0,234.0,,,,,,,-10.8,78 Employment activities,"Employment placement, provision of temporary employment and payrolling",17,2009
2355,412700 ,2010JJ00,12520.0,10078.0,2442.0,12342.0,-1.3,-2.2,-1.3,35.7,28.7,35.2,20.5,16.5,20.2,1.7,0.8,1.7,-0.8,-1.7,-0.8,351.0,610.0,714.0,700.0,14.0,-2.9,-0.5,540.0,332.0,208.0,193.0,141.0,52.0,347.0,191.0,156.0,-5.9,78 Employment activities,"Employment placement, provision of temporary employment and payrolling",17,2010
2356,412700 ,2011JJ00,13451.0,10777.0,2674.0,13278.0,7.4,6.9,7.6,37.0,29.6,36.5,21.0,16.8,20.7,3.7,3.2,3.8,2.1,1.6,2.2,364.0,642.0,742.0,727.0,15.0,3.6,5.2,560.0,350.0,210.0,196.0,146.0,51.0,364.0,205.0,159.0,3.8,78 Employment activities,"Employment placement, provision of temporary employment and payrolling",17,2011
2357,412700 ,2012JJ00,13313.0,10647.0,2666.0,13157.0,-1.0,-1.2,-0.9,37.4,29.9,37.0,21.3,17.0,21.0,1.2,1.0,1.3,1.4,1.2,1.5,356.0,626.0,730.0,715.0,15.0,-2.2,-2.4,550.0,342.0,209.0,186.0,136.0,50.0,365.0,206.0,159.0,-1.8,78 Employment activities,"Employment placement, provision of temporary employment and payrolling",17,2012
2358,412700 ,2013JJ00,13487.0,10803.0,2684.0,13339.0,1.3,1.5,1.4,37.6,30.1,37.2,21.3,17.0,21.0,0.6,0.8,0.7,0.1,0.2,0.2,358.0,634.0,741.0,723.0,18.0,0.7,1.2,552.0,344.0,208.0,185.0,136.0,49.0,367.0,208.0,159.0,0.3,78 Employment activities,"Employment placement, provision of temporary employment and payrolling",17,2013
2359,412700 ,2014JJ00,14530.0,11526.0,3004.0,14393.0,7.7,6.7,7.9,37.9,30.0,37.5,21.3,16.9,21.1,0.6,-0.4,0.7,0.1,-0.9,0.3,384.0,682.0,795.0,776.0,19.0,7.1,7.6,576.0,359.0,217.0,205.0,150.0,55.0,371.0,208.0,163.0,4.4,78 Employment activities,"Employment placement, provision of temporary employment and payrolling",17,2014
2360,412700 ,2015JJ00,16146.0,12884.0,3262.0,16051.0,11.1,11.8,11.5,37.9,30.2,37.7,21.3,17.0,21.2,0.1,0.7,0.5,0.2,0.8,0.6,426.0,756.0,884.0,861.0,22.0,11.0,10.9,637.0,394.0,243.0,216.0,159.0,57.0,421.0,235.0,186.0,10.7,78 Employment activities,"Employment placement, provision of temporary employment and payrolling",17,2015
2361,412700 ,2016JJ00,17983.0,14233.0,3750.0,17876.0,11.4,10.5,11.4,38.5,30.5,38.3,21.7,17.2,21.5,1.6,0.7,1.6,1.5,0.7,1.5,467.0,830.0,968.0,942.0,25.0,9.7,9.7,690.0,423.0,267.0,253.0,184.0,69.0,437.0,238.0,198.0,8.2,78 Employment activities,"Employment placement, provision of temporary employment and payrolling",17,2016
2362,412700 ,2017JJ00,19860.0,15793.0,4067.0,19638.0,10.4,11.0,9.9,38.6,30.7,38.1,21.5,17.1,21.3,0.2,0.7,-0.3,-0.7,-0.2,-1.2,515.0,923.0,1079.0,1050.0,29.0,10.2,11.2,758.0,464.0,294.0,272.0,198.0,74.0,486.0,266.0,220.0,9.9,78 Employment activities,"Employment placement, provision of temporary employment and payrolling",17,2017
2363,412700 ,2018JJ00,21808.0,17272.0,4536.0,21532.0,9.8,9.4,9.6,39.6,31.3,39.1,22.3,17.7,22.0,2.6,2.2,2.4,3.7,3.3,3.5,551.0,978.0,1154.0,1123.0,32.0,7.1,5.9,801.0,487.0,314.0,296.0,213.0,83.0,505.0,274.0,231.0,5.7,78 Employment activities,"Employment placement, provision of temporary employment and payrolling",17,2018
2364,412700 ,2019JJ00,22276.0,17532.0,4744.0,21994.0,2.1,1.5,2.1,40.9,32.2,40.4,23.0,18.1,22.7,3.4,2.8,3.4,2.9,2.3,2.9,545.0,970.0,1141.0,1111.0,30.0,-1.2,-0.8,794.0,480.0,314.0,289.0,206.0,82.0,505.0,274.0,232.0,-0.9,78 Employment activities,"Employment placement, provision of temporary employment and payrolling",17,2019
2365,412700 ,2020JJ00,20320.0,15784.0,4536.0,19249.0,-8.8,-10.0,-12.5,43.3,33.6,41.0,24.2,18.8,22.9,5.8,4.4,1.5,5.3,4.0,1.1,470.0,840.0,988.0,962.0,25.0,-13.8,-13.4,663.0,405.0,258.0,250.0,177.0,73.0,413.0,228.0,186.0,-16.5,78 Employment activities,"Employment placement, provision of temporary employment and payrolling",17,2020
2366,412700 ,2021JJ00,21990.0,17156.0,4834.0,21233.0,8.2,8.7,10.3,43.7,34.1,42.2,24.4,19.1,23.6,1.0,1.4,2.9,1.0,1.4,3.0,503.0,900.0,1053.0,1025.0,28.0,7.2,7.1,706.0,422.0,284.0,270.0,187.0,83.0,435.0,235.0,201.0,6.4,78 Employment activities,"Employment placement, provision of temporary employment and payrolling",17,2021
2367,412700 ,2022JJ00,24205.0,18740.0,5465.0,23895.0,10.1,9.2,12.5,46.5,36.0,45.9,26.1,20.2,25.7,6.3,5.5,8.7,6.7,5.9,9.1,521.0,928.0,1090.0,1062.0,28.0,3.5,3.1,745.0,442.0,303.0,278.0,192.0,86.0,467.0,250.0,217.0,5.5,78 Employment activities,"Employment placement, provision of temporary employment and payrolling",17,2022
2368,412700 ,2023JJ00,24681.0,19163.0,5518.0,24463.0,2.0,2.3,2.4,50.2,38.9,49.7,28.3,22.0,28.0,8.0,8.3,8.4,8.4,8.7,8.8,492.0,873.0,1031.0,1005.0,26.0,-5.5,-5.9,691.0,415.0,276.0,267.0,185.0,82.0,424.0,230.0,194.0,-7.3,78 Employment activities,"Employment placement, provision of temporary employment and payrolling",17,2023
2369,412700 ,2024JJ00,25073.0,19552.0,5521.0,25007.0,1.6,2.0,2.2,53.6,41.8,53.5,30.1,23.5,30.0,6.9,7.4,7.6,6.5,6.9,7.1,468.0,833.0,984.0,960.0,25.0,-5.0,-4.6,655.0,397.0,258.0,252.0,175.0,77.0,403.0,222.0,181.0,-5.2,78 Employment activities,"Employment placement, provision of temporary employment and payrolling",17,2024
2370,413700 ,1995JJ00,399.0,346.0,53.0,399.0,,,,26.3,22.8,26.3,16.6,14.4,16.6,,,,,,,15.0,24.0,,,,,,18.0,6.0,12.0,,,,,,,,"79 Travel agencies, tour operators etc","Travel agencies, tour operators, tourist information and reservation services",17,1995
2371,413700 ,1996JJ00,408.0,357.0,51.0,402.0,2.1,3.0,0.6,26.8,23.4,26.4,17.0,14.8,16.8,1.9,2.8,0.4,2.1,3.0,0.6,15.0,24.0,,,,0.2,0.0,18.0,5.0,13.0,,,,,,,0.0,"79 Travel agencies, tour operators etc","Travel agencies, tour operators, tourist information and reservation services",17,1996
2372,413700 ,1997JJ00,462.0,409.0,53.0,452.0,13.2,14.6,12.4,28.1,24.8,27.5,17.8,15.8,17.5,4.6,6.0,3.9,4.9,6.3,4.2,16.0,26.0,,,,8.2,7.9,20.0,5.0,14.0,,,,,,,9.8,"79 Travel agencies, tour operators etc","Travel agencies, tour operators, tourist information and reservation services",17,1997
2373,413700 ,1998JJ00,490.0,410.0,80.0,474.0,6.0,0.3,4.8,28.6,23.9,27.7,18.3,15.3,17.7,1.9,-3.6,0.8,2.7,-2.8,1.6,17.0,27.0,,,,4.0,3.2,21.0,6.0,15.0,,,,,,,4.2,"79 Travel agencies, tour operators etc","Travel agencies, tour operators, tourist information and reservation services",17,1998
2374,413700 ,1999JJ00,535.0,442.0,93.0,518.0,9.2,7.9,9.3,29.7,24.5,28.7,18.9,15.6,18.3,3.7,2.4,3.8,3.1,1.8,3.2,18.0,28.0,,,,5.3,5.9,22.0,6.0,16.0,,,,,,,5.6,"79 Travel agencies, tour operators etc","Travel agencies, tour operators, tourist information and reservation services",17,1999
2375,413700 ,2000JJ00,593.0,483.0,110.0,577.0,10.8,9.3,11.4,31.2,25.5,30.4,20.2,16.5,19.6,5.3,3.9,5.8,6.8,5.4,7.4,19.0,29.0,,,,5.2,3.8,23.0,6.0,17.0,,,,,,,4.9,"79 Travel agencies, tour operators etc","Travel agencies, tour operators, tourist information and reservation services",17,2000
2376,413700 ,2001JJ00,584.0,483.0,101.0,568.0,-1.6,0.0,-1.6,30.3,25.1,29.4,19.0,15.7,18.5,-3.1,-1.6,-3.2,-5.9,-4.4,-5.9,19.0,31.0,,,,1.6,4.6,24.0,6.0,18.0,,,,,,,6.0,"79 Travel agencies, tour operators etc","Travel agencies, tour operators, tourist information and reservation services",17,2001
2377,413700 ,2002JJ00,627.0,513.0,114.0,609.0,7.3,6.1,7.1,31.9,26.1,30.9,20.1,16.5,19.6,5.3,4.1,5.1,5.9,4.7,5.8,20.0,31.0,,,,1.9,1.3,25.0,6.0,18.0,,,,,,,2.5,"79 Travel agencies, tour operators etc","Travel agencies, tour operators, tourist information and reservation services",17,2002
2378,413700 ,2003JJ00,626.0,512.0,114.0,615.0,-0.1,-0.2,1.0,33.3,27.2,32.7,20.2,16.5,19.8,4.6,4.5,5.8,0.3,0.3,1.5,19.0,31.0,,,,-4.5,-0.5,24.0,6.0,18.0,,,,,,,-2.2,"79 Travel agencies, tour operators etc","Travel agencies, tour operators, tourist information and reservation services",17,2003
2379,413700 ,2004JJ00,626.0,513.0,113.0,616.0,0.0,0.2,0.1,34.1,28.0,33.6,19.8,16.2,19.5,2.4,2.7,2.6,-1.9,-1.7,-1.8,18.0,32.0,,,,-2.4,1.9,24.0,6.0,18.0,,,,,,,-2.0,"79 Travel agencies, tour operators etc","Travel agencies, tour operators, tourist information and reservation services",17,2004
2380,413700 ,2005JJ00,632.0,520.0,112.0,627.0,1.0,1.5,1.9,34.9,28.7,34.6,20.6,16.9,20.4,2.2,2.6,3.0,3.9,4.3,4.7,18.0,31.0,,,,-1.1,-2.7,23.0,6.0,18.0,,,,,,,-1.7,"79 Travel agencies, tour operators etc","Travel agencies, tour operators, tourist information and reservation services",17,2005
2381,413700 ,2006JJ00,640.0,532.0,108.0,639.0,1.4,2.4,2.1,35.0,29.1,35.0,20.6,17.1,20.5,0.5,1.5,1.1,0.0,1.0,0.6,18.0,31.0,,,,0.9,1.4,23.0,6.0,17.0,,,,,,,0.3,"79 Travel agencies, tour operators etc","Travel agencies, tour operators, tourist information and reservation services",17,2006
2382,413700 ,2007JJ00,662.0,552.0,110.0,661.0,3.4,3.7,3.4,36.8,30.7,36.7,21.7,18.1,21.6,4.9,5.2,4.9,5.4,5.7,5.4,18.0,31.0,,,,-1.4,-1.9,23.0,6.0,17.0,,,,,,,-1.7,"79 Travel agencies, tour operators etc","Travel agencies, tour operators, tourist information and reservation services",17,2007
2383,413700 ,2008JJ00,713.0,588.0,125.0,712.0,7.6,6.5,7.6,38.8,32.0,38.7,22.9,18.9,22.9,5.5,4.4,5.6,5.7,4.6,5.7,18.0,31.0,,,,1.9,1.8,23.0,6.0,17.0,,,,,,,1.2,"79 Travel agencies, tour operators etc","Travel agencies, tour operators, tourist information and reservation services",17,2008
2384,413700 ,2009JJ00,670.0,560.0,110.0,668.0,-6.0,-4.8,-6.2,38.4,32.1,38.3,22.4,18.7,22.3,-0.9,0.4,-1.1,-2.2,-0.9,-2.4,17.0,30.0,,,,-5.1,-3.9,22.0,6.0,16.0,,,,,,,-5.1,"79 Travel agencies, tour operators etc","Travel agencies, tour operators, tourist information and reservation services",17,2009
2385,413700 ,2010JJ00,675.0,558.0,117.0,673.0,0.8,-0.4,0.8,40.8,33.8,40.7,23.6,19.5,23.5,6.3,5.1,6.3,5.1,3.9,5.1,17.0,29.0,34.0,34.0,0.0,-5.2,-4.1,21.0,6.0,16.0,11.0,4.0,7.0,11.0,2.0,9.0,-3.7,"79 Travel agencies, tour operators etc","Travel agencies, tour operators, tourist information and reservation services",17,2010
2386,413700 ,2011JJ00,833.0,713.0,120.0,831.0,23.4,27.8,23.5,49.7,42.5,49.5,28.3,24.2,28.2,21.6,25.9,21.7,20.1,24.4,20.2,17.0,29.0,35.0,35.0,0.0,1.5,2.7,22.0,6.0,16.0,11.0,4.0,7.0,11.0,2.0,9.0,1.4,"79 Travel agencies, tour operators etc","Travel agencies, tour operators, tourist information and reservation services",17,2011
2387,413700 ,2012JJ00,761.0,635.0,126.0,756.0,-8.6,-10.9,-9.0,46.0,38.4,45.7,26.4,22.0,26.2,-7.4,-9.7,-7.8,-6.8,-9.1,-7.2,17.0,29.0,34.0,34.0,0.0,-1.3,-1.9,21.0,6.0,15.0,10.0,4.0,6.0,10.0,2.0,9.0,-3.3,"79 Travel agencies, tour operators etc","Travel agencies, tour operators, tourist information and reservation services",17,2012
2388,413700 ,2013JJ00,744.0,618.0,126.0,741.0,-2.2,-2.7,-2.0,47.2,39.3,47.1,27.0,22.4,26.9,2.8,2.3,3.1,2.4,1.9,2.7,16.0,28.0,33.0,33.0,0.0,-4.9,-4.5,20.0,6.0,14.0,10.0,4.0,6.0,10.0,2.0,8.0,-6.0,"79 Travel agencies, tour operators etc","Travel agencies, tour operators, tourist information and reservation services",17,2013
2389,413700 ,2014JJ00,782.0,649.0,133.0,782.0,5.1,5.0,5.5,49.9,41.4,49.9,28.2,23.4,28.2,5.6,5.5,6.1,4.4,4.2,4.8,16.0,28.0,33.0,33.0,0.0,-0.5,0.7,19.0,6.0,14.0,10.0,4.0,6.0,9.0,2.0,8.0,-1.7,"79 Travel agencies, tour operators etc","Travel agencies, tour operators, tourist information and reservation services",17,2014
2390,413700 ,2015JJ00,810.0,673.0,137.0,810.0,3.7,3.8,3.7,48.7,40.5,48.7,27.6,22.9,27.6,-2.4,-2.3,-2.4,-2.1,-2.0,-2.1,17.0,29.0,35.0,35.0,0.0,6.3,6.0,20.0,6.0,14.0,11.0,5.0,6.0,9.0,2.0,8.0,4.4,"79 Travel agencies, tour operators etc","Travel agencies, tour operators, tourist information and reservation services",17,2015
2391,413700 ,2016JJ00,916.0,763.0,153.0,914.0,13.1,13.3,12.9,53.4,44.4,53.3,30.0,25.0,30.0,9.6,9.8,9.4,8.9,9.1,8.7,17.0,31.0,36.0,36.0,0.0,3.2,3.9,21.0,7.0,14.0,12.0,5.0,6.0,9.0,2.0,7.0,2.3,"79 Travel agencies, tour operators etc","Travel agencies, tour operators, tourist information and reservation services",17,2016
2392,413700 ,2017JJ00,1012.0,834.0,178.0,1009.0,10.4,9.3,10.3,55.2,45.4,55.0,31.3,25.8,31.2,3.3,2.2,3.2,4.1,3.0,4.0,18.0,32.0,38.0,38.0,0.0,6.9,6.1,22.0,8.0,14.0,12.0,6.0,7.0,10.0,2.0,8.0,6.3,"79 Travel agencies, tour operators etc","Travel agencies, tour operators, tourist information and reservation services",17,2017
2393,413700 ,2018JJ00,1162.0,962.0,200.0,1159.0,14.8,15.3,14.8,60.7,50.3,60.6,35.5,29.4,35.4,10.1,10.7,10.2,13.7,14.2,13.7,19.0,33.0,39.0,39.0,0.0,4.2,1.0,23.0,8.0,15.0,13.0,6.0,6.0,10.0,2.0,8.0,4.4,"79 Travel agencies, tour operators etc","Travel agencies, tour operators, tourist information and reservation services",17,2018
2394,413700 ,2019JJ00,1282.0,1057.0,225.0,1279.0,10.3,9.9,10.4,66.7,55.0,66.6,38.8,32.0,38.7,9.8,9.4,9.8,9.2,8.8,9.3,19.0,33.0,40.0,39.0,0.0,0.5,1.0,23.0,8.0,15.0,13.0,6.0,6.0,10.0,2.0,8.0,-0.3,"79 Travel agencies, tour operators etc","Travel agencies, tour operators, tourist information and reservation services",17,2019
2395,413700 ,2020JJ00,1240.0,1024.0,216.0,1007.0,-3.2,-3.1,-21.2,72.0,59.4,58.4,44.6,36.8,36.2,7.9,8.0,-12.2,14.8,14.9,-6.6,17.0,28.0,36.0,36.0,1.0,-10.3,-15.7,20.0,7.0,13.0,11.0,6.0,5.0,9.0,2.0,7.0,-10.5,"79 Travel agencies, tour operators etc","Travel agencies, tour operators, tourist information and reservation services",17,2020
2396,413700 ,2021JJ00,1103.0,926.0,177.0,925.0,-11.1,-9.6,-8.2,80.8,67.8,67.7,56.4,47.3,47.3,12.3,14.2,15.9,26.5,28.7,30.6,14.0,20.0,28.0,28.0,0.0,-20.8,-29.8,16.0,6.0,10.0,9.0,5.0,4.0,7.0,1.0,5.0,-21.4,"79 Travel agencies, tour operators etc","Travel agencies, tour operators, tourist information and reservation services",17,2021
2397,413700 ,2022JJ00,1286.0,1078.0,208.0,1269.0,16.7,16.4,37.3,85.4,71.5,84.3,49.6,41.6,49.0,5.7,5.5,24.4,-12.0,-12.2,3.6,15.0,26.0,31.0,31.0,0.0,10.4,32.6,18.0,7.0,10.0,10.0,6.0,5.0,7.0,2.0,6.0,9.8,"79 Travel agencies, tour operators etc","Travel agencies, tour operators, tourist information and reservation services",17,2022
2398,413700 ,2023JJ00,1631.0,1375.0,256.0,1634.0,26.7,27.5,28.7,95.6,80.6,95.8,56.0,47.3,56.1,11.9,12.7,13.6,12.9,13.7,14.7,17.0,29.0,35.0,35.0,0.0,13.2,12.2,20.0,8.0,12.0,12.0,6.0,5.0,8.0,2.0,6.0,12.2,"79 Travel agencies, tour operators etc","Travel agencies, tour operators, tourist information and reservation services",17,2023
2399,413700 ,2024JJ00,2279.0,1588.0,691.0,2276.0,39.9,15.5,39.4,128.4,89.4,128.3,75.0,52.3,74.9,34.3,11.0,33.9,33.9,10.6,33.5,18.0,30.0,37.0,37.0,0.0,4.1,4.4,20.0,9.0,12.0,12.0,7.0,6.0,8.0,2.0,6.0,3.8,"79 Travel agencies, tour operators etc","Travel agencies, tour operators, tourist information and reservation services",17,2024
2400,900011 ,1995JJ00,2548.0,2163.0,385.0,2536.0,,,,22.4,19.0,22.3,13.6,11.6,13.6,,,,,,,114.0,187.0,,,,,,184.0,81.0,103.0,,,,,,,,"80-82 Security, other business services","Security, cleaning and other business services
This category is made up of the categories:
80 Security and investigation 
81 Cleaning activities, gardening etc
82 Other business services",24,1995
2401,900011 ,1996JJ00,2683.0,2308.0,375.0,2647.0,5.3,6.7,4.4,22.6,19.5,22.3,13.6,11.7,13.5,0.8,2.2,-0.1,-0.1,1.3,-0.9,119.0,197.0,,,,4.4,5.3,191.0,84.0,107.0,,,,,,,3.9,"80-82 Security, other business services","Security, cleaning and other business services
This category is made up of the categories:
80 Security and investigation 
81 Cleaning activities, gardening etc
82 Other business services",24,1996
2402,900011 ,1997JJ00,2798.0,2426.0,372.0,2735.0,4.3,5.1,3.3,23.1,20.0,22.5,14.1,12.2,13.8,2.0,2.8,1.0,3.5,4.3,2.6,121.0,198.0,,,,2.3,0.8,195.0,87.0,108.0,,,,,,,2.0,"80-82 Security, other business services","Security, cleaning and other business services
This category is made up of the categories:
80 Security and investigation 
81 Cleaning activities, gardening etc
82 Other business services",24,1997
2403,900011 ,1998JJ00,3050.0,2416.0,634.0,2961.0,9.0,-0.4,8.2,24.2,19.2,23.5,14.8,11.7,14.3,5.1,-4.0,4.3,4.7,-4.3,4.0,126.0,206.0,,,,3.7,4.1,200.0,88.0,112.0,,,,,,,2.6,"80-82 Security, other business services","Security, cleaning and other business services
This category is made up of the categories:
80 Security and investigation 
81 Cleaning activities, gardening etc
82 Other business services",24,1998
2404,900011 ,1999JJ00,3328.0,2624.0,704.0,3223.0,9.1,8.6,8.9,25.3,19.9,24.5,15.4,12.1,14.9,4.4,3.9,4.1,4.0,3.5,3.7,132.0,217.0,,,,4.5,5.0,208.0,94.0,114.0,,,,,,,4.2,"80-82 Security, other business services","Security, cleaning and other business services
This category is made up of the categories:
80 Security and investigation 
81 Cleaning activities, gardening etc
82 Other business services",24,1999
2405,900011 ,2000JJ00,3689.0,2859.0,830.0,3579.0,10.8,9.0,11.0,27.1,21.0,26.3,16.6,12.9,16.1,7.0,5.2,7.2,8.1,6.3,8.3,136.0,222.0,,,,3.6,2.5,216.0,101.0,115.0,,,,,,,3.8,"80-82 Security, other business services","Security, cleaning and other business services
This category is made up of the categories:
80 Security and investigation 
81 Cleaning activities, gardening etc
82 Other business services",24,2000
2406,900011 ,2001JJ00,3892.0,3064.0,828.0,3773.0,5.5,7.2,5.4,28.8,22.7,28.0,17.3,13.6,16.7,6.5,8.2,6.4,3.9,5.6,3.8,135.0,225.0,,,,-0.9,1.5,220.0,104.0,116.0,,,,,,,1.8,"80-82 Security, other business services","Security, cleaning and other business services
This category is made up of the categories:
80 Security and investigation 
81 Cleaning activities, gardening etc
82 Other business services",24,2001
2407,900011 ,2002JJ00,4100.0,3227.0,873.0,3979.0,5.4,5.3,5.5,30.4,23.9,29.5,18.0,14.1,17.4,5.4,5.3,5.5,4.1,4.0,4.2,135.0,228.0,,,,0.0,1.2,221.0,106.0,114.0,,,,,,,0.2,"80-82 Security, other business services","Security, cleaning and other business services
This category is made up of the categories:
80 Security and investigation 
81 Cleaning activities, gardening etc
82 Other business services",24,2002
2408,900011 ,2003JJ00,4260.0,3342.0,918.0,4156.0,3.9,3.6,4.4,31.6,24.8,30.9,17.8,13.9,17.3,4.1,3.8,4.7,-1.1,-1.4,-0.6,135.0,240.0,,,,-0.2,5.0,221.0,107.0,114.0,,,,,,,0.3,"80-82 Security, other business services","Security, cleaning and other business services
This category is made up of the categories:
80 Security and investigation 
81 Cleaning activities, gardening etc
82 Other business services",24,2003
2409,900011 ,2004JJ00,4377.0,3434.0,943.0,4260.0,2.8,2.8,2.5,32.3,25.3,31.4,18.7,14.7,18.2,2.1,2.1,1.9,5.2,5.2,5.0,136.0,234.0,,,,0.7,-2.3,219.0,102.0,117.0,,,,,,,-0.8,"80-82 Security, other business services","Security, cleaning and other business services
This category is made up of the categories:
80 Security and investigation 
81 Cleaning activities, gardening etc
82 Other business services",24,2004
2410,900011 ,2005JJ00,4431.0,3512.0,919.0,4324.0,1.2,2.2,1.5,32.6,25.8,31.8,19.0,15.1,18.5,0.8,1.8,1.1,1.7,2.7,2.0,136.0,233.0,,,,0.4,-0.5,221.0,102.0,119.0,,,,,,,0.7,"80-82 Security, other business services","Security, cleaning and other business services
This category is made up of the categories:
80 Security and investigation 
81 Cleaning activities, gardening etc
82 Other business services",24,2005
2411,900011 ,2006JJ00,4639.0,3720.0,919.0,4539.0,4.7,5.9,5.0,33.1,26.5,32.4,19.5,15.6,19.0,1.7,2.8,1.9,2.4,3.6,2.7,140.0,238.0,,,,3.0,2.3,227.0,106.0,121.0,,,,,,,2.7,"80-82 Security, other business services","Security, cleaning and other business services
This category is made up of the categories:
80 Security and investigation 
81 Cleaning activities, gardening etc
82 Other business services",24,2006
2412,900011 ,2007JJ00,4957.0,3988.0,969.0,4853.0,6.8,7.2,6.9,34.2,27.5,33.5,20.1,16.1,19.7,3.4,3.8,3.5,3.1,3.5,3.2,145.0,247.0,,,,3.3,3.6,233.0,108.0,125.0,,,,,,,2.6,"80-82 Security, other business services","Security, cleaning and other business services
This category is made up of the categories:
80 Security and investigation 
81 Cleaning activities, gardening etc
82 Other business services",24,2007
2413,900011 ,2008JJ00,5359.0,4265.0,1094.0,5252.0,8.1,7.0,8.2,35.9,28.6,35.2,21.1,16.8,20.7,4.8,3.7,5.0,5.1,4.0,5.2,149.0,254.0,,,,3.1,2.9,237.0,111.0,126.0,,,,,,,1.8,"80-82 Security, other business services","Security, cleaning and other business services
This category is made up of the categories:
80 Security and investigation 
81 Cleaning activities, gardening etc
82 Other business services",24,2008
2414,900011 ,2009JJ00,5434.0,4356.0,1078.0,5324.0,1.4,2.1,1.4,36.7,29.4,36.0,21.5,17.2,21.1,2.3,3.0,2.2,1.9,2.6,1.9,148.0,253.0,,,,-0.9,-0.5,235.0,112.0,124.0,,,,,,,-0.7,"80-82 Security, other business services","Security, cleaning and other business services
This category is made up of the categories:
80 Security and investigation 
81 Cleaning activities, gardening etc
82 Other business services",24,2009
2415,900011 ,2010JJ00,5547.0,4411.0,1136.0,5430.0,2.1,1.2,2.0,37.2,29.6,36.4,21.5,17.1,21.0,1.4,0.5,1.3,-0.1,-0.9,-0.2,149.0,258.0,308.0,304.0,4.0,0.7,2.2,235.0,111.0,124.0,85.0,67.0,18.0,150.0,44.0,106.0,-0.1,"80-82 Security, other business services","Security, cleaning and other business services
This category is made up of the categories:
80 Security and investigation 
81 Cleaning activities, gardening etc
82 Other business services",24,2010
2416,900011 ,2011JJ00,5657.0,4478.0,1179.0,5561.0,2.0,1.5,2.4,38.2,30.2,37.5,22.0,17.4,21.6,2.6,2.1,3.0,2.4,2.0,2.9,148.0,257.0,303.0,299.0,4.0,-0.6,-0.5,234.0,110.0,124.0,81.0,65.0,17.0,152.0,45.0,107.0,-0.7,"80-82 Security, other business services","Security, cleaning and other business services
This category is made up of the categories:
80 Security and investigation 
81 Cleaning activities, gardening etc
82 Other business services",24,2011
2417,900011 ,2012JJ00,5819.0,4581.0,1238.0,5739.0,2.9,2.3,3.2,39.4,31.0,38.8,22.9,18.0,22.6,3.2,2.6,3.5,4.0,3.4,4.3,148.0,254.0,303.0,299.0,4.0,-0.3,-1.1,233.0,109.0,123.0,80.0,64.0,16.0,153.0,45.0,107.0,-0.5,"80-82 Security, other business services","Security, cleaning and other business services
This category is made up of the categories:
80 Security and investigation 
81 Cleaning activities, gardening etc
82 Other business services",24,2012
2418,900011 ,2013JJ00,5922.0,4662.0,1260.0,5860.0,1.8,1.8,2.1,40.3,31.8,39.9,23.3,18.4,23.1,2.4,2.4,2.8,2.0,2.0,2.3,147.0,254.0,301.0,297.0,4.0,-0.6,-0.2,230.0,108.0,123.0,78.0,62.0,16.0,152.0,45.0,107.0,-1.0,"80-82 Security, other business services","Security, cleaning and other business services
This category is made up of the categories:
80 Security and investigation 
81 Cleaning activities, gardening etc
82 Other business services",24,2013
2419,900011 ,2014JJ00,5949.0,4645.0,1304.0,5918.0,0.5,-0.4,1.0,41.0,32.0,40.8,23.7,18.5,23.6,1.7,0.9,2.3,1.6,0.8,2.1,145.0,251.0,297.0,293.0,4.0,-1.3,-1.1,229.0,106.0,123.0,74.0,59.0,15.0,155.0,47.0,108.0,-0.6,"80-82 Security, other business services","Security, cleaning and other business services
This category is made up of the categories:
80 Security and investigation 
81 Cleaning activities, gardening etc
82 Other business services",24,2014
2420,900011 ,2015JJ00,6127.0,4818.0,1309.0,6101.0,3.0,3.7,3.1,41.6,32.8,41.5,24.3,19.1,24.2,1.5,2.2,1.6,2.5,3.3,2.6,147.0,252.0,300.0,296.0,4.0,1.5,0.4,232.0,106.0,125.0,73.0,59.0,14.0,158.0,47.0,111.0,1.3,"80-82 Security, other business services","Security, cleaning and other business services
This category is made up of the categories:
80 Security and investigation 
81 Cleaning activities, gardening etc
82 Other business services",24,2015
2421,900011 ,2016JJ00,6331.0,4966.0,1365.0,6301.0,3.4,3.1,3.3,42.2,33.1,42.0,24.7,19.3,24.5,1.2,1.0,1.2,1.5,1.2,1.4,150.0,257.0,305.0,302.0,3.0,2.1,1.8,233.0,107.0,126.0,77.0,62.0,15.0,155.0,44.0,111.0,0.5,"80-82 Security, other business services","Security, cleaning and other business services
This category is made up of the categories:
80 Security and investigation 
81 Cleaning activities, gardening etc
82 Other business services",24,2016
2422,900011 ,2017JJ00,6577.0,5162.0,1415.0,6531.0,3.9,4.0,3.6,43.0,33.8,42.7,25.0,19.7,24.9,2.1,2.2,1.9,1.6,1.6,1.3,153.0,263.0,312.0,309.0,4.0,1.8,2.3,235.0,108.0,128.0,80.0,64.0,15.0,156.0,43.0,112.0,1.0,"80-82 Security, other business services","Security, cleaning and other business services
This category is made up of the categories:
80 Security and investigation 
81 Cleaning activities, gardening etc
82 Other business services",24,2017
2423,900011 ,2018JJ00,6983.0,5430.0,1553.0,6935.0,6.2,5.2,6.2,44.5,34.6,44.2,26.1,20.3,25.9,3.4,2.4,3.4,4.2,3.3,4.3,157.0,268.0,321.0,317.0,3.0,2.7,1.8,237.0,110.0,128.0,83.0,67.0,17.0,154.0,43.0,111.0,0.9,"80-82 Security, other business services","Security, cleaning and other business services
This category is made up of the categories:
80 Security and investigation 
81 Cleaning activities, gardening etc
82 Other business services",24,2018
2424,900011 ,2019JJ00,7362.0,5703.0,1659.0,7317.0,5.4,5.0,5.5,45.7,35.4,45.5,26.7,20.7,26.6,2.8,2.4,2.9,2.3,1.9,2.4,161.0,276.0,329.0,326.0,3.0,2.6,3.0,239.0,111.0,128.0,86.0,68.0,18.0,153.0,43.0,110.0,0.6,"80-82 Security, other business services","Security, cleaning and other business services
This category is made up of the categories:
80 Security and investigation 
81 Cleaning activities, gardening etc
82 Other business services",24,2019
2425,900011 ,2020JJ00,7413.0,5711.0,1702.0,7093.0,0.7,0.2,-3.1,45.9,35.4,43.9,29.1,22.4,27.9,0.4,-0.2,-3.4,9.0,8.5,5.0,162.0,255.0,330.0,327.0,3.0,0.3,-7.7,238.0,111.0,127.0,84.0,66.0,17.0,154.0,44.0,109.0,-0.5,"80-82 Security, other business services","Security, cleaning and other business services
This category is made up of the categories:
80 Security and investigation 
81 Cleaning activities, gardening etc
82 Other business services",24,2020
2426,900011 ,2021JJ00,7745.0,6016.0,1729.0,7495.0,4.5,5.3,5.7,46.7,36.3,45.2,28.0,21.7,27.1,1.9,2.7,3.0,-3.9,-3.1,-2.8,166.0,277.0,339.0,335.0,3.0,2.6,8.7,240.0,113.0,127.0,87.0,69.0,19.0,152.0,44.0,108.0,0.8,"80-82 Security, other business services","Security, cleaning and other business services
This category is made up of the categories:
80 Security and investigation 
81 Cleaning activities, gardening etc
82 Other business services",24,2021
2427,900011 ,2022JJ00,8298.0,6383.0,1915.0,8214.0,7.1,6.1,9.6,48.8,37.5,48.3,28.7,22.1,28.4,4.3,3.3,6.7,2.5,1.5,4.8,170.0,289.0,348.0,345.0,3.0,2.7,4.6,244.0,115.0,129.0,90.0,69.0,21.0,154.0,46.0,108.0,1.8,"80-82 Security, other business services","Security, cleaning and other business services
This category is made up of the categories:
80 Security and investigation 
81 Cleaning activities, gardening etc
82 Other business services",24,2022
2428,900011 ,2023JJ00,8848.0,6807.0,2041.0,8758.0,6.6,6.7,6.6,51.9,40.0,51.4,30.9,23.8,30.6,6.5,6.5,6.5,7.8,7.8,7.8,170.0,286.0,347.0,344.0,3.0,0.1,-1.1,242.0,116.0,126.0,92.0,70.0,22.0,151.0,46.0,104.0,-0.7,"80-82 Security, other business services","Security, cleaning and other business services
This category is made up of the categories:
80 Security and investigation 
81 Cleaning activities, gardening etc
82 Other business services",24,2023
2429,900011 ,2024JJ00,9488.0,7192.0,2296.0,9402.0,7.2,5.7,7.3,56.8,43.1,56.3,33.8,25.6,33.5,9.4,7.8,9.5,9.2,7.6,9.3,167.0,281.0,341.0,338.0,3.0,-2.0,-1.8,232.0,117.0,115.0,91.0,69.0,22.0,141.0,47.0,93.0,-4.4,"80-82 Security, other business services","Security, cleaning and other business services
This category is made up of the categories:
80 Security and investigation 
81 Cleaning activities, gardening etc
82 Other business services",24,2024
2430,300012 ,1995JJ00,46062.0,37712.0,8350.0,46023.0,,,,32.4,26.5,32.4,20.3,16.6,20.2,,,,,,,1421.0,2273.0,,,,,,1826.0,780.0,1046.0,,,,,,,,O-Q Government and care,"Government and care 
This category is made up of the categories: 
O Public administration, public services and compulsory social security 
P Education 
Q Health and social work activities",4,1995
2431,300012 ,1996JJ00,47016.0,38224.0,8792.0,46842.0,2.1,1.4,1.8,33.0,26.8,32.8,20.5,16.7,20.4,1.6,0.9,1.3,1.2,0.5,0.9,1427.0,2292.0,,,,0.4,0.8,1844.0,778.0,1066.0,,,,,,,1.0,O-Q Government and care,"Government and care 
This category is made up of the categories: 
O Public administration, public services and compulsory social security 
P Education 
Q Health and social work activities",4,1996
2432,300012 ,1997JJ00,48882.0,40039.0,8843.0,48607.0,4.0,4.7,3.8,33.6,27.6,33.5,21.1,17.3,20.9,2.1,2.9,1.9,2.7,3.4,2.5,1453.0,2321.0,,,,1.8,1.3,1871.0,784.0,1087.0,,,,,,,1.5,O-Q Government and care,"Government and care 
This category is made up of the categories: 
O Public administration, public services and compulsory social security 
P Education 
Q Health and social work activities",4,1997
2433,300012 ,1998JJ00,51887.0,40633.0,11254.0,51519.0,6.2,1.5,6.0,34.6,27.1,34.3,22.1,17.3,21.9,2.7,-1.8,2.6,5.0,0.4,4.8,1501.0,2347.0,,,,3.3,1.1,1923.0,799.0,1124.0,,,,,,,2.8,O-Q Government and care,"Government and care 
This category is made up of the categories: 
O Public administration, public services and compulsory social security 
P Education 
Q Health and social work activities",4,1998
2434,300012 ,1999JJ00,54842.0,43074.0,11768.0,54488.0,5.7,6.0,5.8,35.9,28.2,35.6,23.0,18.0,22.8,3.8,4.1,3.9,3.8,4.2,3.9,1529.0,2389.0,,,,1.8,1.8,1959.0,796.0,1164.0,,,,,,,1.9,O-Q Government and care,"Government and care 
This category is made up of the categories: 
O Public administration, public services and compulsory social security 
P Education 
Q Health and social work activities",4,1999
2435,300012 ,2000JJ00,58180.0,45723.0,12457.0,57800.0,6.1,6.1,6.1,37.4,29.4,37.2,24.1,19.0,24.0,4.2,4.3,4.2,5.1,5.2,5.1,1556.0,2410.0,,,,1.8,0.9,1997.0,800.0,1197.0,,,,,,,1.9,O-Q Government and care,"Government and care 
This category is made up of the categories: 
O Public administration, public services and compulsory social security 
P Education 
Q Health and social work activities",4,2000
2436,300012 ,2001JJ00,63151.0,49638.0,13513.0,62738.0,8.5,8.6,8.5,39.2,30.8,38.9,25.3,19.9,25.1,4.7,4.7,4.7,4.6,4.7,4.6,1613.0,2500.0,,,,3.7,3.7,2068.0,813.0,1255.0,,,,,,,3.6,O-Q Government and care,"Government and care 
This category is made up of the categories: 
O Public administration, public services and compulsory social security 
P Education 
Q Health and social work activities",4,2001
2437,300012 ,2002JJ00,68876.0,53725.0,15151.0,68392.0,9.1,8.2,9.0,41.0,32.0,40.7,26.3,20.5,26.1,4.6,3.8,4.6,4.1,3.3,4.1,1681.0,2619.0,,,,4.3,4.7,2164.0,826.0,1339.0,,,,,,,4.7,O-Q Government and care,"Government and care 
This category is made up of the categories: 
O Public administration, public services and compulsory social security 
P Education 
Q Health and social work activities",4,2002
2438,300012 ,2003JJ00,73883.0,57283.0,16600.0,73402.0,7.3,6.6,7.3,42.6,33.0,42.3,27.2,21.1,27.0,4.0,3.4,4.1,3.3,2.7,3.4,1734.0,2719.0,,,,3.1,3.8,2243.0,850.0,1392.0,,,,,,,3.6,O-Q Government and care,"Government and care 
This category is made up of the categories: 
O Public administration, public services and compulsory social security 
P Education 
Q Health and social work activities",4,2003
2439,300012 ,2004JJ00,76153.0,57957.0,18196.0,75356.0,3.1,1.2,2.7,44.1,33.6,43.7,28.0,21.3,27.7,3.6,1.7,3.2,2.9,1.1,2.5,1726.0,2722.0,,,,-0.5,0.1,2247.0,832.0,1414.0,,,,,,,0.2,O-Q Government and care,"Government and care 
This category is made up of the categories: 
O Public administration, public services and compulsory social security 
P Education 
Q Health and social work activities",4,2004
2440,300012 ,2005JJ00,77950.0,59065.0,18885.0,77450.0,2.4,1.9,2.8,45.3,34.3,45.0,29.0,21.9,28.8,2.7,2.2,3.1,3.5,3.1,3.9,1720.0,2692.0,,,,-0.3,-1.1,2255.0,818.0,1438.0,,,,,,,0.4,O-Q Government and care,"Government and care 
This category is made up of the categories: 
O Public administration, public services and compulsory social security 
P Education 
Q Health and social work activities",4,2005
2441,300012 ,2006JJ00,80311.0,61603.0,18708.0,79834.0,3.0,4.3,3.1,46.4,35.6,46.1,29.8,22.9,29.6,2.4,3.7,2.5,2.9,4.2,3.0,1731.0,2695.0,,,,0.6,0.1,2268.0,834.0,1435.0,,,,,,,0.6,O-Q Government and care,"Government and care 
This category is made up of the categories: 
O Public administration, public services and compulsory social security 
P Education 
Q Health and social work activities",4,2006
2442,300012 ,2007JJ00,83776.0,64632.0,19144.0,83305.0,4.3,4.9,4.3,47.9,37.0,47.7,30.8,23.7,30.6,3.3,3.9,3.3,3.2,3.8,3.3,1748.0,2723.0,,,,1.0,1.0,2304.0,837.0,1467.0,,,,,,,1.6,O-Q Government and care,"Government and care 
This category is made up of the categories: 
O Public administration, public services and compulsory social security 
P Education 
Q Health and social work activities",4,2007
2443,300012 ,2008JJ00,89051.0,67949.0,21102.0,88577.0,6.3,5.1,6.3,49.8,38.0,49.6,32.0,24.4,31.8,3.9,2.8,4.0,4.0,2.8,4.0,1788.0,2785.0,,,,2.3,2.2,2347.0,841.0,1507.0,,,,,,,1.9,O-Q Government and care,"Government and care 
This category is made up of the categories: 
O Public administration, public services and compulsory social security 
P Education 
Q Health and social work activities",4,2008
2444,300012 ,2009JJ00,93912.0,71896.0,22016.0,93351.0,5.5,5.8,5.4,51.6,39.5,51.2,32.9,25.2,32.7,3.5,3.8,3.4,2.9,3.3,2.9,1822.0,2853.0,,,,1.9,2.4,2398.0,847.0,1550.0,,,,,,,2.1,O-Q Government and care,"Government and care 
This category is made up of the categories: 
O Public administration, public services and compulsory social security 
P Education 
Q Health and social work activities",4,2009
2445,300012 ,2010JJ00,97206.0,74691.0,22515.0,96659.0,3.5,3.9,3.5,52.1,40.0,51.8,33.6,25.8,33.4,1.0,1.4,1.0,2.0,2.3,2.0,1867.0,2896.0,3525.0,3514.0,11.0,2.5,1.5,2473.0,822.0,1651.0,986.0,592.0,394.0,1487.0,229.0,1258.0,3.1,O-Q Government and care,"Government and care 
This category is made up of the categories: 
O Public administration, public services and compulsory social security 
P Education 
Q Health and social work activities",4,2010
2446,300012 ,2011JJ00,98981.0,75705.0,23276.0,98637.0,1.8,1.4,2.0,53.0,40.6,52.9,34.2,26.1,34.1,1.9,1.4,2.1,1.8,1.4,2.0,1866.0,2896.0,3510.0,3500.0,10.0,-0.1,0.0,2494.0,813.0,1681.0,939.0,566.0,374.0,1555.0,247.0,1307.0,0.8,O-Q Government and care,"Government and care 
This category is made up of the categories: 
O Public administration, public services and compulsory social security 
P Education 
Q Health and social work activities",4,2011
2447,300012 ,2012JJ00,100736.0,76537.0,24199.0,100450.0,1.8,1.1,1.8,54.3,41.3,54.2,35.0,26.6,34.9,2.4,1.7,2.5,2.5,1.9,2.6,1855.0,2874.0,3499.0,3490.0,9.0,-0.6,-0.7,2484.0,797.0,1687.0,910.0,548.0,361.0,1574.0,249.0,1325.0,-0.4,O-Q Government and care,"Government and care 
This category is made up of the categories: 
O Public administration, public services and compulsory social security 
P Education 
Q Health and social work activities",4,2012
2448,300012 ,2013JJ00,101512.0,77147.0,24365.0,101768.0,0.8,0.8,1.3,55.4,42.1,55.5,35.7,27.1,35.8,1.9,1.9,2.5,1.8,1.9,2.4,1834.0,2845.0,3466.0,3456.0,10.0,-1.1,-1.0,2449.0,782.0,1668.0,884.0,535.0,349.0,1566.0,247.0,1319.0,-1.4,O-Q Government and care,"Government and care 
This category is made up of the categories: 
O Public administration, public services and compulsory social security 
P Education 
Q Health and social work activities",4,2013
2449,300012 ,2014JJ00,101947.0,76804.0,25143.0,102390.0,0.4,-0.4,0.6,56.2,42.4,56.5,36.1,27.2,36.2,1.6,0.7,1.7,1.1,0.2,1.3,1814.0,2826.0,3424.0,3416.0,8.0,-1.1,-0.6,2412.0,773.0,1639.0,877.0,532.0,345.0,1535.0,241.0,1294.0,-1.5,O-Q Government and care,"Government and care 
This category is made up of the categories: 
O Public administration, public services and compulsory social security 
P Education 
Q Health and social work activities",4,2014
2450,300012 ,2015JJ00,101727.0,77578.0,24149.0,101974.0,-0.2,1.0,-0.4,56.6,43.2,56.8,36.5,27.9,36.6,0.7,1.9,0.5,1.3,2.5,1.1,1797.0,2785.0,3400.0,3392.0,8.0,-0.9,-1.5,2384.0,766.0,1618.0,864.0,526.0,337.0,1521.0,240.0,1281.0,-1.2,O-Q Government and care,"Government and care 
This category is made up of the categories: 
O Public administration, public services and compulsory social security 
P Education 
Q Health and social work activities",4,2015
2451,300012 ,2016JJ00,104170.0,79540.0,24630.0,104412.0,2.4,2.5,2.4,58.2,44.5,58.4,37.3,28.5,37.4,2.8,3.0,2.8,2.2,2.3,2.2,1789.0,2791.0,3397.0,3390.0,7.0,-0.4,0.2,2370.0,755.0,1615.0,846.0,513.0,332.0,1525.0,242.0,1283.0,-0.6,O-Q Government and care,"Government and care 
This category is made up of the categories: 
O Public administration, public services and compulsory social security 
P Education 
Q Health and social work activities",4,2016
2452,300012 ,2017JJ00,106959.0,81311.0,25648.0,107168.0,2.7,2.2,2.6,59.4,45.1,59.5,38.0,28.9,38.1,2.0,1.5,1.9,1.8,1.4,1.8,1801.0,2814.0,3432.0,3425.0,7.0,0.7,0.8,2401.0,755.0,1646.0,836.0,496.0,339.0,1566.0,259.0,1307.0,1.3,O-Q Government and care,"Government and care 
This category is made up of the categories: 
O Public administration, public services and compulsory social security 
P Education 
Q Health and social work activities",4,2017
2453,300012 ,2018JJ00,111701.0,83780.0,27921.0,111931.0,4.4,3.0,4.4,61.0,45.8,61.2,39.0,29.2,39.0,2.8,1.4,2.8,2.5,1.1,2.5,1830.0,2867.0,3519.0,3512.0,7.0,1.6,1.9,2445.0,756.0,1688.0,795.0,483.0,312.0,1650.0,274.0,1376.0,1.8,O-Q Government and care,"Government and care 
This category is made up of the categories: 
O Public administration, public services and compulsory social security 
P Education 
Q Health and social work activities",4,2018
2454,300012 ,2019JJ00,118405.0,88234.0,30171.0,118563.0,6.0,5.3,5.9,62.9,46.9,63.0,40.0,29.8,40.0,3.0,2.4,3.0,2.6,1.9,2.5,1882.0,2963.0,3623.0,3616.0,7.0,2.9,3.4,2514.0,767.0,1747.0,805.0,482.0,322.0,1709.0,285.0,1424.0,2.8,O-Q Government and care,"Government and care 
This category is made up of the categories: 
O Public administration, public services and compulsory social security 
P Education 
Q Health and social work activities",4,2019
2455,300012 ,2020JJ00,126319.0,94907.0,31412.0,124932.0,6.7,7.6,5.4,65.6,49.3,64.9,42.1,31.6,41.6,4.3,5.2,3.1,5.4,6.2,4.1,1925.0,3000.0,3722.0,3715.0,7.0,2.2,1.2,2568.0,773.0,1795.0,807.0,476.0,331.0,1761.0,297.0,1464.0,2.1,O-Q Government and care,"Government and care 
This category is made up of the categories: 
O Public administration, public services and compulsory social security 
P Education 
Q Health and social work activities",4,2020
2456,300012 ,2021JJ00,131077.0,97903.0,33174.0,130544.0,3.8,3.2,4.5,66.0,49.3,65.8,42.0,31.4,41.8,0.6,0.0,1.3,-0.2,-0.8,0.5,1985.0,3120.0,3823.0,3816.0,7.0,3.1,4.0,2639.0,786.0,1853.0,838.0,487.0,351.0,1801.0,299.0,1502.0,2.8,O-Q Government and care,"Government and care 
This category is made up of the categories: 
O Public administration, public services and compulsory social security 
P Education 
Q Health and social work activities",4,2021
2457,300012 ,2022JJ00,140090.0,102930.0,37160.0,140137.0,6.9,5.1,7.3,69.1,50.8,69.1,44.5,32.7,44.5,4.6,2.9,5.1,5.9,4.1,6.3,2027.0,3150.0,3893.0,3886.0,7.0,2.1,1.0,2693.0,798.0,1895.0,854.0,488.0,366.0,1839.0,310.0,1529.0,2.0,O-Q Government and care,"Government and care 
This category is made up of the categories: 
O Public administration, public services and compulsory social security 
P Education 
Q Health and social work activities",4,2022
2458,300012 ,2023JJ00,151231.0,112145.0,39086.0,151364.0,8.0,9.0,8.0,73.1,54.2,73.1,47.3,35.0,47.3,5.7,6.7,5.8,6.3,7.2,6.3,2070.0,3200.0,3980.0,3974.0,6.0,2.1,1.6,2744.0,809.0,1934.0,865.0,492.0,373.0,1878.0,317.0,1561.0,1.9,O-Q Government and care,"Government and care 
This category is made up of the categories: 
O Public administration, public services and compulsory social security 
P Education 
Q Health and social work activities",4,2023
2459,300012 ,2024JJ00,165295.0,123078.0,42217.0,165378.0,9.3,9.7,9.3,78.2,58.2,78.2,50.2,37.4,50.2,7.0,7.5,7.0,6.2,6.7,6.2,2114.0,3292.0,4096.0,4090.0,5.0,2.1,2.9,2801.0,823.0,1978.0,859.0,489.0,371.0,1942.0,335.0,1607.0,2.1,O-Q Government and care,"Government and care 
This category is made up of the categories: 
O Public administration, public services and compulsory social security 
P Education 
Q Health and social work activities",4,2024
2460,417400 ,1995JJ00,18152.0,14091.0,4061.0,18139.0,,,,32.9,25.6,32.9,20.2,15.7,20.2,,,,,,,551.0,899.0,,,,,,598.0,432.0,166.0,,,,,,,,O Public administration and services,"Public administration, public services and compulsory social security",3,1995
2461,417400 ,1996JJ00,18015.0,13997.0,4018.0,17957.0,-0.8,-0.7,-1.0,33.4,26.0,33.3,20.3,15.8,20.3,1.5,1.6,1.3,0.7,0.8,0.4,539.0,886.0,,,,-2.2,-1.4,587.0,421.0,166.0,,,,,,,-1.9,O Public administration and services,"Public administration, public services and compulsory social security",3,1996
2462,417400 ,1997JJ00,18753.0,14712.0,4041.0,18657.0,4.1,5.1,3.9,34.9,27.4,34.7,21.3,16.7,21.2,4.3,5.3,4.1,4.9,5.9,4.7,538.0,880.0,,,,-0.2,-0.8,585.0,417.0,167.0,,,,,,,-0.4,O Public administration and services,"Public administration, public services and compulsory social security",3,1997
2463,417400 ,1998JJ00,19448.0,14773.0,4675.0,19319.0,3.7,0.4,3.6,35.6,27.1,35.4,22.2,16.9,22.1,2.1,-1.1,2.0,4.3,1.0,4.2,546.0,875.0,,,,1.5,-0.6,593.0,421.0,172.0,,,,,,,1.4,O Public administration and services,"Public administration, public services and compulsory social security",3,1998
2464,417400 ,1999JJ00,20522.0,15652.0,4870.0,20416.0,5.5,5.9,5.7,37.2,28.4,37.0,23.2,17.7,23.1,4.4,4.8,4.6,4.5,4.9,4.6,552.0,883.0,,,,1.1,1.0,602.0,418.0,184.0,,,,,,,1.5,O Public administration and services,"Public administration, public services and compulsory social security",3,1999
2465,417400 ,2000JJ00,21893.0,16712.0,5181.0,21781.0,6.7,6.8,6.7,39.3,30.0,39.1,24.7,18.9,24.6,5.6,5.7,5.6,6.5,6.6,6.5,557.0,885.0,,,,1.0,0.2,611.0,417.0,194.0,,,,,,,1.5,O Public administration and services,"Public administration, public services and compulsory social security",3,2000
2466,417400 ,2001JJ00,23691.0,18124.0,5567.0,23583.0,8.2,8.5,8.3,41.5,31.8,41.3,26.1,20.0,26.0,5.7,5.9,5.7,5.6,5.8,5.7,571.0,907.0,,,,2.4,2.5,627.0,420.0,207.0,,,,,,,2.6,O Public administration and services,"Public administration, public services and compulsory social security",3,2001
2467,417400 ,2002JJ00,25485.0,19451.0,6034.0,25356.0,7.6,7.3,7.5,43.7,33.4,43.5,27.3,20.9,27.2,5.3,5.1,5.3,4.7,4.4,4.6,583.0,932.0,,,,2.1,2.8,644.0,423.0,221.0,,,,,,,2.7,O Public administration and services,"Public administration, public services and compulsory social security",3,2002
2468,417400 ,2003JJ00,27007.0,20609.0,6398.0,26866.0,6.0,6.0,6.0,45.6,34.8,45.4,28.3,21.6,28.2,4.4,4.3,4.4,3.5,3.5,3.5,592.0,954.0,,,,1.5,2.4,656.0,434.0,221.0,,,,,,,1.8,O Public administration and services,"Public administration, public services and compulsory social security",3,2003
2469,417400 ,2004JJ00,27446.0,20330.0,7116.0,27196.0,1.6,-1.4,1.2,47.4,35.1,46.9,29.3,21.7,29.1,3.8,0.7,3.4,3.7,0.6,3.3,579.0,936.0,,,,-2.1,-2.0,644.0,424.0,220.0,,,,,,,-1.7,O Public administration and services,"Public administration, public services and compulsory social security",3,2004
2470,417400 ,2005JJ00,27677.0,20408.0,7269.0,27574.0,0.8,0.4,1.4,48.9,36.1,48.8,30.3,22.3,30.2,3.3,2.8,3.9,3.3,2.9,3.9,566.0,913.0,,,,-2.4,-2.4,632.0,416.0,216.0,,,,,,,-1.9,O Public administration and services,"Public administration, public services and compulsory social security",3,2005
2471,417400 ,2006JJ00,28026.0,21162.0,6864.0,27929.0,1.3,3.7,1.3,50.2,37.9,50.0,31.3,23.6,31.2,2.5,4.9,2.5,3.1,5.6,3.2,559.0,896.0,,,,-1.2,-1.8,624.0,411.0,213.0,,,,,,,-1.2,O Public administration and services,"Public administration, public services and compulsory social security",3,2006
2472,417400 ,2007JJ00,29071.0,21824.0,7247.0,28987.0,3.7,3.1,3.8,52.0,39.0,51.8,32.4,24.4,32.4,3.7,3.1,3.7,3.8,3.2,3.9,559.0,896.0,,,,0.0,-0.1,624.0,409.0,215.0,,,,,,,0.0,O Public administration and services,"Public administration, public services and compulsory social security",3,2007
2473,417400 ,2008JJ00,30499.0,22416.0,8083.0,30423.0,4.9,2.7,5.0,54.4,40.0,54.3,33.9,24.9,33.8,4.7,2.5,4.7,4.5,2.3,4.5,560.0,900.0,,,,0.2,0.4,625.0,405.0,220.0,,,,,,,0.2,O Public administration and services,"Public administration, public services and compulsory social security",3,2008
2474,417400 ,2009JJ00,32218.0,23746.0,8472.0,32128.0,5.6,5.9,5.6,56.3,41.5,56.2,34.8,25.7,34.7,3.5,3.8,3.4,2.7,3.0,2.7,572.0,925.0,,,,2.1,2.8,639.0,408.0,230.0,,,,,,,2.2,O Public administration and services,"Public administration, public services and compulsory social security",3,2009
2475,417400 ,2010JJ00,33075.0,24903.0,8172.0,32994.0,2.7,4.9,2.7,56.6,42.6,56.4,35.0,26.3,34.9,0.4,2.6,0.4,0.5,2.6,0.5,585.0,945.0,1122.0,1116.0,6.0,2.2,2.2,652.0,409.0,244.0,438.0,340.0,98.0,214.0,69.0,146.0,2.1,O Public administration and services,"Public administration, public services and compulsory social security",3,2010
2476,417400 ,2011JJ00,32837.0,24483.0,8354.0,32872.0,-0.7,-1.7,-0.4,57.8,43.1,57.9,35.8,26.7,35.9,2.2,1.2,2.6,2.4,1.4,2.8,568.0,916.0,1084.0,1080.0,5.0,-2.9,-3.0,637.0,399.0,238.0,417.0,326.0,91.0,219.0,73.0,146.0,-2.4,O Public administration and services,"Public administration, public services and compulsory social security",3,2011
2477,417400 ,2012JJ00,33204.0,24526.0,8678.0,33270.0,1.1,0.2,1.2,59.5,43.9,59.6,36.9,27.3,37.0,2.8,1.9,2.9,3.1,2.1,3.2,558.0,899.0,1069.0,1064.0,5.0,-1.7,-1.9,627.0,390.0,237.0,405.0,316.0,89.0,222.0,74.0,148.0,-1.5,O Public administration and services,"Public administration, public services and compulsory social security",3,2012
2478,417400 ,2013JJ00,33190.0,24427.0,8763.0,33504.0,0.0,-0.4,0.7,59.9,44.1,60.5,37.1,27.3,37.4,0.8,0.4,1.5,0.5,0.1,1.2,554.0,895.0,1065.0,1060.0,5.0,-0.8,-0.5,620.0,384.0,236.0,395.0,308.0,87.0,226.0,76.0,149.0,-1.1,O Public administration and services,"Public administration, public services and compulsory social security",3,2013
2479,417400 ,2014JJ00,33066.0,24208.0,8858.0,33445.0,-0.4,-0.9,-0.2,60.2,44.1,60.9,37.1,27.1,37.5,0.4,-0.1,0.6,-0.1,-0.6,0.1,549.0,892.0,1054.0,1050.0,4.0,-0.8,-0.3,617.0,382.0,235.0,393.0,305.0,88.0,224.0,77.0,147.0,-0.5,O Public administration and services,"Public administration, public services and compulsory social security",3,2014
2480,417400 ,2015JJ00,32859.0,24284.0,8575.0,33118.0,-0.6,0.3,-1.0,60.7,44.8,61.1,37.8,27.9,38.1,0.8,1.8,0.4,2.0,2.9,1.6,542.0,869.0,1039.0,1036.0,4.0,-1.4,-2.6,609.0,377.0,232.0,389.0,301.0,88.0,220.0,76.0,144.0,-1.4,O Public administration and services,"Public administration, public services and compulsory social security",3,2015
2481,417400 ,2016JJ00,33458.0,24854.0,8604.0,33698.0,1.8,2.3,1.8,63.0,46.8,63.4,39.1,29.1,39.4,3.8,4.3,3.7,3.5,4.0,3.4,531.0,855.0,1021.0,1018.0,3.0,-1.9,-1.6,597.0,366.0,231.0,380.0,292.0,88.0,217.0,75.0,143.0,-1.9,O Public administration and services,"Public administration, public services and compulsory social security",3,2016
2482,417400 ,2017JJ00,34353.0,25369.0,8984.0,34570.0,2.7,2.1,2.6,64.7,47.8,65.1,40.5,29.9,40.7,2.8,2.2,2.7,3.4,2.8,3.3,531.0,849.0,1013.0,1010.0,3.0,-0.1,-0.7,598.0,362.0,236.0,367.0,280.0,87.0,231.0,82.0,148.0,0.1,O Public administration and services,"Public administration, public services and compulsory social security",3,2017
2483,417400 ,2018JJ00,35821.0,25766.0,10055.0,36035.0,4.3,1.6,4.2,67.4,48.4,67.8,41.6,30.0,41.9,4.0,1.3,4.0,2.9,0.2,2.9,532.0,860.0,1030.0,1028.0,3.0,0.2,1.3,600.0,360.0,241.0,363.0,274.0,89.0,237.0,86.0,151.0,0.4,O Public administration and services,"Public administration, public services and compulsory social security",3,2018
2484,417400 ,2019JJ00,37842.0,27268.0,10574.0,37995.0,5.6,5.8,5.4,70.0,50.4,70.3,42.9,30.9,43.1,3.9,4.1,3.7,3.1,3.3,2.9,541.0,881.0,1050.0,1047.0,3.0,1.6,2.4,611.0,362.0,249.0,367.0,273.0,94.0,245.0,89.0,155.0,1.8,O Public administration and services,"Public administration, public services and compulsory social security",3,2019
2485,417400 ,2020JJ00,39533.0,28955.0,10578.0,39692.0,4.5,6.2,4.5,71.9,52.6,72.1,44.0,32.2,44.2,2.6,4.3,2.6,2.4,4.1,2.4,550.0,899.0,1074.0,1071.0,3.0,1.8,2.0,623.0,363.0,260.0,370.0,270.0,100.0,252.0,93.0,160.0,1.8,O Public administration and services,"Public administration, public services and compulsory social security",3,2020
2486,417400 ,2021JJ00,40957.0,29967.0,10990.0,41079.0,3.6,3.5,3.5,72.7,53.2,72.9,44.4,32.5,44.5,1.1,1.0,1.0,1.0,0.9,0.9,564.0,922.0,1095.0,1092.0,3.0,2.5,2.6,635.0,364.0,270.0,386.0,276.0,110.0,248.0,88.0,161.0,1.9,O Public administration and services,"Public administration, public services and compulsory social security",3,2021
2487,417400 ,2022JJ00,44196.0,31923.0,12273.0,44413.0,7.9,6.5,8.1,77.0,55.6,77.4,47.7,34.5,48.0,6.0,4.6,6.2,7.5,6.1,7.7,574.0,926.0,1110.0,1107.0,3.0,1.8,0.4,646.0,365.0,281.0,393.0,275.0,118.0,253.0,90.0,163.0,1.8,O Public administration and services,"Public administration, public services and compulsory social security",3,2022
2488,417400 ,2023JJ00,47837.0,34847.0,12990.0,48107.0,8.2,9.2,8.3,80.5,58.7,81.0,51.0,37.1,51.2,4.6,5.5,4.7,6.7,7.6,6.8,594.0,939.0,1148.0,1145.0,3.0,3.5,1.4,666.0,371.0,295.0,408.0,280.0,128.0,258.0,91.0,167.0,3.1,O Public administration and services,"Public administration, public services and compulsory social security",3,2023
2489,417400 ,2024JJ00,53528.0,39250.0,14278.0,53780.0,11.9,12.6,11.8,86.9,63.7,87.3,54.7,40.1,54.9,7.9,8.6,7.8,7.3,8.0,7.2,616.0,979.0,1198.0,1196.0,3.0,3.7,4.3,690.0,379.0,311.0,422.0,285.0,137.0,268.0,94.0,174.0,3.6,O Public administration and services,"Public administration, public services and compulsory social security",3,2024
2490,417500 ,1995JJ00,18152.0,14091.0,4061.0,18139.0,,,,32.9,25.6,32.9,20.2,15.7,20.2,,,,,,,551.0,899.0,,,,,,598.0,432.0,166.0,,,,,,,,84 Public administration and services,"Public administration, public services and compulsory social security",18,1995
2491,417500 ,1996JJ00,18015.0,13997.0,4018.0,17957.0,-0.8,-0.7,-1.0,33.4,26.0,33.3,20.3,15.8,20.3,1.5,1.6,1.3,0.7,0.8,0.4,539.0,886.0,,,,-2.2,-1.4,587.0,421.0,166.0,,,,,,,-1.9,84 Public administration and services,"Public administration, public services and compulsory social security",18,1996
2492,417500 ,1997JJ00,18753.0,14712.0,4041.0,18657.0,4.1,5.1,3.9,34.9,27.4,34.7,21.3,16.7,21.2,4.3,5.3,4.1,4.9,5.9,4.7,538.0,880.0,,,,-0.2,-0.8,585.0,417.0,167.0,,,,,,,-0.4,84 Public administration and services,"Public administration, public services and compulsory social security",18,1997
2493,417500 ,1998JJ00,19448.0,14773.0,4675.0,19319.0,3.7,0.4,3.6,35.6,27.1,35.4,22.2,16.9,22.1,2.1,-1.1,2.0,4.3,1.0,4.2,546.0,875.0,,,,1.5,-0.6,593.0,421.0,172.0,,,,,,,1.4,84 Public administration and services,"Public administration, public services and compulsory social security",18,1998
2494,417500 ,1999JJ00,20522.0,15652.0,4870.0,20416.0,5.5,5.9,5.7,37.2,28.4,37.0,23.2,17.7,23.1,4.4,4.8,4.6,4.5,4.9,4.6,552.0,883.0,,,,1.1,1.0,602.0,418.0,184.0,,,,,,,1.5,84 Public administration and services,"Public administration, public services and compulsory social security",18,1999
2495,417500 ,2000JJ00,21893.0,16712.0,5181.0,21781.0,6.7,6.8,6.7,39.3,30.0,39.1,24.7,18.9,24.6,5.6,5.7,5.6,6.5,6.6,6.5,557.0,885.0,,,,1.0,0.2,611.0,417.0,194.0,,,,,,,1.5,84 Public administration and services,"Public administration, public services and compulsory social security",18,2000
2496,417500 ,2001JJ00,23691.0,18124.0,5567.0,23583.0,8.2,8.5,8.3,41.5,31.8,41.3,26.1,20.0,26.0,5.7,5.9,5.7,5.6,5.8,5.7,571.0,907.0,,,,2.4,2.5,627.0,420.0,207.0,,,,,,,2.6,84 Public administration and services,"Public administration, public services and compulsory social security",18,2001
2497,417500 ,2002JJ00,25485.0,19451.0,6034.0,25356.0,7.6,7.3,7.5,43.7,33.4,43.5,27.3,20.9,27.2,5.3,5.1,5.3,4.7,4.4,4.6,583.0,932.0,,,,2.1,2.8,644.0,423.0,221.0,,,,,,,2.7,84 Public administration and services,"Public administration, public services and compulsory social security",18,2002
2498,417500 ,2003JJ00,27007.0,20609.0,6398.0,26866.0,6.0,6.0,6.0,45.6,34.8,45.4,28.3,21.6,28.2,4.4,4.3,4.4,3.5,3.5,3.5,592.0,954.0,,,,1.5,2.4,656.0,434.0,221.0,,,,,,,1.8,84 Public administration and services,"Public administration, public services and compulsory social security",18,2003
2499,417500 ,2004JJ00,27446.0,20330.0,7116.0,27196.0,1.6,-1.4,1.2,47.4,35.1,46.9,29.3,21.7,29.1,3.8,0.7,3.4,3.7,0.6,3.3,579.0,936.0,,,,-2.1,-2.0,644.0,424.0,220.0,,,,,,,-1.7,84 Public administration and services,"Public administration, public services and compulsory social security",18,2004
2500,417500 ,2005JJ00,27677.0,20408.0,7269.0,27574.0,0.8,0.4,1.4,48.9,36.1,48.8,30.3,22.3,30.2,3.3,2.8,3.9,3.3,2.9,3.9,566.0,913.0,,,,-2.4,-2.4,632.0,416.0,216.0,,,,,,,-1.9,84 Public administration and services,"Public administration, public services and compulsory social security",18,2005
2501,417500 ,2006JJ00,28026.0,21162.0,6864.0,27929.0,1.3,3.7,1.3,50.2,37.9,50.0,31.3,23.6,31.2,2.5,4.9,2.5,3.1,5.6,3.2,559.0,896.0,,,,-1.2,-1.8,624.0,411.0,213.0,,,,,,,-1.2,84 Public administration and services,"Public administration, public services and compulsory social security",18,2006
2502,417500 ,2007JJ00,29071.0,21824.0,7247.0,28987.0,3.7,3.1,3.8,52.0,39.0,51.8,32.4,24.4,32.4,3.7,3.1,3.7,3.8,3.2,3.9,559.0,896.0,,,,0.0,-0.1,624.0,409.0,215.0,,,,,,,0.0,84 Public administration and services,"Public administration, public services and compulsory social security",18,2007
2503,417500 ,2008JJ00,30499.0,22416.0,8083.0,30423.0,4.9,2.7,5.0,54.4,40.0,54.3,33.9,24.9,33.8,4.7,2.5,4.7,4.5,2.3,4.5,560.0,900.0,,,,0.2,0.4,625.0,405.0,220.0,,,,,,,0.2,84 Public administration and services,"Public administration, public services and compulsory social security",18,2008
2504,417500 ,2009JJ00,32218.0,23746.0,8472.0,32128.0,5.6,5.9,5.6,56.3,41.5,56.2,34.8,25.7,34.7,3.5,3.8,3.4,2.7,3.0,2.7,572.0,925.0,,,,2.1,2.8,639.0,408.0,230.0,,,,,,,2.2,84 Public administration and services,"Public administration, public services and compulsory social security",18,2009
2505,417500 ,2010JJ00,33075.0,24903.0,8172.0,32994.0,2.7,4.9,2.7,56.6,42.6,56.4,35.0,26.3,34.9,0.4,2.6,0.4,0.5,2.6,0.5,585.0,945.0,1122.0,1116.0,6.0,2.2,2.2,652.0,409.0,244.0,438.0,340.0,98.0,214.0,69.0,146.0,2.1,84 Public administration and services,"Public administration, public services and compulsory social security",18,2010
2506,417500 ,2011JJ00,32837.0,24483.0,8354.0,32872.0,-0.7,-1.7,-0.4,57.8,43.1,57.9,35.8,26.7,35.9,2.2,1.2,2.6,2.4,1.4,2.8,568.0,916.0,1084.0,1080.0,5.0,-2.9,-3.0,637.0,399.0,238.0,417.0,326.0,91.0,219.0,73.0,146.0,-2.4,84 Public administration and services,"Public administration, public services and compulsory social security",18,2011
2507,417500 ,2012JJ00,33204.0,24526.0,8678.0,33270.0,1.1,0.2,1.2,59.5,43.9,59.6,36.9,27.3,37.0,2.8,1.9,2.9,3.1,2.1,3.2,558.0,899.0,1069.0,1064.0,5.0,-1.7,-1.9,627.0,390.0,237.0,405.0,316.0,89.0,222.0,74.0,148.0,-1.5,84 Public administration and services,"Public administration, public services and compulsory social security",18,2012
2508,417500 ,2013JJ00,33190.0,24427.0,8763.0,33504.0,0.0,-0.4,0.7,59.9,44.1,60.5,37.1,27.3,37.4,0.8,0.4,1.5,0.5,0.1,1.2,554.0,895.0,1065.0,1060.0,5.0,-0.8,-0.5,620.0,384.0,236.0,395.0,308.0,87.0,226.0,76.0,149.0,-1.1,84 Public administration and services,"Public administration, public services and compulsory social security",18,2013
2509,417500 ,2014JJ00,33066.0,24208.0,8858.0,33445.0,-0.4,-0.9,-0.2,60.2,44.1,60.9,37.1,27.1,37.5,0.4,-0.1,0.6,-0.1,-0.6,0.1,549.0,892.0,1054.0,1050.0,4.0,-0.8,-0.3,617.0,382.0,235.0,393.0,305.0,88.0,224.0,77.0,147.0,-0.5,84 Public administration and services,"Public administration, public services and compulsory social security",18,2014
2510,417500 ,2015JJ00,32859.0,24284.0,8575.0,33118.0,-0.6,0.3,-1.0,60.7,44.8,61.1,37.8,27.9,38.1,0.8,1.8,0.4,2.0,2.9,1.6,542.0,869.0,1039.0,1036.0,4.0,-1.4,-2.6,609.0,377.0,232.0,389.0,301.0,88.0,220.0,76.0,144.0,-1.4,84 Public administration and services,"Public administration, public services and compulsory social security",18,2015
2511,417500 ,2016JJ00,33458.0,24854.0,8604.0,33698.0,1.8,2.3,1.8,63.0,46.8,63.4,39.1,29.1,39.4,3.8,4.3,3.7,3.5,4.0,3.4,531.0,855.0,1021.0,1018.0,3.0,-1.9,-1.6,597.0,366.0,231.0,380.0,292.0,88.0,217.0,75.0,143.0,-1.9,84 Public administration and services,"Public administration, public services and compulsory social security",18,2016
2512,417500 ,2017JJ00,34353.0,25369.0,8984.0,34570.0,2.7,2.1,2.6,64.7,47.8,65.1,40.5,29.9,40.7,2.8,2.2,2.7,3.4,2.8,3.3,531.0,849.0,1013.0,1010.0,3.0,-0.1,-0.7,598.0,362.0,236.0,367.0,280.0,87.0,231.0,82.0,148.0,0.1,84 Public administration and services,"Public administration, public services and compulsory social security",18,2017
2513,417500 ,2018JJ00,35821.0,25766.0,10055.0,36035.0,4.3,1.6,4.2,67.4,48.4,67.8,41.6,30.0,41.9,4.0,1.3,4.0,2.9,0.2,2.9,532.0,860.0,1030.0,1028.0,3.0,0.2,1.3,600.0,360.0,241.0,363.0,274.0,89.0,237.0,86.0,151.0,0.4,84 Public administration and services,"Public administration, public services and compulsory social security",18,2018
2514,417500 ,2019JJ00,37842.0,27268.0,10574.0,37995.0,5.6,5.8,5.4,70.0,50.4,70.3,42.9,30.9,43.1,3.9,4.1,3.7,3.1,3.3,2.9,541.0,881.0,1050.0,1047.0,3.0,1.6,2.4,611.0,362.0,249.0,367.0,273.0,94.0,245.0,89.0,155.0,1.8,84 Public administration and services,"Public administration, public services and compulsory social security",18,2019
2515,417500 ,2020JJ00,39533.0,28955.0,10578.0,39692.0,4.5,6.2,4.5,71.9,52.6,72.1,44.0,32.2,44.2,2.6,4.3,2.6,2.4,4.1,2.4,550.0,899.0,1074.0,1071.0,3.0,1.8,2.0,623.0,363.0,260.0,370.0,270.0,100.0,252.0,93.0,160.0,1.8,84 Public administration and services,"Public administration, public services and compulsory social security",18,2020
2516,417500 ,2021JJ00,40957.0,29967.0,10990.0,41079.0,3.6,3.5,3.5,72.7,53.2,72.9,44.4,32.5,44.5,1.1,1.0,1.0,1.0,0.9,0.9,564.0,922.0,1095.0,1092.0,3.0,2.5,2.6,635.0,364.0,270.0,386.0,276.0,110.0,248.0,88.0,161.0,1.9,84 Public administration and services,"Public administration, public services and compulsory social security",18,2021
2517,417500 ,2022JJ00,44196.0,31923.0,12273.0,44413.0,7.9,6.5,8.1,77.0,55.6,77.4,47.7,34.5,48.0,6.0,4.6,6.2,7.5,6.1,7.7,574.0,926.0,1110.0,1107.0,3.0,1.8,0.4,646.0,365.0,281.0,393.0,275.0,118.0,253.0,90.0,163.0,1.8,84 Public administration and services,"Public administration, public services and compulsory social security",18,2022
2518,417500 ,2023JJ00,47837.0,34847.0,12990.0,48107.0,8.2,9.2,8.3,80.5,58.7,81.0,51.0,37.1,51.2,4.6,5.5,4.7,6.7,7.6,6.8,594.0,939.0,1148.0,1145.0,3.0,3.5,1.4,666.0,371.0,295.0,408.0,280.0,128.0,258.0,91.0,167.0,3.1,84 Public administration and services,"Public administration, public services and compulsory social security",18,2023
2519,417500 ,2024JJ00,53528.0,39250.0,14278.0,53780.0,11.9,12.6,11.8,86.9,63.7,87.3,54.7,40.1,54.9,7.9,8.6,7.8,7.3,8.0,7.2,616.0,979.0,1198.0,1196.0,3.0,3.7,4.3,690.0,379.0,311.0,422.0,285.0,137.0,268.0,94.0,174.0,3.6,84 Public administration and services,"Public administration, public services and compulsory social security",18,2024
2520,419000 ,1995JJ00,11880.0,9686.0,2194.0,11875.0,,,,36.8,30.0,36.8,23.4,19.0,23.3,,,,,,,323.0,509.0,,,,,,428.0,203.0,225.0,,,,,,,,P Education,Education,3,1995
2521,419000 ,1996JJ00,12205.0,9785.0,2420.0,12178.0,2.7,1.0,2.6,37.1,29.7,37.0,23.7,19.0,23.6,0.6,-1.1,0.4,1.3,-0.4,1.2,329.0,516.0,,,,2.1,1.4,435.0,206.0,229.0,,,,,,,1.6,P Education,Education,3,1996
2522,419000 ,1997JJ00,12685.0,10395.0,2290.0,12645.0,3.9,6.2,3.8,38.0,31.1,37.9,24.3,19.9,24.2,2.5,4.8,2.4,2.6,4.9,2.5,334.0,522.0,,,,1.4,1.3,438.0,208.0,230.0,,,,,,,0.6,P Education,Education,3,1997
2523,419000 ,1998JJ00,13409.0,10559.0,2850.0,13355.0,5.7,1.6,5.6,39.1,30.8,38.9,25.1,19.8,25.0,2.9,-1.1,2.8,3.5,-0.5,3.4,343.0,534.0,,,,2.7,2.1,445.0,211.0,234.0,,,,,,,1.7,P Education,Education,3,1998
2524,419000 ,1999JJ00,14076.0,11165.0,2911.0,14025.0,5.0,5.7,5.0,40.3,32.0,40.2,25.9,20.6,25.8,3.2,3.9,3.2,3.1,3.9,3.2,349.0,543.0,,,,1.7,1.8,451.0,206.0,245.0,,,,,,,1.2,P Education,Education,3,1999
2525,419000 ,2000JJ00,14705.0,11685.0,3020.0,14645.0,4.5,4.7,4.4,41.3,32.8,41.2,26.8,21.3,26.7,2.5,2.7,2.4,3.2,3.4,3.2,356.0,549.0,,,,1.9,1.2,461.0,210.0,250.0,,,,,,,2.2,P Education,Education,3,2000
2526,419000 ,2001JJ00,15496.0,12242.0,3254.0,15424.0,5.4,4.8,5.3,42.6,33.7,42.4,27.4,21.7,27.3,3.1,2.5,3.0,2.5,1.9,2.4,364.0,565.0,,,,2.2,2.8,472.0,212.0,261.0,,,,,,,2.6,P Education,Education,3,2001
2527,419000 ,2002JJ00,16659.0,13008.0,3651.0,16568.0,7.5,6.3,7.4,44.4,34.6,44.1,28.3,22.1,28.2,4.1,2.9,4.0,3.3,2.1,3.2,376.0,588.0,,,,3.3,4.1,491.0,214.0,277.0,,,,,,,3.9,P Education,Education,3,2002
2528,419000 ,2003JJ00,17481.0,13500.0,3981.0,17384.0,4.9,3.8,4.9,45.4,35.1,45.2,28.7,22.2,28.5,2.4,1.3,2.4,1.3,0.2,1.3,385.0,609.0,,,,2.5,3.6,505.0,222.0,284.0,,,,,,,3.0,P Education,Education,3,2003
2529,419000 ,2004JJ00,18024.0,13664.0,4360.0,17822.0,3.1,1.2,2.5,47.2,35.8,46.6,29.9,22.6,29.5,3.9,2.0,3.3,4.0,2.1,3.5,382.0,604.0,,,,-0.7,-0.9,503.0,212.0,291.0,,,,,,,-0.5,P Education,Education,3,2004
2530,419000 ,2005JJ00,18500.0,13783.0,4717.0,18362.0,2.6,0.9,3.0,48.9,36.4,48.5,31.2,23.2,30.9,3.6,1.8,4.0,4.3,2.5,4.7,379.0,594.0,,,,-0.9,-1.6,502.0,209.0,294.0,,,,,,,-0.1,P Education,Education,3,2005
2531,419000 ,2006JJ00,19205.0,14505.0,4700.0,19069.0,3.8,5.2,3.8,50.6,38.2,50.3,32.3,24.4,32.1,3.6,5.0,3.6,3.6,5.0,3.7,379.0,595.0,,,,0.2,0.2,503.0,214.0,289.0,,,,,,,0.2,P Education,Education,3,2006
2532,419000 ,2007JJ00,20033.0,15373.0,4660.0,19900.0,4.3,6.0,4.4,52.0,39.9,51.6,33.1,25.4,32.9,2.7,4.3,2.7,2.6,4.3,2.7,385.0,605.0,,,,1.6,1.6,517.0,217.0,300.0,,,,,,,2.7,P Education,Education,3,2007
2533,419000 ,2008JJ00,21555.0,16460.0,5095.0,21422.0,7.6,7.1,7.7,53.9,41.1,53.5,34.2,26.1,34.0,3.6,3.1,3.7,3.2,2.7,3.2,400.0,631.0,,,,3.8,4.3,529.0,221.0,307.0,,,,,,,2.3,P Education,Education,3,2008
2534,419000 ,2009JJ00,22635.0,17559.0,5076.0,22469.0,5.0,6.7,4.9,56.2,43.6,55.8,35.8,27.8,35.5,4.4,6.1,4.3,4.7,6.4,4.6,402.0,632.0,,,,0.6,0.3,534.0,222.0,312.0,,,,,,,1.0,P Education,Education,3,2009
2535,419000 ,2010JJ00,23116.0,17786.0,5330.0,22960.0,2.1,1.3,2.2,57.6,44.3,57.2,37.0,28.5,36.8,2.4,1.6,2.5,3.4,2.6,3.5,401.0,625.0,767.0,766.0,1.0,-0.3,-1.2,534.0,205.0,328.0,208.0,124.0,84.0,325.0,81.0,244.0,0.0,P Education,Education,3,2010
2536,419000 ,2011JJ00,23342.0,17897.0,5445.0,23210.0,1.0,0.6,1.1,59.1,45.3,58.7,37.9,29.0,37.6,2.5,2.2,2.6,2.3,1.9,2.4,395.0,617.0,753.0,753.0,1.0,-1.5,-1.3,535.0,203.0,332.0,190.0,113.0,77.0,345.0,90.0,255.0,0.2,P Education,Education,3,2011
2537,419000 ,2012JJ00,23439.0,17764.0,5675.0,23355.0,0.4,-0.7,0.6,60.2,45.6,60.0,38.8,29.4,38.6,1.9,0.8,2.2,2.4,1.2,2.6,389.0,605.0,745.0,744.0,1.0,-1.5,-1.9,528.0,198.0,330.0,184.0,109.0,75.0,344.0,89.0,255.0,-1.2,P Education,Education,3,2012
2538,419000 ,2013JJ00,23357.0,17682.0,5675.0,23431.0,-0.3,-0.5,0.3,61.2,46.3,61.4,39.6,30.0,39.7,1.6,1.5,2.3,2.2,2.1,2.9,382.0,590.0,729.0,729.0,1.0,-1.9,-2.5,519.0,192.0,327.0,181.0,107.0,74.0,338.0,85.0,253.0,-1.7,P Education,Education,3,2013
2539,419000 ,2014JJ00,23527.0,17651.0,5876.0,23623.0,0.7,-0.2,0.8,61.6,46.2,61.8,39.7,29.8,39.8,0.7,-0.2,0.8,0.2,-0.7,0.3,382.0,593.0,729.0,729.0,1.0,0.1,0.6,517.0,189.0,327.0,186.0,110.0,76.0,331.0,79.0,252.0,-0.5,P Education,Education,3,2014
2540,419000 ,2015JJ00,23828.0,18124.0,5704.0,23899.0,1.3,2.7,1.2,62.0,47.1,62.2,40.1,30.5,40.2,0.7,2.1,0.6,1.0,2.4,0.9,384.0,595.0,735.0,734.0,1.0,0.6,0.3,519.0,187.0,332.0,186.0,109.0,76.0,333.0,78.0,255.0,0.5,P Education,Education,3,2015
2541,419000 ,2016JJ00,24527.0,18789.0,5738.0,24586.0,2.9,3.7,2.9,63.0,48.3,63.2,40.4,31.0,40.5,1.7,2.4,1.6,0.9,1.7,0.9,389.0,607.0,746.0,745.0,1.0,1.3,2.0,524.0,188.0,336.0,187.0,109.0,78.0,337.0,79.0,258.0,1.0,P Education,Education,3,2016
2542,419000 ,2017JJ00,25065.0,18960.0,6105.0,25094.0,2.2,0.9,2.1,64.1,48.5,64.1,41.0,31.0,41.1,1.7,0.4,1.6,1.5,0.2,1.4,391.0,611.0,754.0,753.0,1.0,0.5,0.7,529.0,189.0,340.0,185.0,105.0,81.0,344.0,85.0,259.0,1.0,P Education,Education,3,2017
2543,419000 ,2018JJ00,26210.0,19653.0,6557.0,26253.0,4.6,3.7,4.6,66.1,49.5,66.2,42.3,31.7,42.4,3.1,2.2,3.2,3.1,2.2,3.2,397.0,619.0,768.0,767.0,1.0,1.4,1.4,536.0,190.0,346.0,186.0,104.0,83.0,350.0,86.0,264.0,1.3,P Education,Education,3,2018
2544,419000 ,2019JJ00,27268.0,20183.0,7085.0,27304.0,4.0,2.7,4.0,67.6,50.1,67.7,43.1,31.9,43.2,2.4,1.1,2.3,2.0,0.6,1.9,403.0,632.0,780.0,780.0,1.0,1.6,2.0,545.0,191.0,354.0,189.0,104.0,85.0,356.0,87.0,269.0,1.7,P Education,Education,3,2019
2545,419000 ,2020JJ00,29075.0,21651.0,7424.0,28905.0,6.6,7.3,5.9,71.0,52.9,70.6,45.9,34.2,45.6,5.0,5.7,4.3,6.4,7.0,5.6,409.0,634.0,796.0,795.0,1.0,1.5,0.2,552.0,192.0,361.0,189.0,102.0,87.0,364.0,90.0,274.0,1.3,P Education,Education,3,2020
2546,419000 ,2021JJ00,30269.0,22470.0,7799.0,30138.0,4.1,3.8,4.3,71.2,52.9,70.9,45.0,33.4,44.8,0.3,-0.1,0.4,-1.9,-2.2,-1.8,425.0,672.0,824.0,824.0,1.0,3.8,6.1,573.0,197.0,375.0,197.0,106.0,91.0,375.0,91.0,284.0,3.7,P Education,Education,3,2021
2547,419000 ,2022JJ00,33336.0,24492.0,8844.0,33308.0,10.1,9.0,10.5,75.0,55.1,74.9,47.9,35.2,47.8,5.3,4.2,5.6,6.3,5.2,6.7,445.0,696.0,860.0,859.0,1.0,4.6,3.6,598.0,205.0,394.0,205.0,109.0,96.0,393.0,96.0,297.0,4.5,P Education,Education,3,2022
2548,419000 ,2023JJ00,36172.0,26864.0,9308.0,36180.0,8.5,9.7,8.6,80.2,59.6,80.3,50.8,37.7,50.8,7.0,8.2,7.1,6.1,7.2,6.2,451.0,712.0,878.0,877.0,1.0,1.4,2.3,608.0,206.0,402.0,199.0,108.0,91.0,409.0,98.0,311.0,1.6,P Education,Education,3,2023
2549,419000 ,2024JJ00,38060.0,28359.0,9701.0,38053.0,5.2,5.6,5.2,84.2,62.7,84.2,52.6,39.2,52.6,4.9,5.2,4.9,3.6,4.0,3.6,452.0,723.0,892.0,891.0,1.0,0.3,1.5,610.0,205.0,405.0,184.0,102.0,81.0,426.0,103.0,323.0,0.3,P Education,Education,3,2024
2550,419100 ,1995JJ00,11880.0,9686.0,2194.0,11875.0,,,,36.8,30.0,36.8,23.4,19.0,23.3,,,,,,,323.0,509.0,,,,,,428.0,203.0,225.0,,,,,,,,85 Education,Education,19,1995
2551,419100 ,1996JJ00,12205.0,9785.0,2420.0,12178.0,2.7,1.0,2.6,37.1,29.7,37.0,23.7,19.0,23.6,0.6,-1.1,0.4,1.3,-0.4,1.2,329.0,516.0,,,,2.1,1.4,435.0,206.0,229.0,,,,,,,1.6,85 Education,Education,19,1996
2552,419100 ,1997JJ00,12685.0,10395.0,2290.0,12645.0,3.9,6.2,3.8,38.0,31.1,37.9,24.3,19.9,24.2,2.5,4.8,2.4,2.6,4.9,2.5,334.0,522.0,,,,1.4,1.3,438.0,208.0,230.0,,,,,,,0.6,85 Education,Education,19,1997
2553,419100 ,1998JJ00,13409.0,10559.0,2850.0,13355.0,5.7,1.6,5.6,39.1,30.8,38.9,25.1,19.8,25.0,2.9,-1.1,2.8,3.5,-0.5,3.4,343.0,534.0,,,,2.7,2.1,445.0,211.0,234.0,,,,,,,1.7,85 Education,Education,19,1998
2554,419100 ,1999JJ00,14076.0,11165.0,2911.0,14025.0,5.0,5.7,5.0,40.3,32.0,40.2,25.9,20.6,25.8,3.2,3.9,3.2,3.1,3.9,3.2,349.0,543.0,,,,1.7,1.8,451.0,206.0,245.0,,,,,,,1.2,85 Education,Education,19,1999
2555,419100 ,2000JJ00,14705.0,11685.0,3020.0,14645.0,4.5,4.7,4.4,41.3,32.8,41.2,26.8,21.3,26.7,2.5,2.7,2.4,3.2,3.4,3.2,356.0,549.0,,,,1.9,1.2,461.0,210.0,250.0,,,,,,,2.2,85 Education,Education,19,2000
2556,419100 ,2001JJ00,15496.0,12242.0,3254.0,15424.0,5.4,4.8,5.3,42.6,33.7,42.4,27.4,21.7,27.3,3.1,2.5,3.0,2.5,1.9,2.4,364.0,565.0,,,,2.2,2.8,472.0,212.0,261.0,,,,,,,2.6,85 Education,Education,19,2001
2557,419100 ,2002JJ00,16659.0,13008.0,3651.0,16568.0,7.5,6.3,7.4,44.4,34.6,44.1,28.3,22.1,28.2,4.1,2.9,4.0,3.3,2.1,3.2,376.0,588.0,,,,3.3,4.1,491.0,214.0,277.0,,,,,,,3.9,85 Education,Education,19,2002
2558,419100 ,2003JJ00,17481.0,13500.0,3981.0,17384.0,4.9,3.8,4.9,45.4,35.1,45.2,28.7,22.2,28.5,2.4,1.3,2.4,1.3,0.2,1.3,385.0,609.0,,,,2.5,3.6,505.0,222.0,284.0,,,,,,,3.0,85 Education,Education,19,2003
2559,419100 ,2004JJ00,18024.0,13664.0,4360.0,17822.0,3.1,1.2,2.5,47.2,35.8,46.6,29.9,22.6,29.5,3.9,2.0,3.3,4.0,2.1,3.5,382.0,604.0,,,,-0.7,-0.9,503.0,212.0,291.0,,,,,,,-0.5,85 Education,Education,19,2004
2560,419100 ,2005JJ00,18500.0,13783.0,4717.0,18362.0,2.6,0.9,3.0,48.9,36.4,48.5,31.2,23.2,30.9,3.6,1.8,4.0,4.3,2.5,4.7,379.0,594.0,,,,-0.9,-1.6,502.0,209.0,294.0,,,,,,,-0.1,85 Education,Education,19,2005
2561,419100 ,2006JJ00,19205.0,14505.0,4700.0,19069.0,3.8,5.2,3.8,50.6,38.2,50.3,32.3,24.4,32.1,3.6,5.0,3.6,3.6,5.0,3.7,379.0,595.0,,,,0.2,0.2,503.0,214.0,289.0,,,,,,,0.2,85 Education,Education,19,2006
2562,419100 ,2007JJ00,20033.0,15373.0,4660.0,19900.0,4.3,6.0,4.4,52.0,39.9,51.6,33.1,25.4,32.9,2.7,4.3,2.7,2.6,4.3,2.7,385.0,605.0,,,,1.6,1.6,517.0,217.0,300.0,,,,,,,2.7,85 Education,Education,19,2007
2563,419100 ,2008JJ00,21555.0,16460.0,5095.0,21422.0,7.6,7.1,7.7,53.9,41.1,53.5,34.2,26.1,34.0,3.6,3.1,3.7,3.2,2.7,3.2,400.0,631.0,,,,3.8,4.3,529.0,221.0,307.0,,,,,,,2.3,85 Education,Education,19,2008
2564,419100 ,2009JJ00,22635.0,17559.0,5076.0,22469.0,5.0,6.7,4.9,56.2,43.6,55.8,35.8,27.8,35.5,4.4,6.1,4.3,4.7,6.4,4.6,402.0,632.0,,,,0.6,0.3,534.0,222.0,312.0,,,,,,,1.0,85 Education,Education,19,2009
2565,419100 ,2010JJ00,23116.0,17786.0,5330.0,22960.0,2.1,1.3,2.2,57.6,44.3,57.2,37.0,28.5,36.8,2.4,1.6,2.5,3.4,2.6,3.5,401.0,625.0,767.0,766.0,1.0,-0.3,-1.2,534.0,205.0,328.0,208.0,124.0,84.0,325.0,81.0,244.0,0.0,85 Education,Education,19,2010
2566,419100 ,2011JJ00,23342.0,17897.0,5445.0,23210.0,1.0,0.6,1.1,59.1,45.3,58.7,37.9,29.0,37.6,2.5,2.2,2.6,2.3,1.9,2.4,395.0,617.0,753.0,753.0,1.0,-1.5,-1.3,535.0,203.0,332.0,190.0,113.0,77.0,345.0,90.0,255.0,0.2,85 Education,Education,19,2011
2567,419100 ,2012JJ00,23439.0,17764.0,5675.0,23355.0,0.4,-0.7,0.6,60.2,45.6,60.0,38.8,29.4,38.6,1.9,0.8,2.2,2.4,1.2,2.6,389.0,605.0,745.0,744.0,1.0,-1.5,-1.9,528.0,198.0,330.0,184.0,109.0,75.0,344.0,89.0,255.0,-1.2,85 Education,Education,19,2012
2568,419100 ,2013JJ00,23357.0,17682.0,5675.0,23431.0,-0.3,-0.5,0.3,61.2,46.3,61.4,39.6,30.0,39.7,1.6,1.5,2.3,2.2,2.1,2.9,382.0,590.0,729.0,729.0,1.0,-1.9,-2.5,519.0,192.0,327.0,181.0,107.0,74.0,338.0,85.0,253.0,-1.7,85 Education,Education,19,2013
2569,419100 ,2014JJ00,23527.0,17651.0,5876.0,23623.0,0.7,-0.2,0.8,61.6,46.2,61.8,39.7,29.8,39.8,0.7,-0.2,0.8,0.2,-0.7,0.3,382.0,593.0,729.0,729.0,1.0,0.1,0.6,517.0,189.0,327.0,186.0,110.0,76.0,331.0,79.0,252.0,-0.5,85 Education,Education,19,2014
2570,419100 ,2015JJ00,23828.0,18124.0,5704.0,23899.0,1.3,2.7,1.2,62.0,47.1,62.2,40.1,30.5,40.2,0.7,2.1,0.6,1.0,2.4,0.9,384.0,595.0,735.0,734.0,1.0,0.6,0.3,519.0,187.0,332.0,186.0,109.0,76.0,333.0,78.0,255.0,0.5,85 Education,Education,19,2015
2571,419100 ,2016JJ00,24527.0,18789.0,5738.0,24586.0,2.9,3.7,2.9,63.0,48.3,63.2,40.4,31.0,40.5,1.7,2.4,1.6,0.9,1.7,0.9,389.0,607.0,746.0,745.0,1.0,1.3,2.0,524.0,188.0,336.0,187.0,109.0,78.0,337.0,79.0,258.0,1.0,85 Education,Education,19,2016
2572,419100 ,2017JJ00,25065.0,18960.0,6105.0,25094.0,2.2,0.9,2.1,64.1,48.5,64.1,41.0,31.0,41.1,1.7,0.4,1.6,1.5,0.2,1.4,391.0,611.0,754.0,753.0,1.0,0.5,0.7,529.0,189.0,340.0,185.0,105.0,81.0,344.0,85.0,259.0,1.0,85 Education,Education,19,2017
2573,419100 ,2018JJ00,26210.0,19653.0,6557.0,26253.0,4.6,3.7,4.6,66.1,49.5,66.2,42.3,31.7,42.4,3.1,2.2,3.2,3.1,2.2,3.2,397.0,619.0,768.0,767.0,1.0,1.4,1.4,536.0,190.0,346.0,186.0,104.0,83.0,350.0,86.0,264.0,1.3,85 Education,Education,19,2018
2574,419100 ,2019JJ00,27268.0,20183.0,7085.0,27304.0,4.0,2.7,4.0,67.6,50.1,67.7,43.1,31.9,43.2,2.4,1.1,2.3,2.0,0.6,1.9,403.0,632.0,780.0,780.0,1.0,1.6,2.0,545.0,191.0,354.0,189.0,104.0,85.0,356.0,87.0,269.0,1.7,85 Education,Education,19,2019
2575,419100 ,2020JJ00,29075.0,21651.0,7424.0,28905.0,6.6,7.3,5.9,71.0,52.9,70.6,45.9,34.2,45.6,5.0,5.7,4.3,6.4,7.0,5.6,409.0,634.0,796.0,795.0,1.0,1.5,0.2,552.0,192.0,361.0,189.0,102.0,87.0,364.0,90.0,274.0,1.3,85 Education,Education,19,2020
2576,419100 ,2021JJ00,30269.0,22470.0,7799.0,30138.0,4.1,3.8,4.3,71.2,52.9,70.9,45.0,33.4,44.8,0.3,-0.1,0.4,-1.9,-2.2,-1.8,425.0,672.0,824.0,824.0,1.0,3.8,6.1,573.0,197.0,375.0,197.0,106.0,91.0,375.0,91.0,284.0,3.7,85 Education,Education,19,2021
2577,419100 ,2022JJ00,33336.0,24492.0,8844.0,33308.0,10.1,9.0,10.5,75.0,55.1,74.9,47.9,35.2,47.8,5.3,4.2,5.6,6.3,5.2,6.7,445.0,696.0,860.0,859.0,1.0,4.6,3.6,598.0,205.0,394.0,205.0,109.0,96.0,393.0,96.0,297.0,4.5,85 Education,Education,19,2022
2578,419100 ,2023JJ00,36172.0,26864.0,9308.0,36180.0,8.5,9.7,8.6,80.2,59.6,80.3,50.8,37.7,50.8,7.0,8.2,7.1,6.1,7.2,6.2,451.0,712.0,878.0,877.0,1.0,1.4,2.3,608.0,206.0,402.0,199.0,108.0,91.0,409.0,98.0,311.0,1.6,85 Education,Education,19,2023
2579,419100 ,2024JJ00,38060.0,28359.0,9701.0,38053.0,5.2,5.6,5.2,84.2,62.7,84.2,52.6,39.2,52.6,4.9,5.2,4.9,3.6,4.0,3.6,452.0,723.0,892.0,891.0,1.0,0.3,1.5,610.0,205.0,405.0,184.0,102.0,81.0,426.0,103.0,323.0,0.3,85 Education,Education,19,2024
2580,422400 ,1995JJ00,16030.0,13935.0,2095.0,16009.0,,,,29.3,25.5,29.3,18.5,16.1,18.5,,,,,,,547.0,865.0,,,,,,799.0,144.0,655.0,,,,,,,,Q Health and social work activities,Human health and social work activities,3,1995
2581,422400 ,1996JJ00,16796.0,14442.0,2354.0,16707.0,4.8,3.6,4.4,30.1,25.9,29.9,18.9,16.2,18.8,2.6,1.5,2.2,1.9,0.7,1.4,559.0,890.0,,,,2.1,2.9,822.0,151.0,671.0,,,,,,,2.8,Q Health and social work activities,Human health and social work activities,3,1996
2582,422400 ,1997JJ00,17444.0,14932.0,2512.0,17305.0,3.9,3.4,3.6,30.0,25.7,29.8,19.0,16.3,18.8,-0.2,-0.6,-0.5,0.6,0.2,0.3,581.0,919.0,,,,4.1,3.2,848.0,158.0,690.0,,,,,,,3.2,Q Health and social work activities,Human health and social work activities,3,1997
2583,422400 ,1998JJ00,19030.0,15301.0,3729.0,18845.0,9.1,2.5,8.9,31.1,25.0,30.8,20.3,16.3,20.1,3.5,-2.7,3.4,6.7,0.3,6.5,612.0,939.0,,,,5.4,2.2,884.0,167.0,718.0,,,,,,,4.3,Q Health and social work activities,Human health and social work activities,3,1998
2584,422400 ,1999JJ00,20244.0,16257.0,3987.0,20047.0,6.4,6.2,6.4,32.2,25.9,31.9,21.0,16.9,20.8,3.8,3.7,3.8,3.8,3.7,3.8,628.0,963.0,,,,2.5,2.5,906.0,171.0,735.0,,,,,,,2.5,Q Health and social work activities,Human health and social work activities,3,1999
2585,422400 ,2000JJ00,21582.0,17326.0,4256.0,21374.0,6.6,6.6,6.6,33.6,27.0,33.3,22.1,17.8,21.9,4.2,4.1,4.2,5.2,5.1,5.2,643.0,976.0,,,,2.4,1.4,925.0,173.0,752.0,,,,,,,2.0,Q Health and social work activities,Human health and social work activities,3,2000
2586,422400 ,2001JJ00,23964.0,19272.0,4692.0,23731.0,11.0,11.2,11.0,35.3,28.4,35.0,23.3,18.7,23.1,5.2,5.3,5.2,5.4,5.6,5.4,678.0,1028.0,,,,5.6,5.4,968.0,181.0,787.0,,,,,,,4.7,Q Health and social work activities,Human health and social work activities,3,2001
2587,422400 ,2002JJ00,26732.0,21266.0,5466.0,26468.0,11.6,10.4,11.5,37.0,29.4,36.6,24.3,19.4,24.1,4.7,3.5,4.7,4.4,3.3,4.4,723.0,1099.0,,,,6.6,6.8,1030.0,189.0,841.0,,,,,,,6.4,Q Health and social work activities,Human health and social work activities,3,2002
2588,422400 ,2003JJ00,29395.0,23174.0,6221.0,29152.0,10.0,9.0,10.1,38.8,30.6,38.5,25.4,20.1,25.2,4.9,4.0,5.1,4.6,3.6,4.7,758.0,1155.0,,,,4.8,5.2,1082.0,195.0,887.0,,,,,,,5.1,Q Health and social work activities,Human health and social work activities,3,2003
2589,422400 ,2004JJ00,30683.0,23963.0,6720.0,30338.0,4.4,3.4,4.1,40.1,31.4,39.7,25.9,20.3,25.7,3.5,2.5,3.2,2.0,1.0,1.7,764.0,1183.0,,,,0.9,2.4,1100.0,196.0,904.0,,,,,,,1.6,Q Health and social work activities,Human health and social work activities,3,2004
2590,422400 ,2005JJ00,31773.0,24874.0,6899.0,31514.0,3.6,3.8,3.9,40.9,32.1,40.6,26.8,21.0,26.6,2.0,2.2,2.3,3.4,3.6,3.7,776.0,1185.0,,,,1.6,0.2,1121.0,193.0,928.0,,,,,,,1.9,Q Health and social work activities,Human health and social work activities,3,2005
2591,422400 ,2006JJ00,33080.0,25936.0,7144.0,32836.0,4.1,4.3,4.2,41.8,32.7,41.4,27.5,21.5,27.3,2.0,2.1,2.1,2.5,2.6,2.6,792.0,1204.0,,,,2.1,1.6,1141.0,209.0,932.0,,,,,,,1.8,Q Health and social work activities,Human health and social work activities,3,2006
2592,422400 ,2007JJ00,34672.0,27435.0,7237.0,34418.0,4.8,5.8,4.8,43.2,34.2,42.9,28.4,22.4,28.1,3.4,4.4,3.4,3.2,4.1,3.2,803.0,1223.0,,,,1.4,1.6,1163.0,211.0,952.0,,,,,,,1.9,Q Health and social work activities,Human health and social work activities,3,2007
2593,422400 ,2008JJ00,36997.0,29073.0,7924.0,36732.0,6.7,6.0,6.7,44.7,35.2,44.4,29.5,23.2,29.3,3.6,2.9,3.6,4.0,3.3,4.0,827.0,1254.0,,,,3.0,2.6,1194.0,214.0,980.0,,,,,,,2.6,Q Health and social work activities,Human health and social work activities,3,2008
2594,422400 ,2009JJ00,39059.0,30591.0,8468.0,38754.0,5.6,5.2,5.5,46.1,36.1,45.7,30.2,23.6,29.9,3.1,2.7,3.0,2.3,1.9,2.2,847.0,1295.0,,,,2.4,3.2,1225.0,218.0,1008.0,,,,,,,2.6,Q Health and social work activities,Human health and social work activities,3,2009
2595,422400 ,2010JJ00,41015.0,32002.0,9013.0,40705.0,5.0,4.6,5.0,46.5,36.3,46.2,30.9,24.1,30.7,1.0,0.6,1.0,2.6,2.2,2.6,881.0,1326.0,1636.0,1632.0,4.0,4.0,2.4,1287.0,208.0,1079.0,340.0,128.0,211.0,947.0,79.0,868.0,5.0,Q Health and social work activities,Human health and social work activities,3,2010
2596,422400 ,2011JJ00,42802.0,33325.0,9477.0,42555.0,4.4,4.1,4.5,47.4,36.9,47.1,31.4,24.5,31.2,1.8,1.6,2.0,1.5,1.3,1.7,903.0,1363.0,1672.0,1668.0,4.0,2.5,2.8,1322.0,211.0,1112.0,332.0,126.0,205.0,990.0,84.0,906.0,2.7,Q Health and social work activities,Human health and social work activities,3,2011
2597,422400 ,2012JJ00,44093.0,34247.0,9846.0,43825.0,3.0,2.8,3.0,48.6,37.8,48.3,32.2,25.0,32.0,2.6,2.3,2.5,2.4,2.2,2.4,907.0,1371.0,1685.0,1681.0,4.0,0.5,0.6,1328.0,208.0,1120.0,321.0,123.0,198.0,1008.0,85.0,922.0,0.5,Q Health and social work activities,Human health and social work activities,3,2012
2598,422400 ,2013JJ00,44965.0,35038.0,9927.0,44833.0,2.0,2.3,2.3,50.1,39.0,49.9,33.1,25.8,33.0,3.0,3.3,3.3,2.8,3.1,3.1,898.0,1360.0,1672.0,1668.0,4.0,-1.0,-0.8,1310.0,206.0,1104.0,308.0,120.0,188.0,1002.0,86.0,917.0,-1.4,Q Health and social work activities,Human health and social work activities,3,2013
2599,422400 ,2014JJ00,45354.0,34945.0,10409.0,45322.0,0.9,-0.3,1.1,51.4,39.6,51.4,33.8,26.1,33.8,2.7,1.6,3.0,2.3,1.1,2.5,882.0,1341.0,1640.0,1637.0,3.0,-1.8,-1.4,1278.0,202.0,1076.0,298.0,117.0,181.0,980.0,85.0,895.0,-2.4,Q Health and social work activities,Human health and social work activities,3,2014
2600,422400 ,2015JJ00,45040.0,35170.0,9870.0,44957.0,-0.7,0.6,-0.8,51.7,40.4,51.6,34.1,26.6,34.0,0.6,1.9,0.5,0.8,2.2,0.7,871.0,1321.0,1626.0,1622.0,3.0,-1.3,-1.5,1256.0,201.0,1055.0,289.0,116.0,173.0,967.0,86.0,882.0,-1.7,Q Health and social work activities,Human health and social work activities,3,2015
2601,422400 ,2016JJ00,46185.0,35897.0,10288.0,46128.0,2.5,2.1,2.6,53.2,41.3,53.1,34.7,27.0,34.7,2.8,2.3,2.9,1.9,1.5,2.0,868.0,1329.0,1630.0,1627.0,3.0,-0.3,0.6,1249.0,201.0,1048.0,279.0,113.0,166.0,970.0,88.0,882.0,-0.6,Q Health and social work activities,Human health and social work activities,3,2016
2602,422400 ,2017JJ00,47541.0,36982.0,10559.0,47504.0,2.9,3.0,3.0,54.1,42.0,54.0,35.1,27.3,35.1,1.6,1.7,1.7,1.0,1.1,1.1,880.0,1354.0,1666.0,1662.0,4.0,1.3,1.9,1275.0,204.0,1071.0,283.0,112.0,171.0,991.0,92.0,899.0,2.0,Q Health and social work activities,Human health and social work activities,3,2017
2603,422400 ,2018JJ00,49670.0,38361.0,11309.0,49643.0,4.5,3.7,4.5,55.1,42.6,55.1,35.8,27.7,35.8,2.0,1.2,2.0,2.0,1.3,2.0,901.0,1387.0,1721.0,1717.0,4.0,2.5,2.4,1308.0,207.0,1101.0,245.0,105.0,140.0,1063.0,102.0,961.0,2.6,Q Health and social work activities,Human health and social work activities,3,2018
2604,422400 ,2019JJ00,53295.0,40783.0,12512.0,53264.0,7.3,6.3,7.3,56.8,43.4,56.7,36.8,28.1,36.7,3.0,2.1,3.0,2.7,1.7,2.7,939.0,1450.0,1793.0,1790.0,3.0,4.2,4.5,1358.0,214.0,1144.0,250.0,106.0,144.0,1108.0,108.0,1000.0,3.8,Q Health and social work activities,Human health and social work activities,3,2019
2605,422400 ,2020JJ00,57711.0,44301.0,13410.0,56335.0,8.3,8.6,5.8,59.8,45.9,58.4,39.3,30.2,38.4,5.3,5.7,2.9,7.0,7.3,4.5,965.0,1467.0,1852.0,1849.0,4.0,2.8,1.2,1393.0,218.0,1175.0,248.0,104.0,144.0,1145.0,114.0,1031.0,2.6,Q Health and social work activities,Human health and social work activities,3,2020
2606,422400 ,2021JJ00,59851.0,45466.0,14385.0,59327.0,3.7,2.6,5.3,60.1,45.7,59.6,39.2,29.8,38.9,0.5,-0.5,2.1,-0.2,-1.3,1.3,996.0,1525.0,1903.0,1900.0,4.0,3.2,3.9,1432.0,225.0,1207.0,255.0,105.0,150.0,1177.0,120.0,1057.0,2.8,Q Health and social work activities,Human health and social work activities,3,2021
2607,422400 ,2022JJ00,62558.0,46515.0,16043.0,62416.0,4.5,2.3,5.2,62.0,46.1,61.9,41.0,30.5,40.9,3.2,1.0,3.9,4.4,2.2,5.0,1009.0,1527.0,1923.0,1920.0,3.0,1.3,0.2,1448.0,228.0,1221.0,256.0,104.0,152.0,1193.0,124.0,1069.0,1.2,Q Health and social work activities,Human health and social work activities,3,2022
2608,422400 ,2023JJ00,67222.0,50434.0,16788.0,67077.0,7.5,8.4,7.5,65.6,49.2,65.4,43.4,32.6,43.3,5.7,6.7,5.7,6.0,6.9,6.0,1025.0,1549.0,1954.0,1951.0,2.0,1.6,1.4,1470.0,232.0,1237.0,258.0,104.0,154.0,1212.0,129.0,1083.0,1.5,Q Health and social work activities,Human health and social work activities,3,2023
2609,422400 ,2024JJ00,73707.0,55469.0,18238.0,73545.0,9.6,10.0,9.6,70.5,53.0,70.3,46.4,34.9,46.3,7.5,7.8,7.5,6.8,7.1,6.8,1046.0,1590.0,2006.0,2004.0,2.0,2.0,2.7,1501.0,239.0,1262.0,253.0,102.0,152.0,1248.0,138.0,1110.0,2.1,Q Health and social work activities,Human health and social work activities,3,2024
2610,422500 ,1995JJ00,7565.0,6610.0,955.0,7549.0,,,,34.8,30.4,34.8,20.2,17.6,20.1,,,,,,,217.0,375.0,,,,,,322.0,81.0,241.0,,,,,,,,86 Human health activities,Human health activities,20,1995
2611,422500 ,1996JJ00,7870.0,6808.0,1062.0,7820.0,4.0,3.0,3.6,35.4,30.6,35.2,20.3,17.6,20.2,1.6,0.6,1.2,0.9,-0.1,0.5,222.0,387.0,,,,2.4,3.1,331.0,84.0,247.0,,,,,,,2.9,86 Human health activities,Human health activities,20,1996
2612,422500 ,1997JJ00,8175.0,7034.0,1141.0,8094.0,3.9,3.3,3.5,35.3,30.3,34.9,20.4,17.6,20.2,-0.3,-0.9,-0.7,0.5,-0.1,0.1,232.0,400.0,,,,4.2,3.4,343.0,89.0,254.0,,,,,,,3.3,86 Human health activities,Human health activities,20,1997
2613,422500 ,1998JJ00,9069.0,7330.0,1739.0,8960.0,10.9,4.2,10.7,37.1,30.0,36.7,22.2,17.9,21.9,5.3,-1.1,5.1,8.6,2.0,8.3,244.0,409.0,,,,5.3,2.2,357.0,93.0,264.0,,,,,,,4.3,86 Human health activities,Human health activities,20,1998
2614,422500 ,1999JJ00,9636.0,7800.0,1836.0,9514.0,6.3,6.4,6.2,38.6,31.2,38.1,23.0,18.6,22.7,3.8,4.0,3.8,3.8,4.0,3.8,250.0,418.0,,,,2.3,2.3,366.0,96.0,270.0,,,,,,,2.5,86 Human health activities,Human health activities,20,1999
2615,422500 ,2000JJ00,10248.0,8287.0,1961.0,10122.0,6.3,6.2,6.4,40.1,32.4,39.6,24.2,19.6,23.9,4.0,3.9,4.0,5.0,4.9,5.0,256.0,424.0,,,,2.3,1.3,373.0,97.0,277.0,,,,,,,1.9,86 Human health activities,Human health activities,20,2000
2616,422500 ,2001JJ00,11446.0,9337.0,2109.0,11306.0,11.7,12.7,11.7,39.8,32.5,39.3,25.7,20.9,25.3,-0.7,0.1,-0.7,6.1,7.0,6.1,288.0,446.0,,,,12.5,5.3,391.0,101.0,289.0,,,,,,,4.6,86 Human health activities,Human health activities,20,2001
2617,422500 ,2002JJ00,12802.0,10339.0,2463.0,12652.0,11.9,10.7,11.9,41.9,33.9,41.5,26.9,21.7,26.5,5.4,4.3,5.4,4.7,3.6,4.7,305.0,477.0,,,,6.1,6.9,407.0,104.0,303.0,,,,,,,4.1,86 Human health activities,Human health activities,20,2002
2618,422500 ,2003JJ00,14198.0,11347.0,2851.0,14066.0,10.9,9.7,11.2,44.3,35.4,43.9,28.2,22.6,28.0,5.7,4.6,5.9,5.1,4.0,5.4,320.0,503.0,,,,5.0,5.5,428.0,109.0,319.0,,,,,,,5.3,86 Human health activities,Human health activities,20,2003
2619,422500 ,2004JJ00,14983.0,11821.0,3162.0,14805.0,5.5,4.2,5.3,46.3,36.5,45.7,29.2,23.0,28.8,4.4,3.0,4.1,3.4,2.1,3.1,324.0,513.0,,,,1.1,2.1,435.0,109.0,326.0,,,,,,,1.6,86 Human health activities,Human health activities,20,2004
2620,422500 ,2005JJ00,15705.0,12435.0,3270.0,15562.0,4.8,5.2,5.1,47.4,37.6,47.0,30.3,24.0,30.0,2.6,2.9,2.8,3.8,4.1,4.1,331.0,519.0,,,,2.2,1.0,445.0,108.0,337.0,,,,,,,2.3,86 Human health activities,Human health activities,20,2005
2621,422500 ,2006JJ00,16320.0,12930.0,3390.0,16188.0,3.9,4.0,4.0,48.4,38.4,48.1,31.1,24.6,30.8,2.1,2.2,2.2,2.7,2.7,2.8,337.0,525.0,,,,1.8,1.2,451.0,117.0,335.0,,,,,,,1.3,86 Human health activities,Human health activities,20,2006
2622,422500 ,2007JJ00,17186.0,13722.0,3464.0,17052.0,5.3,6.1,5.3,50.2,40.1,49.8,32.2,25.7,31.9,3.6,4.4,3.7,3.4,4.2,3.5,342.0,534.0,,,,1.6,1.8,462.0,119.0,343.0,,,,,,,2.3,86 Human health activities,Human health activities,20,2007
2623,422500 ,2008JJ00,18235.0,14535.0,3700.0,18099.0,6.1,5.9,6.1,52.0,41.4,51.6,33.3,26.6,33.1,3.5,3.3,3.5,3.7,3.5,3.7,351.0,547.0,,,,2.5,2.4,472.0,121.0,351.0,,,,,,,2.2,86 Human health activities,Human health activities,20,2008
2624,422500 ,2009JJ00,19358.0,15352.0,4006.0,19205.0,6.2,5.6,6.1,53.6,42.5,53.2,34.1,27.0,33.8,3.2,2.7,3.2,2.3,1.8,2.2,361.0,568.0,,,,2.8,3.8,484.0,123.0,361.0,,,,,,,2.6,86 Human health activities,Human health activities,20,2009
2625,422500 ,2010JJ00,19963.0,15798.0,4165.0,19806.0,3.1,2.9,3.1,54.3,43.0,53.9,34.6,27.3,34.3,1.3,1.1,1.3,1.4,1.1,1.4,368.0,578.0,698.0,695.0,2.0,1.8,1.7,496.0,113.0,383.0,168.0,77.0,91.0,328.0,36.0,292.0,2.4,86 Human health activities,Human health activities,20,2010
2626,422500 ,2011JJ00,21105.0,16637.0,4468.0,20982.0,5.7,5.3,5.9,55.5,43.8,55.2,35.4,27.9,35.2,2.2,1.8,2.4,2.3,1.9,2.5,380.0,597.0,719.0,716.0,2.0,3.5,3.3,514.0,116.0,398.0,168.0,78.0,90.0,346.0,38.0,308.0,3.7,86 Human health activities,Human health activities,20,2011
2627,422500 ,2012JJ00,21903.0,17195.0,4708.0,21793.0,3.8,3.4,3.9,57.1,44.8,56.8,36.5,28.6,36.3,2.8,2.4,2.9,3.2,2.7,3.2,384.0,600.0,728.0,726.0,2.0,0.9,0.6,518.0,115.0,403.0,166.0,76.0,90.0,352.0,39.0,313.0,0.8,86 Human health activities,Human health activities,20,2012
2628,422500 ,2013JJ00,22543.0,17783.0,4760.0,22508.0,2.9,3.4,3.3,58.5,46.2,58.4,37.3,29.4,37.2,2.5,3.0,2.9,2.2,2.7,2.6,385.0,605.0,732.0,730.0,2.0,0.4,0.7,518.0,114.0,404.0,163.0,75.0,88.0,355.0,39.0,316.0,0.0,86 Human health activities,Human health activities,20,2013
2629,422500 ,2014JJ00,23027.0,17970.0,5057.0,23019.0,2.2,1.1,2.3,59.7,46.6,59.7,37.9,29.6,37.9,2.0,1.0,2.2,1.8,0.7,1.9,386.0,607.0,732.0,730.0,2.0,0.1,0.4,519.0,113.0,406.0,160.0,74.0,86.0,360.0,40.0,320.0,0.2,86 Human health activities,Human health activities,20,2014
2630,422500 ,2015JJ00,23150.0,18354.0,4796.0,23117.0,0.5,2.1,0.4,60.0,47.6,59.9,38.2,30.3,38.1,0.5,2.1,0.4,0.7,2.3,0.6,386.0,606.0,734.0,732.0,2.0,0.0,-0.1,517.0,114.0,402.0,158.0,74.0,84.0,359.0,40.0,319.0,-0.5,86 Human health activities,Human health activities,20,2015
2631,422500 ,2016JJ00,23804.0,18802.0,5002.0,23790.0,2.8,2.4,2.9,61.3,48.4,61.3,38.8,30.7,38.8,2.1,1.8,2.2,1.7,1.3,1.8,388.0,613.0,741.0,739.0,2.0,0.7,1.1,520.0,114.0,406.0,156.0,73.0,83.0,364.0,41.0,323.0,0.6,86 Human health activities,Human health activities,20,2016
2632,422500 ,2017JJ00,24272.0,19169.0,5103.0,24261.0,2.0,2.0,2.0,61.8,48.8,61.8,39.1,30.9,39.1,0.9,0.8,0.9,0.7,0.7,0.7,393.0,620.0,750.0,749.0,2.0,1.1,1.2,528.0,115.0,413.0,154.0,72.0,83.0,374.0,43.0,330.0,1.5,86 Human health activities,Human health activities,20,2017
2633,422500 ,2018JJ00,25538.0,20015.0,5523.0,25537.0,5.2,4.4,5.3,63.1,49.5,63.1,40.0,31.4,40.0,2.1,1.3,2.1,2.3,1.6,2.4,405.0,638.0,778.0,776.0,2.0,3.1,2.8,544.0,117.0,427.0,149.0,70.0,78.0,395.0,47.0,349.0,3.0,86 Human health activities,Human health activities,20,2018
2634,422500 ,2019JJ00,26636.0,20706.0,5930.0,26628.0,4.3,3.4,4.3,65.0,50.6,65.0,41.0,31.9,41.0,3.0,2.2,3.0,2.5,1.6,2.4,410.0,649.0,789.0,787.0,2.0,1.2,1.8,550.0,118.0,432.0,148.0,70.0,78.0,402.0,48.0,354.0,1.1,86 Human health activities,Human health activities,20,2019
2635,422500 ,2020JJ00,29267.0,22839.0,6428.0,28391.0,9.9,10.3,6.6,69.1,53.9,67.1,44.1,34.4,42.8,6.3,6.7,3.2,7.4,7.9,4.3,423.0,664.0,819.0,817.0,2.0,3.4,2.3,569.0,119.0,449.0,149.0,69.0,80.0,420.0,50.0,370.0,3.4,86 Human health activities,Human health activities,20,2020
2636,422500 ,2021JJ00,29914.0,23068.0,6846.0,29619.0,2.2,1.0,4.3,69.7,53.8,69.0,44.1,34.0,43.7,0.8,-0.3,2.9,0.0,-1.1,2.1,429.0,678.0,828.0,826.0,2.0,1.4,2.2,573.0,121.0,452.0,150.0,69.0,81.0,423.0,52.0,370.0,0.7,86 Human health activities,Human health activities,20,2021
2637,422500 ,2022JJ00,31259.0,23598.0,7661.0,31181.0,4.5,2.3,5.3,71.4,53.9,71.2,45.8,34.6,45.7,2.4,0.2,3.2,3.9,1.7,4.7,438.0,682.0,842.0,840.0,2.0,2.1,0.6,586.0,123.0,463.0,149.0,68.0,81.0,436.0,55.0,382.0,2.2,86 Human health activities,Human health activities,20,2022
2638,422500 ,2023JJ00,33581.0,25592.0,7989.0,33501.0,7.4,8.5,7.4,75.5,57.5,75.3,48.5,37.0,48.4,5.7,6.8,5.8,5.9,6.9,5.9,445.0,692.0,855.0,854.0,1.0,1.6,1.4,593.0,123.0,470.0,149.0,67.0,82.0,444.0,56.0,388.0,1.3,86 Human health activities,Human health activities,20,2023
2639,422500 ,2024JJ00,36523.0,27937.0,8586.0,36430.0,8.8,9.2,8.7,81.2,62.1,81.0,51.8,39.6,51.6,7.6,8.0,7.6,6.6,7.0,6.6,450.0,706.0,871.0,870.0,1.0,1.1,2.0,598.0,125.0,473.0,145.0,65.0,81.0,452.0,60.0,393.0,0.8,86 Human health activities,Human health activities,20,2024
2640,425305 ,1995JJ00,8465.0,7325.0,1140.0,8460.0,,,,25.7,22.2,25.7,17.3,15.0,17.3,,,,,,,330.0,490.0,,,,,,477.0,64.0,414.0,,,,,,,,87-88 Care and social work,"Care and social work 
This category is made up of the categories: 
87 Residential care and guidance 
88 Social work activities without accommodation",24,1995
2641,425305 ,1996JJ00,8926.0,7634.0,1292.0,8887.0,5.5,4.2,5.1,26.6,22.7,26.4,17.7,15.2,17.7,3.4,2.2,3.0,2.7,1.5,2.3,336.0,503.0,,,,2.0,2.7,490.0,66.0,424.0,,,,,,,2.7,87-88 Care and social work,"Care and social work 
This category is made up of the categories: 
87 Residential care and guidance 
88 Social work activities without accommodation",24,1996
2642,425305 ,1997JJ00,9269.0,7898.0,1371.0,9211.0,3.8,3.4,3.6,26.5,22.6,26.4,17.9,15.2,17.8,-0.1,-0.5,-0.3,0.7,0.3,0.5,349.0,519.0,,,,3.9,3.1,505.0,70.0,436.0,,,,,,,3.1,87-88 Care and social work,"Care and social work 
This category is made up of the categories: 
87 Residential care and guidance 
88 Social work activities without accommodation",24,1997
2643,425305 ,1998JJ00,9961.0,7971.0,1990.0,9885.0,7.5,0.9,7.3,27.1,21.7,26.8,18.8,15.0,18.6,2.0,-4.2,1.8,5.1,-1.3,5.0,368.0,530.0,,,,5.4,2.2,527.0,73.0,453.0,,,,,,,4.2,87-88 Care and social work,"Care and social work 
This category is made up of the categories: 
87 Residential care and guidance 
88 Social work activities without accommodation",24,1998
2644,425305 ,1999JJ00,10608.0,8457.0,2151.0,10533.0,6.5,6.1,6.5,28.1,22.4,27.9,19.5,15.5,19.4,3.8,3.4,3.8,3.8,3.4,3.8,378.0,544.0,,,,2.6,2.6,540.0,76.0,464.0,,,,,,,2.5,87-88 Care and social work,"Care and social work 
This category is made up of the categories: 
87 Residential care and guidance 
88 Social work activities without accommodation",24,1999
2645,425305 ,2000JJ00,11334.0,9039.0,2295.0,11252.0,6.9,6.9,6.8,29.3,23.4,29.1,20.5,16.4,20.4,4.3,4.4,4.3,5.3,5.4,5.3,387.0,552.0,,,,2.4,1.4,551.0,76.0,475.0,,,,,,,2.1,87-88 Care and social work,"Care and social work 
This category is made up of the categories: 
87 Residential care and guidance 
88 Social work activities without accommodation",24,2000
2646,425305 ,2001JJ00,12518.0,9935.0,2583.0,12425.0,10.4,9.9,10.4,32.0,25.4,31.8,21.5,17.1,21.3,9.3,8.8,9.3,4.7,4.2,4.7,391.0,582.0,,,,1.0,5.4,578.0,80.0,498.0,,,,,,,4.7,87-88 Care and social work,"Care and social work 
This category is made up of the categories: 
87 Residential care and guidance 
88 Social work activities without accommodation",24,2001
2647,425305 ,2002JJ00,13930.0,10927.0,3003.0,13816.0,11.3,10.0,11.2,33.3,26.1,33.1,22.4,17.6,22.2,4.1,2.9,4.0,4.2,3.0,4.1,418.0,622.0,,,,6.9,6.8,623.0,85.0,538.0,,,,,,,7.9,87-88 Care and social work,"Care and social work 
This category is made up of the categories: 
87 Residential care and guidance 
88 Social work activities without accommodation",24,2002
2648,425305 ,2003JJ00,15197.0,11827.0,3370.0,15086.0,9.1,8.2,9.2,34.8,27.0,34.5,23.3,18.1,23.1,4.3,3.4,4.3,4.0,3.2,4.1,437.0,652.0,,,,4.6,4.9,654.0,86.0,568.0,,,,,,,4.9,87-88 Care and social work,"Care and social work 
This category is made up of the categories: 
87 Residential care and guidance 
88 Social work activities without accommodation",24,2003
2649,425305 ,2004JJ00,15700.0,12142.0,3558.0,15533.0,3.3,2.7,3.0,35.7,27.6,35.3,23.5,18.1,23.2,2.6,2.0,2.3,0.7,0.0,0.3,440.0,669.0,,,,0.7,2.6,664.0,87.0,578.0,,,,,,,1.6,87-88 Care and social work,"Care and social work 
This category is made up of the categories: 
87 Residential care and guidance 
88 Social work activities without accommodation",24,2004
2650,425305 ,2005JJ00,16068.0,12439.0,3629.0,15952.0,2.3,2.4,2.7,36.1,27.9,35.8,24.1,18.7,23.9,1.3,1.4,1.6,2.8,2.9,3.2,445.0,666.0,,,,1.1,-0.4,676.0,85.0,591.0,,,,,,,1.7,87-88 Care and social work,"Care and social work 
This category is made up of the categories: 
87 Residential care and guidance 
88 Social work activities without accommodation",24,2005
2651,425305 ,2006JJ00,16760.0,13006.0,3754.0,16648.0,4.3,4.6,4.4,36.8,28.6,36.6,24.7,19.2,24.5,1.9,2.2,2.0,2.4,2.6,2.5,455.0,679.0,,,,2.3,1.9,690.0,92.0,598.0,,,,,,,2.0,87-88 Care and social work,"Care and social work 
This category is made up of the categories: 
87 Residential care and guidance 
88 Social work activities without accommodation",24,2006
2652,425305 ,2007JJ00,17486.0,13713.0,3773.0,17366.0,4.3,5.4,4.3,37.9,29.8,37.7,25.4,19.9,25.2,3.1,4.2,3.1,2.9,4.0,2.9,461.0,688.0,,,,1.2,1.4,702.0,92.0,609.0,,,,,,,1.7,87-88 Care and social work,"Care and social work 
This category is made up of the categories: 
87 Residential care and guidance 
88 Social work activities without accommodation",24,2007
2653,425305 ,2008JJ00,18762.0,14538.0,4224.0,18633.0,7.3,6.0,7.3,39.4,30.5,39.1,26.5,20.6,26.3,3.8,2.6,3.8,4.4,3.2,4.4,476.0,707.0,,,,3.3,2.7,722.0,93.0,628.0,,,,,,,2.9,87-88 Care and social work,"Care and social work 
This category is made up of the categories: 
87 Residential care and guidance 
88 Social work activities without accommodation",24,2008
2654,425305 ,2009JJ00,19701.0,15239.0,4462.0,19549.0,5.0,4.8,4.9,40.5,31.3,40.2,27.1,21.0,26.9,2.8,2.6,2.7,2.1,1.9,2.0,486.0,727.0,,,,2.1,2.8,741.0,94.0,647.0,,,,,,,2.7,87-88 Care and social work,"Care and social work 
This category is made up of the categories: 
87 Residential care and guidance 
88 Social work activities without accommodation",24,2009
2655,425305 ,2010JJ00,21052.0,16204.0,4848.0,20899.0,6.9,6.3,6.9,41.0,31.5,40.7,28.1,21.7,27.9,1.2,0.7,1.2,3.9,3.4,3.9,514.0,748.0,939.0,937.0,2.0,5.6,2.9,791.0,95.0,696.0,172.0,51.0,120.0,619.0,43.0,576.0,6.8,87-88 Care and social work,"Care and social work 
This category is made up of the categories: 
87 Residential care and guidance 
88 Social work activities without accommodation",24,2010
2656,425305 ,2011JJ00,21697.0,16688.0,5009.0,21573.0,3.1,3.0,3.2,41.5,31.9,41.3,28.3,21.8,28.2,1.3,1.2,1.5,0.7,0.6,0.8,523.0,766.0,954.0,952.0,2.0,1.7,2.4,808.0,94.0,714.0,164.0,49.0,115.0,644.0,46.0,598.0,2.2,87-88 Care and social work,"Care and social work 
This category is made up of the categories: 
87 Residential care and guidance 
88 Social work activities without accommodation",24,2011
2657,425305 ,2012JJ00,22190.0,17052.0,5138.0,22032.0,2.3,2.2,2.1,42.4,32.6,42.1,28.8,22.1,28.6,2.2,2.1,2.0,1.7,1.6,1.6,523.0,770.0,957.0,955.0,2.0,0.1,0.5,810.0,93.0,717.0,155.0,47.0,108.0,655.0,46.0,609.0,0.2,87-88 Care and social work,"Care and social work 
This category is made up of the categories: 
87 Residential care and guidance 
88 Social work activities without accommodation",24,2012
2658,425305 ,2013JJ00,22422.0,17255.0,5167.0,22325.0,1.0,1.2,1.3,43.7,33.6,43.5,29.7,22.8,29.5,3.0,3.2,3.3,3.0,3.1,3.3,513.0,756.0,939.0,937.0,2.0,-1.9,-1.9,791.0,91.0,700.0,145.0,45.0,100.0,647.0,47.0,600.0,-2.3,87-88 Care and social work,"Care and social work 
This category is made up of the categories: 
87 Residential care and guidance 
88 Social work activities without accommodation",24,2013
2659,425305 ,2014JJ00,22327.0,16975.0,5352.0,22303.0,-0.4,-1.6,-0.1,45.0,34.2,44.9,30.4,23.1,30.4,2.9,1.7,3.3,2.5,1.2,2.8,496.0,734.0,909.0,907.0,2.0,-3.3,-2.8,759.0,88.0,670.0,139.0,43.0,96.0,620.0,45.0,575.0,-4.1,87-88 Care and social work,"Care and social work 
This category is made up of the categories: 
87 Residential care and guidance 
88 Social work activities without accommodation",24,2014
2660,425305 ,2015JJ00,21890.0,16816.0,5074.0,21840.0,-2.0,-0.9,-2.1,45.1,34.7,45.0,30.6,23.5,30.5,0.3,1.4,0.2,0.7,1.7,0.5,485.0,715.0,892.0,890.0,2.0,-2.3,-2.6,739.0,87.0,652.0,131.0,41.0,89.0,608.0,46.0,563.0,-2.6,87-88 Care and social work,"Care and social work 
This category is made up of the categories: 
87 Residential care and guidance 
88 Social work activities without accommodation",24,2015
2661,425305 ,2016JJ00,22381.0,17095.0,5286.0,22338.0,2.2,1.7,2.3,46.6,35.6,46.5,31.2,23.9,31.2,3.3,2.7,3.3,2.1,1.5,2.1,480.0,717.0,890.0,888.0,2.0,-1.0,0.2,729.0,86.0,643.0,123.0,40.0,83.0,606.0,47.0,560.0,-1.3,87-88 Care and social work,"Care and social work 
This category is made up of the categories: 
87 Residential care and guidance 
88 Social work activities without accommodation",24,2016
2662,425305 ,2017JJ00,23269.0,17813.0,5456.0,23243.0,4.0,4.2,4.1,47.8,36.6,47.7,31.7,24.3,31.7,2.5,2.7,2.6,1.5,1.7,1.6,487.0,734.0,915.0,914.0,2.0,1.4,2.4,747.0,89.0,658.0,129.0,40.0,89.0,618.0,49.0,569.0,2.4,87-88 Care and social work,"Care and social work 
This category is made up of the categories: 
87 Residential care and guidance 
88 Social work activities without accommodation",24,2017
2663,425305 ,2018JJ00,24132.0,18346.0,5786.0,24106.0,3.7,3.0,3.7,48.6,36.9,48.5,32.2,24.5,32.2,1.7,1.0,1.7,1.6,0.9,1.6,497.0,749.0,943.0,941.0,2.0,2.0,2.1,764.0,90.0,674.0,97.0,35.0,62.0,668.0,56.0,612.0,2.4,87-88 Care and social work,"Care and social work 
This category is made up of the categories: 
87 Residential care and guidance 
88 Social work activities without accommodation",24,2018
2664,425305 ,2019JJ00,26659.0,20077.0,6582.0,26636.0,10.5,9.4,10.5,50.4,37.9,50.3,33.3,25.1,33.3,3.7,2.7,3.7,3.4,2.4,3.4,529.0,801.0,1005.0,1003.0,2.0,6.5,6.8,808.0,96.0,712.0,102.0,36.0,66.0,706.0,61.0,646.0,5.7,87-88 Care and social work,"Care and social work 
This category is made up of the categories: 
87 Residential care and guidance 
88 Social work activities without accommodation",24,2019
2665,425305 ,2020JJ00,28444.0,21462.0,6982.0,27944.0,6.7,6.9,4.9,52.5,39.6,51.6,35.4,26.7,34.8,4.2,4.4,2.5,6.3,6.5,4.5,542.0,803.0,1034.0,1032.0,2.0,2.4,0.3,825.0,99.0,725.0,100.0,35.0,64.0,725.0,64.0,661.0,2.0,87-88 Care and social work,"Care and social work 
This category is made up of the categories: 
87 Residential care and guidance 
88 Social work activities without accommodation",24,2020
2666,425305 ,2021JJ00,29937.0,22398.0,7539.0,29708.0,5.3,4.4,6.3,52.8,39.5,52.4,35.4,26.5,35.1,0.6,-0.2,1.6,-0.1,-1.0,0.9,567.0,847.0,1076.0,1074.0,2.0,4.6,5.4,859.0,104.0,755.0,105.0,36.0,69.0,754.0,67.0,687.0,4.2,87-88 Care and social work,"Care and social work 
This category is made up of the categories: 
87 Residential care and guidance 
88 Social work activities without accommodation",24,2021
2667,425305 ,2022JJ00,31299.0,22917.0,8382.0,31235.0,4.5,2.3,5.1,54.8,40.2,54.7,37.0,27.1,37.0,3.8,1.6,4.4,4.7,2.5,5.3,571.0,845.0,1081.0,1079.0,2.0,0.7,-0.2,863.0,105.0,758.0,106.0,36.0,70.0,756.0,69.0,687.0,0.4,87-88 Care and social work,"Care and social work 
This category is made up of the categories: 
87 Residential care and guidance 
88 Social work activities without accommodation",24,2022
2668,425305 ,2023JJ00,33641.0,24842.0,8799.0,33576.0,7.5,8.4,7.5,58.0,42.8,57.9,39.3,29.0,39.2,5.7,6.6,5.7,6.0,6.9,6.0,580.0,857.0,1098.0,1097.0,1.0,1.7,1.4,877.0,109.0,768.0,109.0,37.0,72.0,768.0,72.0,695.0,1.6,87-88 Care and social work,"Care and social work 
This category is made up of the categories: 
87 Residential care and guidance 
88 Social work activities without accommodation",24,2023
2669,425305 ,2024JJ00,37184.0,27532.0,9652.0,37115.0,10.5,10.8,10.5,62.3,46.2,62.2,42.0,31.1,42.0,7.6,7.8,7.6,7.1,7.4,7.1,596.0,884.0,1135.0,1134.0,1.0,2.8,3.2,904.0,115.0,789.0,108.0,37.0,71.0,796.0,78.0,718.0,3.1,87-88 Care and social work,"Care and social work 
This category is made up of the categories: 
87 Residential care and guidance 
88 Social work activities without accommodation",24,2024
2670,300014 ,1995JJ00,4349.0,3594.0,755.0,4341.0,,,,31.6,26.1,31.5,18.6,15.3,18.5,,,,,,,138.0,234.0,,,,,,205.0,94.0,112.0,,,,,,,,"R-U Culture, recreation, other services","Culture, recreation, other services 
This category is made up of the categories: 
R Culture, sports and recreation 
S Other service activities 
T Activities of households as employers; undifferentiated goods- and service- producing activities of households for own use 
U Extraterritorial organisations",4,1995
2671,300014 ,1996JJ00,4507.0,3788.0,719.0,4457.0,3.6,5.4,2.7,31.7,26.6,31.3,18.6,15.6,18.4,0.2,1.9,-0.7,0.0,1.7,-1.0,142.0,243.0,,,,3.4,3.6,213.0,97.0,116.0,,,,,,,3.8,"R-U Culture, recreation, other services","Culture, recreation, other services 
This category is made up of the categories: 
R Culture, sports and recreation 
S Other service activities 
T Activities of households as employers; undifferentiated goods- and service- producing activities of households for own use 
U Extraterritorial organisations",4,1996
2672,300014 ,1997JJ00,4758.0,4057.0,701.0,4676.0,5.6,7.1,5.0,31.7,27.0,31.1,18.6,15.8,18.3,0.0,1.5,-0.6,0.1,1.5,-0.5,150.0,256.0,,,,5.6,5.5,217.0,100.0,117.0,,,,,,,2.0,"R-U Culture, recreation, other services","Culture, recreation, other services 
This category is made up of the categories: 
R Culture, sports and recreation 
S Other service activities 
T Activities of households as employers; undifferentiated goods- and service- producing activities of households for own use 
U Extraterritorial organisations",4,1997
2673,300014 ,1998JJ00,5138.0,4089.0,1049.0,5025.0,7.9,0.8,7.4,32.5,25.9,31.8,19.1,15.2,18.7,2.7,-4.1,2.2,2.6,-4.2,2.1,158.0,269.0,,,,5.1,5.2,227.0,105.0,122.0,,,,,,,4.5,"R-U Culture, recreation, other services","Culture, recreation, other services 
This category is made up of the categories: 
R Culture, sports and recreation 
S Other service activities 
T Activities of households as employers; undifferentiated goods- and service- producing activities of households for own use 
U Extraterritorial organisations",4,1998
2674,300014 ,1999JJ00,5464.0,4347.0,1117.0,5334.0,6.3,6.3,6.1,33.8,26.9,33.0,19.8,15.8,19.3,3.8,3.8,3.6,3.8,3.8,3.6,162.0,276.0,,,,2.4,2.4,232.0,104.0,128.0,,,,,,,2.3,"R-U Culture, recreation, other services","Culture, recreation, other services 
This category is made up of the categories: 
R Culture, sports and recreation 
S Other service activities 
T Activities of households as employers; undifferentiated goods- and service- producing activities of households for own use 
U Extraterritorial organisations",4,1999
2675,300014 ,2000JJ00,5963.0,4673.0,1290.0,5827.0,9.2,7.5,9.3,36.1,28.3,35.3,21.4,16.7,20.9,7.0,5.5,7.2,7.9,6.3,8.0,165.0,279.0,,,,2.0,1.2,239.0,106.0,134.0,,,,,,,3.0,"R-U Culture, recreation, other services","Culture, recreation, other services 
This category is made up of the categories: 
R Culture, sports and recreation 
S Other service activities 
T Activities of households as employers; undifferentiated goods- and service- producing activities of households for own use 
U Extraterritorial organisations",4,2000
2676,300014 ,2001JJ00,6275.0,5032.0,1243.0,6134.0,5.2,7.7,5.3,36.4,29.2,35.6,21.4,17.1,20.9,0.7,3.0,0.7,-0.1,2.2,0.0,172.0,294.0,,,,4.5,5.3,254.0,112.0,142.0,,,,,,,6.1,"R-U Culture, recreation, other services","Culture, recreation, other services 
This category is made up of the categories: 
R Culture, sports and recreation 
S Other service activities 
T Activities of households as employers; undifferentiated goods- and service- producing activities of households for own use 
U Extraterritorial organisations",4,2001
2677,300014 ,2002JJ00,6549.0,5218.0,1331.0,6394.0,4.4,3.7,4.2,38.1,30.3,37.2,22.6,18.0,22.1,4.7,4.0,4.5,5.9,5.2,5.8,172.0,290.0,,,,-0.3,-1.4,261.0,114.0,147.0,,,,,,,2.9,"R-U Culture, recreation, other services","Culture, recreation, other services 
This category is made up of the categories: 
R Culture, sports and recreation 
S Other service activities 
T Activities of households as employers; undifferentiated goods- and service- producing activities of households for own use 
U Extraterritorial organisations",4,2002
2678,300014 ,2003JJ00,6746.0,5355.0,1391.0,6624.0,3.0,2.7,3.6,39.4,31.3,38.7,23.7,18.8,23.3,3.5,3.2,4.1,4.8,4.5,5.4,171.0,285.0,,,,-0.5,-1.7,263.0,111.0,152.0,,,,,,,0.9,"R-U Culture, recreation, other services","Culture, recreation, other services 
This category is made up of the categories: 
R Culture, sports and recreation 
S Other service activities 
T Activities of households as employers; undifferentiated goods- and service- producing activities of households for own use 
U Extraterritorial organisations",4,2003
2679,300014 ,2004JJ00,6887.0,5473.0,1414.0,6752.0,2.1,2.2,1.9,40.0,31.8,39.2,24.0,19.1,23.6,1.5,1.6,1.3,1.4,1.5,1.2,172.0,287.0,,,,0.6,0.7,268.0,116.0,152.0,,,,,,,1.6,"R-U Culture, recreation, other services","Culture, recreation, other services 
This category is made up of the categories: 
R Culture, sports and recreation 
S Other service activities 
T Activities of households as employers; undifferentiated goods- and service- producing activities of households for own use 
U Extraterritorial organisations",4,2004
2680,300014 ,2005JJ00,6978.0,5602.0,1376.0,6871.0,1.3,2.3,1.8,40.3,32.4,39.7,24.4,19.6,24.0,0.7,1.7,1.1,1.4,2.4,1.8,173.0,286.0,,,,0.6,0.0,275.0,115.0,160.0,,,,,,,2.7,"R-U Culture, recreation, other services","Culture, recreation, other services 
This category is made up of the categories: 
R Culture, sports and recreation 
S Other service activities 
T Activities of households as employers; undifferentiated goods- and service- producing activities of households for own use 
U Extraterritorial organisations",4,2005
2681,300014 ,2006JJ00,7169.0,5786.0,1383.0,7078.0,2.7,3.3,3.0,40.9,33.0,40.4,24.8,20.0,24.5,1.4,2.0,1.7,1.9,2.4,2.2,175.0,289.0,,,,1.3,0.8,278.0,113.0,165.0,,,,,,,1.2,"R-U Culture, recreation, other services","Culture, recreation, other services 
This category is made up of the categories: 
R Culture, sports and recreation 
S Other service activities 
T Activities of households as employers; undifferentiated goods- and service- producing activities of households for own use 
U Extraterritorial organisations",4,2006
2682,300014 ,2007JJ00,7497.0,6096.0,1401.0,7399.0,4.6,5.4,4.6,41.4,33.7,40.9,25.1,20.4,24.8,1.3,2.1,1.3,1.3,2.0,1.2,181.0,298.0,,,,3.2,3.3,289.0,116.0,173.0,,,,,,,3.9,"R-U Culture, recreation, other services","Culture, recreation, other services 
This category is made up of the categories: 
R Culture, sports and recreation 
S Other service activities 
T Activities of households as employers; undifferentiated goods- and service- producing activities of households for own use 
U Extraterritorial organisations",4,2007
2683,300014 ,2008JJ00,7906.0,6385.0,1521.0,7805.0,5.5,4.8,5.5,42.5,34.3,41.9,25.7,20.8,25.4,2.6,1.9,2.6,2.3,1.6,2.3,186.0,308.0,,,,2.8,3.1,300.0,119.0,181.0,,,,,,,3.8,"R-U Culture, recreation, other services","Culture, recreation, other services 
This category is made up of the categories: 
R Culture, sports and recreation 
S Other service activities 
T Activities of households as employers; undifferentiated goods- and service- producing activities of households for own use 
U Extraterritorial organisations",4,2008
2684,300014 ,2009JJ00,8261.0,6687.0,1574.0,8149.0,4.5,4.7,4.4,43.5,35.2,42.9,26.4,21.4,26.1,2.4,2.6,2.3,2.8,3.0,2.7,190.0,313.0,,,,2.0,1.7,307.0,119.0,188.0,,,,,,,2.4,"R-U Culture, recreation, other services","Culture, recreation, other services 
This category is made up of the categories: 
R Culture, sports and recreation 
S Other service activities 
T Activities of households as employers; undifferentiated goods- and service- producing activities of households for own use 
U Extraterritorial organisations",4,2009
2685,300014 ,2010JJ00,8519.0,6899.0,1620.0,8409.0,3.1,3.2,3.2,44.4,35.9,43.8,26.9,21.8,26.6,2.0,2.0,2.1,2.0,2.0,2.0,192.0,316.0,373.0,371.0,2.0,1.1,1.2,314.0,122.0,192.0,104.0,61.0,43.0,209.0,61.0,148.0,2.1,"R-U Culture, recreation, other services","Culture, recreation, other services 
This category is made up of the categories: 
R Culture, sports and recreation 
S Other service activities 
T Activities of households as employers; undifferentiated goods- and service- producing activities of households for own use 
U Extraterritorial organisations",4,2010
2686,300014 ,2011JJ00,8735.0,7046.0,1689.0,8646.0,2.5,2.1,2.8,45.5,36.7,45.0,27.5,22.1,27.2,2.5,2.1,2.8,1.9,1.5,2.2,192.0,318.0,373.0,372.0,2.0,0.0,0.6,325.0,124.0,201.0,100.0,59.0,41.0,225.0,65.0,160.0,3.7,"R-U Culture, recreation, other services","Culture, recreation, other services 
This category is made up of the categories: 
R Culture, sports and recreation 
S Other service activities 
T Activities of households as employers; undifferentiated goods- and service- producing activities of households for own use 
U Extraterritorial organisations",4,2011
2687,300014 ,2012JJ00,8660.0,6952.0,1708.0,8581.0,-0.9,-1.3,-0.8,46.4,37.2,46.0,28.2,22.6,27.9,2.0,1.5,2.1,2.7,2.2,2.8,187.0,307.0,364.0,362.0,1.0,-2.8,-3.5,316.0,121.0,195.0,95.0,56.0,39.0,221.0,64.0,157.0,-2.8,"R-U Culture, recreation, other services","Culture, recreation, other services 
This category is made up of the categories: 
R Culture, sports and recreation 
S Other service activities 
T Activities of households as employers; undifferentiated goods- and service- producing activities of households for own use 
U Extraterritorial organisations",4,2012
2688,300014 ,2013JJ00,8503.0,6841.0,1662.0,8463.0,-1.8,-1.6,-1.4,46.9,37.7,46.7,28.4,22.8,28.2,1.1,1.3,1.5,0.6,0.8,1.0,181.0,300.0,355.0,354.0,1.0,-2.9,-2.4,300.0,115.0,185.0,90.0,53.0,37.0,211.0,62.0,149.0,-5.0,"R-U Culture, recreation, other services","Culture, recreation, other services 
This category is made up of the categories: 
R Culture, sports and recreation 
S Other service activities 
T Activities of households as employers; undifferentiated goods- and service- producing activities of households for own use 
U Extraterritorial organisations",4,2013
2689,300014 ,2014JJ00,8623.0,6872.0,1751.0,8607.0,1.4,0.5,1.7,48.2,38.4,48.1,28.8,23.0,28.8,2.7,1.7,3.0,1.7,0.7,2.0,179.0,299.0,352.0,350.0,1.0,-1.2,-0.2,298.0,114.0,184.0,86.0,51.0,35.0,212.0,63.0,149.0,-0.7,"R-U Culture, recreation, other services","Culture, recreation, other services 
This category is made up of the categories: 
R Culture, sports and recreation 
S Other service activities 
T Activities of households as employers; undifferentiated goods- and service- producing activities of households for own use 
U Extraterritorial organisations",4,2014
2690,300014 ,2015JJ00,8542.0,6890.0,1652.0,8539.0,-0.9,0.3,-0.8,48.7,39.3,48.7,29.1,23.5,29.1,1.2,2.4,1.3,1.0,2.2,1.2,175.0,293.0,346.0,345.0,1.0,-2.1,-1.9,296.0,114.0,182.0,82.0,49.0,32.0,215.0,65.0,150.0,-0.6,"R-U Culture, recreation, other services","Culture, recreation, other services 
This category is made up of the categories: 
R Culture, sports and recreation 
S Other service activities 
T Activities of households as employers; undifferentiated goods- and service- producing activities of households for own use 
U Extraterritorial organisations",4,2015
2691,300014 ,2016JJ00,8902.0,7151.0,1751.0,8883.0,4.2,3.8,4.0,49.8,40.0,49.7,29.7,23.8,29.6,2.3,1.9,2.1,1.9,1.5,1.7,179.0,300.0,353.0,352.0,1.0,1.8,2.3,299.0,115.0,184.0,81.0,49.0,32.0,217.0,65.0,152.0,0.7,"R-U Culture, recreation, other services","Culture, recreation, other services 
This category is made up of the categories: 
R Culture, sports and recreation 
S Other service activities 
T Activities of households as employers; undifferentiated goods- and service- producing activities of households for own use 
U Extraterritorial organisations",4,2016
2692,300014 ,2017JJ00,9297.0,7479.0,1818.0,9273.0,4.4,4.6,4.4,50.7,40.8,50.6,30.0,24.1,29.9,1.7,1.9,1.7,1.1,1.3,1.1,183.0,310.0,365.0,364.0,1.0,2.7,3.3,306.0,118.0,189.0,78.0,49.0,29.0,228.0,68.0,160.0,2.6,"R-U Culture, recreation, other services","Culture, recreation, other services 
This category is made up of the categories: 
R Culture, sports and recreation 
S Other service activities 
T Activities of households as employers; undifferentiated goods- and service- producing activities of households for own use 
U Extraterritorial organisations",4,2017
2693,300014 ,2018JJ00,9830.0,7886.0,1944.0,9801.0,5.7,5.5,5.7,51.7,41.5,51.6,30.7,24.6,30.6,2.1,1.8,2.0,2.2,1.9,2.1,190.0,321.0,379.0,378.0,1.0,3.6,3.5,315.0,121.0,194.0,81.0,51.0,30.0,234.0,70.0,164.0,2.7,"R-U Culture, recreation, other services","Culture, recreation, other services 
This category is made up of the categories: 
R Culture, sports and recreation 
S Other service activities 
T Activities of households as employers; undifferentiated goods- and service- producing activities of households for own use 
U Extraterritorial organisations",4,2018
2694,300014 ,2019JJ00,10436.0,8322.0,2114.0,10406.0,6.2,5.5,6.2,53.6,42.8,53.5,31.7,25.3,31.6,3.7,3.1,3.7,3.4,2.8,3.4,195.0,329.0,389.0,388.0,1.0,2.4,2.6,323.0,123.0,199.0,80.0,51.0,30.0,243.0,73.0,170.0,2.6,"R-U Culture, recreation, other services","Culture, recreation, other services 
This category is made up of the categories: 
R Culture, sports and recreation 
S Other service activities 
T Activities of households as employers; undifferentiated goods- and service- producing activities of households for own use 
U Extraterritorial organisations",4,2019
2695,300014 ,2020JJ00,10608.0,8442.0,2166.0,9710.0,1.6,1.4,-6.7,55.2,44.0,50.6,35.1,27.9,32.1,3.0,2.7,-5.5,10.5,10.3,1.5,192.0,303.0,386.0,385.0,1.0,-1.3,-8.0,314.0,119.0,195.0,78.0,49.0,29.0,236.0,70.0,166.0,-2.8,"R-U Culture, recreation, other services","Culture, recreation, other services 
This category is made up of the categories: 
R Culture, sports and recreation 
S Other service activities 
T Activities of households as employers; undifferentiated goods- and service- producing activities of households for own use 
U Extraterritorial organisations",4,2020
2696,300014 ,2021JJ00,10886.0,8644.0,2242.0,9982.0,2.6,2.4,2.8,56.8,45.1,52.0,35.1,27.9,32.2,2.8,2.5,2.9,0.2,0.0,0.4,192.0,310.0,384.0,383.0,1.0,-0.1,2.4,307.0,118.0,190.0,81.0,50.0,32.0,226.0,68.0,158.0,-2.0,"R-U Culture, recreation, other services","Culture, recreation, other services 
This category is made up of the categories: 
R Culture, sports and recreation 
S Other service activities 
T Activities of households as employers; undifferentiated goods- and service- producing activities of households for own use 
U Extraterritorial organisations",4,2021
2697,300014 ,2022JJ00,11648.0,9140.0,2508.0,11526.0,7.0,5.7,15.5,57.8,45.4,57.2,34.6,27.1,34.2,1.9,0.7,10.0,-1.5,-2.7,6.3,201.0,337.0,403.0,402.0,1.0,5.0,8.7,327.0,127.0,200.0,83.0,51.0,33.0,244.0,76.0,167.0,6.3,"R-U Culture, recreation, other services","Culture, recreation, other services 
This category is made up of the categories: 
R Culture, sports and recreation 
S Other service activities 
T Activities of households as employers; undifferentiated goods- and service- producing activities of households for own use 
U Extraterritorial organisations",4,2022
2698,300014 ,2023JJ00,12737.0,10061.0,2676.0,12697.0,9.3,10.1,10.1,60.8,48.0,60.6,36.4,28.8,36.3,5.2,5.9,5.9,5.3,6.0,6.1,209.0,350.0,419.0,418.0,1.0,4.0,3.8,341.0,133.0,208.0,84.0,51.0,33.0,256.0,82.0,175.0,4.3,"R-U Culture, recreation, other services","Culture, recreation, other services 
This category is made up of the categories: 
R Culture, sports and recreation 
S Other service activities 
T Activities of households as employers; undifferentiated goods- and service- producing activities of households for own use 
U Extraterritorial organisations",4,2023
2699,300014 ,2024JJ00,13890.0,11009.0,2881.0,13842.0,9.0,9.4,9.0,64.6,51.2,64.4,38.4,30.4,38.2,6.3,6.6,6.2,5.3,5.7,5.3,215.0,362.0,433.0,432.0,1.0,2.6,3.5,350.0,137.0,213.0,85.0,51.0,33.0,265.0,86.0,180.0,2.7,"R-U Culture, recreation, other services","Culture, recreation, other services 
This category is made up of the categories: 
R Culture, sports and recreation 
S Other service activities 
T Activities of households as employers; undifferentiated goods- and service- producing activities of households for own use 
U Extraterritorial organisations",4,2024
2700,428100 ,1995JJ00,1865.0,1542.0,323.0,1865.0,,,,33.4,27.6,33.4,21.1,17.4,21.1,,,,,,,56.0,88.0,,,,,,89.0,45.0,44.0,,,,,,,,"R Culture, sports and recreation","Culture, sports and recreation 
This section includes a wide range of activities to meet varied cultural, entertainment and recreational interests of the general public, including live performances, operation of museum sites, sports and recreation activities.",3,1995
2701,428100 ,1996JJ00,1911.0,1608.0,303.0,1903.0,2.4,4.3,2.0,32.4,27.3,32.2,20.3,17.1,20.2,-3.1,-1.3,-3.5,-3.8,-2.0,-4.2,59.0,94.0,,,,5.7,6.5,93.0,47.0,46.0,,,,,,,4.4,"R Culture, sports and recreation","Culture, sports and recreation 
This section includes a wide range of activities to meet varied cultural, entertainment and recreational interests of the general public, including live performances, operation of museum sites, sports and recreation activities.",3,1996
2702,428100 ,1997JJ00,2008.0,1712.0,296.0,1995.0,5.1,6.5,4.9,32.6,27.8,32.4,20.3,17.3,20.2,0.8,2.1,0.6,0.3,1.6,0.1,62.0,99.0,,,,4.3,4.8,93.0,48.0,45.0,,,,,,,0.2,"R Culture, sports and recreation","Culture, sports and recreation 
This section includes a wide range of activities to meet varied cultural, entertainment and recreational interests of the general public, including live performances, operation of museum sites, sports and recreation activities.",3,1997
2703,428100 ,1998JJ00,2184.0,1739.0,445.0,2165.0,8.7,1.6,8.5,33.6,26.8,33.3,20.9,16.7,20.7,3.1,-3.7,2.8,2.8,-3.9,2.6,65.0,104.0,,,,5.5,5.8,97.0,50.0,47.0,,,,,,,4.5,"R Culture, sports and recreation","Culture, sports and recreation 
This section includes a wide range of activities to meet varied cultural, entertainment and recreational interests of the general public, including live performances, operation of museum sites, sports and recreation activities.",3,1998
2704,428100 ,1999JJ00,2337.0,1856.0,481.0,2317.0,7.0,6.7,7.0,35.6,28.3,35.3,22.1,17.6,22.0,5.9,5.6,5.9,5.8,5.5,5.9,66.0,106.0,,,,1.1,1.1,98.0,48.0,49.0,,,,,,,0.2,"R Culture, sports and recreation","Culture, sports and recreation 
This section includes a wide range of activities to meet varied cultural, entertainment and recreational interests of the general public, including live performances, operation of museum sites, sports and recreation activities.",3,1999
2705,428100 ,2000JJ00,2553.0,2013.0,540.0,2532.0,9.2,8.5,9.3,37.9,29.9,37.6,23.7,18.7,23.5,6.4,5.7,6.5,6.9,6.2,6.9,67.0,108.0,,,,2.6,2.2,101.0,50.0,51.0,,,,,,,3.9,"R Culture, sports and recreation","Culture, sports and recreation 
This section includes a wide range of activities to meet varied cultural, entertainment and recreational interests of the general public, including live performances, operation of museum sites, sports and recreation activities.",3,2000
2706,428100 ,2001JJ00,2735.0,2214.0,521.0,2717.0,7.1,9.9,7.3,38.6,31.3,38.4,23.3,18.8,23.1,1.9,4.6,2.1,-1.7,0.9,-1.5,71.0,117.0,,,,5.1,8.9,112.0,55.0,56.0,,,,,,,10.2,"R Culture, sports and recreation","Culture, sports and recreation 
This section includes a wide range of activities to meet varied cultural, entertainment and recreational interests of the general public, including live performances, operation of museum sites, sports and recreation activities.",3,2001
2707,428100 ,2002JJ00,2894.0,2322.0,572.0,2873.0,5.8,4.9,5.7,40.4,32.4,40.1,24.4,19.6,24.3,4.4,3.5,4.4,5.0,4.1,4.9,72.0,118.0,,,,1.3,0.8,117.0,58.0,59.0,,,,,,,5.2,"R Culture, sports and recreation","Culture, sports and recreation 
This section includes a wide range of activities to meet varied cultural, entertainment and recreational interests of the general public, including live performances, operation of museum sites, sports and recreation activities.",3,2002
2708,428100 ,2003JJ00,3019.0,2417.0,602.0,3003.0,4.3,4.1,4.6,41.9,33.6,41.7,25.4,20.3,25.2,3.9,3.6,4.1,3.7,3.5,4.0,72.0,119.0,,,,0.5,0.6,119.0,59.0,60.0,,,,,,,1.1,"R Culture, sports and recreation","Culture, sports and recreation 
This section includes a wide range of activities to meet varied cultural, entertainment and recreational interests of the general public, including live performances, operation of museum sites, sports and recreation activities.",3,2003
2709,428100 ,2004JJ00,3048.0,2430.0,618.0,3022.0,0.9,0.5,0.6,42.5,33.9,42.1,25.4,20.3,25.2,1.4,1.0,1.1,0.3,-0.1,0.0,72.0,120.0,,,,-0.5,0.6,119.0,58.0,61.0,,,,,,,-0.2,"R Culture, sports and recreation","Culture, sports and recreation 
This section includes a wide range of activities to meet varied cultural, entertainment and recreational interests of the general public, including live performances, operation of museum sites, sports and recreation activities.",3,2004
2710,428100 ,2005JJ00,3098.0,2487.0,611.0,3081.0,1.6,2.3,1.9,42.9,34.4,42.6,25.6,20.6,25.5,0.9,1.6,1.2,0.7,1.5,1.1,72.0,121.0,,,,0.7,0.9,121.0,58.0,63.0,,,,,,,2.3,"R Culture, sports and recreation","Culture, sports and recreation 
This section includes a wide range of activities to meet varied cultural, entertainment and recreational interests of the general public, including live performances, operation of museum sites, sports and recreation activities.",3,2005
2711,428100 ,2006JJ00,3175.0,2577.0,598.0,3162.0,2.5,3.6,2.6,43.3,35.2,43.2,26.0,21.1,25.9,1.1,2.2,1.2,1.6,2.7,1.7,73.0,122.0,,,,1.4,0.9,122.0,60.0,62.0,,,,,,,0.7,"R Culture, sports and recreation","Culture, sports and recreation 
This section includes a wide range of activities to meet varied cultural, entertainment and recreational interests of the general public, including live performances, operation of museum sites, sports and recreation activities.",3,2006
2712,428100 ,2007JJ00,3335.0,2716.0,619.0,3322.0,5.0,5.4,5.0,44.4,36.1,44.2,26.6,21.7,26.5,2.3,2.7,2.4,2.4,2.7,2.4,75.0,125.0,,,,2.6,2.6,126.0,62.0,64.0,,,,,,,2.9,"R Culture, sports and recreation","Culture, sports and recreation 
This section includes a wide range of activities to meet varied cultural, entertainment and recreational interests of the general public, including live performances, operation of museum sites, sports and recreation activities.",3,2007
2713,428100 ,2008JJ00,3518.0,2837.0,681.0,3505.0,5.5,4.5,5.5,45.7,36.8,45.5,27.3,22.0,27.2,3.0,2.0,3.0,2.5,1.5,2.6,77.0,129.0,,,,2.4,2.9,130.0,64.0,67.0,,,,,,,3.9,"R Culture, sports and recreation","Culture, sports and recreation 
This section includes a wide range of activities to meet varied cultural, entertainment and recreational interests of the general public, including live performances, operation of museum sites, sports and recreation activities.",3,2008
2714,428100 ,2009JJ00,3609.0,2921.0,688.0,3592.0,2.6,3.0,2.5,46.4,37.6,46.2,27.9,22.6,27.8,1.6,2.0,1.5,2.3,2.7,2.2,78.0,129.0,,,,1.0,0.3,131.0,64.0,67.0,,,,,,,0.7,"R Culture, sports and recreation","Culture, sports and recreation 
This section includes a wide range of activities to meet varied cultural, entertainment and recreational interests of the general public, including live performances, operation of museum sites, sports and recreation activities.",3,2009
2715,428100 ,2010JJ00,3663.0,2946.0,717.0,3647.0,1.5,0.8,1.5,47.2,37.9,46.9,28.4,22.8,28.2,1.6,0.9,1.6,1.5,0.9,1.6,78.0,129.0,152.0,152.0,1.0,-0.1,-0.1,131.0,63.0,68.0,42.0,28.0,14.0,89.0,35.0,54.0,-0.2,"R Culture, sports and recreation","Culture, sports and recreation 
This section includes a wide range of activities to meet varied cultural, entertainment and recreational interests of the general public, including live performances, operation of museum sites, sports and recreation activities.",3,2010
2716,428100 ,2011JJ00,3693.0,2961.0,732.0,3678.0,0.8,0.5,0.9,47.7,38.3,47.5,28.5,22.9,28.4,1.2,0.9,1.3,0.5,0.2,0.6,77.0,130.0,152.0,151.0,1.0,-0.4,0.3,132.0,63.0,69.0,41.0,27.0,14.0,91.0,36.0,55.0,0.6,"R Culture, sports and recreation","Culture, sports and recreation 
This section includes a wide range of activities to meet varied cultural, entertainment and recreational interests of the general public, including live performances, operation of museum sites, sports and recreation activities.",3,2011
2717,428100 ,2012JJ00,3695.0,2945.0,750.0,3680.0,0.0,-0.6,0.0,48.9,39.0,48.7,29.3,23.4,29.2,2.4,1.8,2.4,2.8,2.2,2.8,76.0,126.0,149.0,148.0,1.0,-2.3,-2.7,130.0,62.0,68.0,39.0,26.0,12.0,91.0,35.0,55.0,-1.7,"R Culture, sports and recreation","Culture, sports and recreation 
This section includes a wide range of activities to meet varied cultural, entertainment and recreational interests of the general public, including live performances, operation of museum sites, sports and recreation activities.",3,2012
2718,428100 ,2013JJ00,3629.0,2896.0,733.0,3628.0,-1.8,-1.7,-1.4,49.1,39.2,49.1,29.3,23.4,29.3,0.3,0.5,0.7,0.0,0.1,0.3,74.0,124.0,146.0,146.0,1.0,-2.1,-1.7,126.0,61.0,66.0,38.0,26.0,12.0,89.0,35.0,54.0,-2.5,"R Culture, sports and recreation","Culture, sports and recreation 
This section includes a wide range of activities to meet varied cultural, entertainment and recreational interests of the general public, including live performances, operation of museum sites, sports and recreation activities.",3,2013
2719,428100 ,2014JJ00,3698.0,2924.0,774.0,3697.0,1.9,1.0,1.9,50.2,39.7,50.2,29.8,23.5,29.8,2.2,1.3,2.2,1.6,0.6,1.6,74.0,124.0,146.0,145.0,1.0,-0.3,0.4,127.0,61.0,66.0,36.0,25.0,11.0,91.0,36.0,55.0,0.4,"R Culture, sports and recreation","Culture, sports and recreation 
This section includes a wide range of activities to meet varied cultural, entertainment and recreational interests of the general public, including live performances, operation of museum sites, sports and recreation activities.",3,2014
2720,428100 ,2015JJ00,3648.0,2920.0,728.0,3651.0,-1.4,-0.1,-1.3,49.6,39.7,49.7,29.5,23.7,29.6,-1.1,0.1,-1.0,-0.7,0.5,-0.6,74.0,123.0,146.0,145.0,1.0,-0.3,-0.6,127.0,60.0,66.0,36.0,25.0,11.0,91.0,36.0,55.0,-0.4,"R Culture, sports and recreation","Culture, sports and recreation 
This section includes a wide range of activities to meet varied cultural, entertainment and recreational interests of the general public, including live performances, operation of museum sites, sports and recreation activities.",3,2015
2721,428100 ,2016JJ00,3782.0,3017.0,765.0,3778.0,3.7,3.3,3.5,50.4,40.2,50.4,29.8,23.8,29.8,1.7,1.3,1.5,0.9,0.5,0.7,75.0,127.0,149.0,148.0,1.0,2.0,2.7,128.0,61.0,67.0,36.0,25.0,11.0,93.0,36.0,56.0,1.5,"R Culture, sports and recreation","Culture, sports and recreation 
This section includes a wide range of activities to meet varied cultural, entertainment and recreational interests of the general public, including live performances, operation of museum sites, sports and recreation activities.",3,2016
2722,428100 ,2017JJ00,3939.0,3149.0,790.0,3931.0,4.1,4.4,4.0,50.9,40.7,50.8,30.0,24.0,29.9,0.9,1.1,0.8,0.5,0.8,0.4,77.0,131.0,154.0,154.0,0.0,3.2,3.6,132.0,63.0,69.0,36.0,25.0,11.0,97.0,38.0,59.0,3.1,"R Culture, sports and recreation","Culture, sports and recreation 
This section includes a wide range of activities to meet varied cultural, entertainment and recreational interests of the general public, including live performances, operation of museum sites, sports and recreation activities.",3,2017
2723,428100 ,2018JJ00,4183.0,3329.0,854.0,4174.0,6.2,5.7,6.2,51.8,41.2,51.7,30.6,24.4,30.6,1.9,1.4,1.9,2.2,1.7,2.1,81.0,137.0,161.0,161.0,0.0,4.3,4.0,137.0,65.0,72.0,37.0,26.0,11.0,100.0,39.0,60.0,3.3,"R Culture, sports and recreation","Culture, sports and recreation 
This section includes a wide range of activities to meet varied cultural, entertainment and recreational interests of the general public, including live performances, operation of museum sites, sports and recreation activities.",3,2018
2724,428100 ,2019JJ00,4507.0,3567.0,940.0,4494.0,7.7,7.2,7.7,54.3,42.9,54.1,32.0,25.3,31.9,4.7,4.1,4.6,4.5,3.9,4.4,83.0,141.0,166.0,166.0,0.0,2.9,3.2,140.0,67.0,74.0,38.0,26.0,12.0,102.0,40.0,62.0,2.4,"R Culture, sports and recreation","Culture, sports and recreation 
This section includes a wide range of activities to meet varied cultural, entertainment and recreational interests of the general public, including live performances, operation of museum sites, sports and recreation activities.",3,2019
2725,428100 ,2020JJ00,4435.0,3485.0,950.0,3766.0,-1.6,-2.3,-16.2,55.8,43.9,47.4,38.4,30.2,32.6,2.8,2.1,-12.4,20.2,19.3,2.4,79.0,115.0,159.0,159.0,0.0,-4.3,-18.1,131.0,62.0,69.0,36.0,25.0,11.0,95.0,37.0,58.0,-6.8,"R Culture, sports and recreation","Culture, sports and recreation 
This section includes a wide range of activities to meet varied cultural, entertainment and recreational interests of the general public, including live performances, operation of museum sites, sports and recreation activities.",3,2020
2726,428100 ,2021JJ00,4524.0,3558.0,966.0,3842.0,2.0,2.1,2.0,57.5,45.2,48.8,37.3,29.3,31.7,3.0,3.0,3.0,-3.1,-3.0,-3.1,79.0,121.0,157.0,157.0,0.0,-0.9,5.2,127.0,60.0,66.0,36.0,25.0,11.0,91.0,36.0,55.0,-2.9,"R Culture, sports and recreation","Culture, sports and recreation 
This section includes a wide range of activities to meet varied cultural, entertainment and recreational interests of the general public, including live performances, operation of museum sites, sports and recreation activities.",3,2021
2727,428100 ,2022JJ00,5021.0,3904.0,1117.0,4950.0,11.0,9.7,28.8,57.6,44.8,56.8,34.5,26.8,34.0,0.3,-0.9,16.4,-7.5,-8.6,7.3,87.0,146.0,174.0,174.0,0.0,10.7,20.0,143.0,69.0,75.0,39.0,27.0,13.0,104.0,42.0,62.0,13.2,"R Culture, sports and recreation","Culture, sports and recreation 
This section includes a wide range of activities to meet varied cultural, entertainment and recreational interests of the general public, including live performances, operation of museum sites, sports and recreation activities.",3,2022
2728,428100 ,2023JJ00,5510.0,4313.0,1197.0,5510.0,9.7,10.5,11.3,60.4,47.2,60.4,36.1,28.2,36.1,4.8,5.5,6.3,4.7,5.4,6.2,91.0,153.0,182.0,182.0,0.0,4.8,4.8,150.0,72.0,78.0,41.0,27.0,13.0,109.0,45.0,65.0,4.7,"R Culture, sports and recreation","Culture, sports and recreation 
This section includes a wide range of activities to meet varied cultural, entertainment and recreational interests of the general public, including live performances, operation of museum sites, sports and recreation activities.",3,2023
2729,428100 ,2024JJ00,6116.0,4771.0,1345.0,6111.0,11.0,10.6,10.9,64.3,50.2,64.3,38.2,29.8,38.2,6.6,6.2,6.5,5.9,5.5,5.8,95.0,160.0,191.0,191.0,0.0,4.2,4.8,157.0,75.0,81.0,41.0,28.0,14.0,116.0,48.0,68.0,4.4,"R Culture, sports and recreation","Culture, sports and recreation 
This section includes a wide range of activities to meet varied cultural, entertainment and recreational interests of the general public, including live performances, operation of museum sites, sports and recreation activities.",3,2024
2730,900048 ,1995JJ00,1049.0,855.0,194.0,1049.0,,,,36.9,30.0,36.9,20.8,17.0,20.8,,,,,,,28.0,50.0,,,,,,43.0,22.0,21.0,,,,,,,,"90-92 Arts, culture and lotteries","Arts, culture and lotteries
This category is made up of the categories:
90 Arts
91 Libraries, museums, zoos etc
92 Lotteries and betting",24,1995
2731,900048 ,1996JJ00,1075.0,894.0,181.0,1071.0,2.5,4.6,2.1,35.4,29.4,35.2,19.8,16.5,19.7,-4.1,-2.1,-4.5,-4.8,-2.8,-5.2,30.0,54.0,,,,6.8,7.6,46.0,23.0,23.0,,,,,,,5.3,"90-92 Arts, culture and lotteries","Arts, culture and lotteries
This category is made up of the categories:
90 Arts
91 Libraries, museums, zoos etc
92 Lotteries and betting",24,1996
2732,900048 ,1997JJ00,1126.0,948.0,178.0,1119.0,4.8,6.1,4.6,34.8,29.3,34.6,19.5,16.4,19.3,-1.5,-0.4,-1.8,-1.8,-0.7,-2.1,32.0,58.0,,,,6.5,6.8,47.0,24.0,23.0,,,,,,,2.2,"90-92 Arts, culture and lotteries","Arts, culture and lotteries
This category is made up of the categories:
90 Arts
91 Libraries, museums, zoos etc
92 Lotteries and betting",24,1997
2733,900048 ,1998JJ00,1220.0,955.0,265.0,1211.0,8.3,0.8,8.2,35.5,27.8,35.2,19.8,15.5,19.6,1.8,-5.3,1.7,1.6,-5.5,1.5,34.0,62.0,,,,6.4,6.6,49.0,25.0,24.0,,,,,,,5.5,"90-92 Arts, culture and lotteries","Arts, culture and lotteries
This category is made up of the categories:
90 Arts
91 Libraries, museums, zoos etc
92 Lotteries and betting",24,1998
2734,900048 ,1999JJ00,1317.0,1027.0,290.0,1308.0,7.9,7.5,8.0,37.8,29.5,37.5,21.1,16.5,21.0,6.6,6.2,6.7,6.7,6.3,6.8,35.0,62.0,,,,1.2,1.1,49.0,24.0,25.0,,,,,,,0.2,"90-92 Arts, culture and lotteries","Arts, culture and lotteries
This category is made up of the categories:
90 Arts
91 Libraries, museums, zoos etc
92 Lotteries and betting",24,1999
2735,900048 ,2000JJ00,1441.0,1115.0,326.0,1431.0,9.4,8.6,9.4,40.3,31.2,40.0,22.6,17.5,22.4,6.6,5.8,6.6,7.1,6.2,7.0,36.0,64.0,,,,2.6,2.2,51.0,25.0,26.0,,,,,,,3.7,"90-92 Arts, culture and lotteries","Arts, culture and lotteries
This category is made up of the categories:
90 Arts
91 Libraries, museums, zoos etc
92 Lotteries and betting",24,2000
2736,900048 ,2001JJ00,1564.0,1247.0,317.0,1557.0,8.5,11.8,8.8,40.5,32.3,40.3,24.0,19.1,23.9,0.5,3.6,0.8,6.2,9.5,6.5,39.0,65.0,,,,7.9,2.2,52.0,26.0,26.0,,,,,,,1.9,"90-92 Arts, culture and lotteries","Arts, culture and lotteries
This category is made up of the categories:
90 Arts
91 Libraries, museums, zoos etc
92 Lotteries and betting",24,2001
2737,900048 ,2002JJ00,1677.0,1323.0,354.0,1666.0,7.2,6.1,7.0,43.3,34.1,43.0,25.6,20.2,25.4,6.8,5.7,6.6,6.6,5.5,6.4,39.0,66.0,,,,0.4,0.5,55.0,27.0,28.0,,,,,,,5.4,"90-92 Arts, culture and lotteries","Arts, culture and lotteries
This category is made up of the categories:
90 Arts
91 Libraries, museums, zoos etc
92 Lotteries and betting",24,2002
2738,900048 ,2003JJ00,1720.0,1357.0,363.0,1711.0,2.6,2.6,2.7,44.8,35.4,44.6,26.6,21.0,26.4,3.6,3.6,3.7,3.9,3.9,4.0,38.0,65.0,,,,-1.0,-1.2,55.0,26.0,28.0,,,,,,,-0.2,"90-92 Arts, culture and lotteries","Arts, culture and lotteries
This category is made up of the categories:
90 Arts
91 Libraries, museums, zoos etc
92 Lotteries and betting",24,2003
2739,900048 ,2004JJ00,1747.0,1371.0,376.0,1731.0,1.5,1.0,1.1,45.7,35.8,45.2,27.1,21.2,26.8,1.8,1.3,1.4,1.8,1.2,1.4,38.0,65.0,,,,-0.3,-0.2,55.0,26.0,28.0,,,,,,,0.1,"90-92 Arts, culture and lotteries","Arts, culture and lotteries
This category is made up of the categories:
90 Arts
91 Libraries, museums, zoos etc
92 Lotteries and betting",24,2004
2740,900048 ,2005JJ00,1753.0,1386.0,367.0,1743.0,0.3,1.1,0.7,46.0,36.4,45.7,27.6,21.8,27.4,0.7,1.5,1.1,1.9,2.7,2.3,38.0,64.0,,,,-0.4,-1.6,55.0,26.0,29.0,,,,,,,0.8,"90-92 Arts, culture and lotteries","Arts, culture and lotteries
This category is made up of the categories:
90 Arts
91 Libraries, museums, zoos etc
92 Lotteries and betting",24,2005
2741,900048 ,2006JJ00,1800.0,1439.0,361.0,1793.0,2.7,3.8,2.9,46.4,37.1,46.2,27.9,22.3,27.8,0.8,1.9,1.0,1.3,2.4,1.5,39.0,64.0,,,,1.8,1.3,56.0,27.0,29.0,,,,,,,1.2,"90-92 Arts, culture and lotteries","Arts, culture and lotteries
This category is made up of the categories:
90 Arts
91 Libraries, museums, zoos etc
92 Lotteries and betting",24,2006
2742,900048 ,2007JJ00,1901.0,1524.0,377.0,1894.0,5.6,5.9,5.6,47.5,38.1,47.3,28.6,23.0,28.5,2.5,2.8,2.5,2.5,2.8,2.5,40.0,66.0,,,,3.0,3.0,58.0,28.0,30.0,,,,,,,3.3,"90-92 Arts, culture and lotteries","Arts, culture and lotteries
This category is made up of the categories:
90 Arts
91 Libraries, museums, zoos etc
92 Lotteries and betting",24,2007
2743,900048 ,2008JJ00,1980.0,1570.0,410.0,1973.0,4.2,3.1,4.2,48.7,38.6,48.6,29.3,23.3,29.2,2.6,1.4,2.6,2.4,1.3,2.4,41.0,67.0,,,,1.6,1.8,59.0,28.0,31.0,,,,,,,2.2,"90-92 Arts, culture and lotteries","Arts, culture and lotteries
This category is made up of the categories:
90 Arts
91 Libraries, museums, zoos etc
92 Lotteries and betting",24,2008
2744,900048 ,2009JJ00,2033.0,1614.0,419.0,2022.0,2.7,2.9,2.5,49.4,39.2,49.1,29.9,23.8,29.8,1.4,1.5,1.2,2.0,2.1,1.8,41.0,68.0,,,,1.3,0.7,60.0,28.0,31.0,,,,,,,0.8,"90-92 Arts, culture and lotteries","Arts, culture and lotteries
This category is made up of the categories:
90 Arts
91 Libraries, museums, zoos etc
92 Lotteries and betting",24,2009
2745,900048 ,2010JJ00,2033.0,1603.0,430.0,2023.0,0.0,-0.7,0.0,51.0,40.2,50.7,30.8,24.3,30.7,3.1,2.4,3.2,3.1,2.4,3.2,40.0,66.0,78.0,77.0,0.0,-3.0,-3.0,57.0,26.0,31.0,23.0,15.0,8.0,34.0,11.0,22.0,-4.1,"90-92 Arts, culture and lotteries","Arts, culture and lotteries
This category is made up of the categories:
90 Arts
91 Libraries, museums, zoos etc
92 Lotteries and betting",24,2010
2746,900048 ,2011JJ00,2045.0,1605.0,440.0,2036.0,0.6,0.1,0.6,51.8,40.6,51.5,31.2,24.5,31.0,1.6,1.2,1.7,1.0,0.6,1.1,40.0,66.0,77.0,77.0,0.0,-1.0,-0.5,56.0,26.0,30.0,23.0,15.0,8.0,33.0,11.0,22.0,-1.4,"90-92 Arts, culture and lotteries","Arts, culture and lotteries
This category is made up of the categories:
90 Arts
91 Libraries, museums, zoos etc
92 Lotteries and betting",24,2011
2747,900048 ,2012JJ00,2053.0,1603.0,450.0,2044.0,0.4,-0.1,0.4,53.4,41.7,53.2,32.3,25.2,32.1,3.2,2.7,3.2,3.5,2.9,3.5,38.0,64.0,75.0,75.0,0.0,-2.8,-3.0,55.0,25.0,30.0,21.0,14.0,7.0,34.0,11.0,22.0,-2.2,"90-92 Arts, culture and lotteries","Arts, culture and lotteries
This category is made up of the categories:
90 Arts
91 Libraries, museums, zoos etc
92 Lotteries and betting",24,2012
2748,900048 ,2013JJ00,1976.0,1547.0,429.0,1974.0,-3.8,-3.5,-3.4,53.9,42.2,53.8,32.4,25.3,32.3,0.8,1.1,1.1,0.3,0.6,0.7,37.0,61.0,72.0,72.0,0.0,-4.5,-4.1,52.0,24.0,28.0,20.0,13.0,7.0,32.0,11.0,21.0,-5.3,"90-92 Arts, culture and lotteries","Arts, culture and lotteries
This category is made up of the categories:
90 Arts
91 Libraries, museums, zoos etc
92 Lotteries and betting",24,2013
2749,900048 ,2014JJ00,2006.0,1553.0,453.0,2004.0,1.6,0.4,1.6,55.4,42.9,55.3,33.1,25.6,33.1,2.8,1.7,2.8,2.3,1.1,2.3,36.0,61.0,71.0,71.0,0.0,-1.2,-0.7,52.0,24.0,28.0,20.0,13.0,7.0,32.0,11.0,21.0,-1.1,"90-92 Arts, culture and lotteries","Arts, culture and lotteries
This category is made up of the categories:
90 Arts
91 Libraries, museums, zoos etc
92 Lotteries and betting",24,2014
2750,900048 ,2015JJ00,1979.0,1555.0,424.0,1978.0,-1.4,0.1,-1.3,54.9,43.2,54.9,32.9,25.9,32.9,-0.8,0.7,-0.7,-0.5,1.0,-0.4,36.0,60.0,71.0,70.0,0.0,-0.6,-0.9,51.0,23.0,28.0,19.0,13.0,6.0,32.0,11.0,21.0,-1.1,"90-92 Arts, culture and lotteries","Arts, culture and lotteries
This category is made up of the categories:
90 Arts
91 Libraries, museums, zoos etc
92 Lotteries and betting",24,2015
2751,900048 ,2016JJ00,2058.0,1614.0,444.0,2056.0,3.9,3.7,3.9,55.7,43.7,55.7,33.2,26.0,33.2,1.5,1.2,1.4,0.9,0.6,0.8,37.0,62.0,73.0,72.0,0.0,2.4,3.1,52.0,24.0,28.0,19.0,13.0,6.0,33.0,11.0,22.0,2.5,"90-92 Arts, culture and lotteries","Arts, culture and lotteries
This category is made up of the categories:
90 Arts
91 Libraries, museums, zoos etc
92 Lotteries and betting",24,2016
2752,900048 ,2017JJ00,2140.0,1682.0,458.0,2135.0,3.9,4.2,3.8,56.5,44.4,56.4,33.6,26.4,33.5,1.4,1.7,1.3,1.2,1.5,1.1,38.0,64.0,75.0,74.0,0.0,2.5,2.7,54.0,24.0,29.0,19.0,13.0,6.0,35.0,12.0,23.0,2.3,"90-92 Arts, culture and lotteries","Arts, culture and lotteries
This category is made up of the categories:
90 Arts
91 Libraries, museums, zoos etc
92 Lotteries and betting",24,2017
2753,900048 ,2018JJ00,2243.0,1751.0,492.0,2243.0,4.9,4.2,5.2,57.4,44.8,57.4,34.3,26.8,34.3,1.5,0.8,1.7,2.0,1.2,2.2,39.0,65.0,77.0,77.0,0.0,3.4,2.9,55.0,25.0,30.0,19.0,13.0,6.0,36.0,12.0,24.0,2.7,"90-92 Arts, culture and lotteries","Arts, culture and lotteries
This category is made up of the categories:
90 Arts
91 Libraries, museums, zoos etc
92 Lotteries and betting",24,2018
2754,900048 ,2019JJ00,2390.0,1849.0,541.0,2387.0,6.6,5.6,6.4,59.2,45.8,59.1,35.3,27.3,35.3,3.2,2.3,3.0,3.1,2.2,3.0,40.0,68.0,80.0,79.0,0.0,3.3,3.3,56.0,25.0,31.0,20.0,13.0,7.0,37.0,12.0,24.0,2.7,"90-92 Arts, culture and lotteries","Arts, culture and lotteries
This category is made up of the categories:
90 Arts
91 Libraries, museums, zoos etc
92 Lotteries and betting",24,2019
2755,900048 ,2020JJ00,2383.0,1839.0,544.0,2023.0,-0.3,-0.6,-15.3,60.4,46.6,51.3,45.2,34.9,38.4,2.1,1.9,-13.2,27.9,27.6,8.7,39.0,53.0,78.0,78.0,0.0,-2.4,-22.1,54.0,24.0,30.0,18.0,12.0,6.0,36.0,12.0,24.0,-4.1,"90-92 Arts, culture and lotteries","Arts, culture and lotteries
This category is made up of the categories:
90 Arts
91 Libraries, museums, zoos etc
92 Lotteries and betting",24,2020
2756,900048 ,2021JJ00,2418.0,1865.0,553.0,2049.0,1.4,1.4,1.3,62.0,47.8,52.6,41.9,32.3,35.5,2.6,2.6,2.4,-7.3,-7.4,-7.5,39.0,58.0,77.0,77.0,0.0,-1.1,9.5,53.0,23.0,29.0,19.0,12.0,6.0,34.0,11.0,23.0,-2.5,"90-92 Arts, culture and lotteries","Arts, culture and lotteries
This category is made up of the categories:
90 Arts
91 Libraries, museums, zoos etc
92 Lotteries and betting",24,2021
2757,900048 ,2022JJ00,2631.0,1996.0,635.0,2598.0,8.8,7.0,26.8,61.2,46.4,60.5,37.2,28.2,36.8,-1.3,-2.9,15.1,-11.2,-12.7,3.5,43.0,71.0,85.0,84.0,0.0,10.2,22.5,59.0,26.0,33.0,20.0,13.0,7.0,39.0,13.0,26.0,12.4,"90-92 Arts, culture and lotteries","Arts, culture and lotteries
This category is made up of the categories:
90 Arts
91 Libraries, museums, zoos etc
92 Lotteries and betting",24,2022
2758,900048 ,2023JJ00,2881.0,2204.0,677.0,2882.0,9.5,10.5,11.0,64.0,49.0,64.0,38.9,29.7,38.9,4.5,5.4,5.9,4.5,5.4,5.8,45.0,74.0,89.0,89.0,0.0,4.8,4.8,62.0,27.0,35.0,21.0,13.0,8.0,41.0,14.0,27.0,4.5,"90-92 Arts, culture and lotteries","Arts, culture and lotteries
This category is made up of the categories:
90 Arts
91 Libraries, museums, zoos etc
92 Lotteries and betting",24,2023
2759,900048 ,2024JJ00,3202.0,2445.0,757.0,3200.0,11.2,11.0,11.0,67.8,51.8,67.8,40.9,31.3,40.9,5.9,5.8,5.8,5.2,5.1,5.1,47.0,78.0,94.0,94.0,0.0,4.9,5.6,66.0,29.0,37.0,21.0,14.0,8.0,44.0,15.0,29.0,5.8,"90-92 Arts, culture and lotteries","Arts, culture and lotteries
This category is made up of the categories:
90 Arts
91 Libraries, museums, zoos etc
92 Lotteries and betting",24,2024
2760,431100 ,1995JJ00,816.0,687.0,129.0,816.0,,,,29.8,25.1,29.8,21.5,18.1,21.5,,,,,,,27.0,38.0,,,,,,46.0,23.0,22.0,,,,,,,,93 Sports and recreation,Sports and recreation,21,1995
2761,431100 ,1996JJ00,836.0,714.0,122.0,832.0,2.4,4.0,1.9,29.2,25.0,29.1,20.9,17.9,20.8,-2.1,-0.6,-2.5,-2.5,-1.0,-3.0,29.0,40.0,,,,4.5,5.0,47.0,24.0,23.0,,,,,,,3.6,93 Sports and recreation,Sports and recreation,21,1996
2762,431100 ,1997JJ00,882.0,764.0,118.0,876.0,5.5,7.0,5.3,30.2,26.2,30.0,21.6,18.7,21.5,3.4,4.8,3.2,3.3,4.7,3.1,29.0,41.0,,,,2.0,2.2,47.0,24.0,23.0,,,,,,,-1.8,93 Sports and recreation,Sports and recreation,21,1997
2763,431100 ,1998JJ00,964.0,784.0,180.0,954.0,9.3,2.6,8.9,31.6,25.7,31.3,22.6,18.4,22.4,4.6,-1.8,4.2,4.5,-1.9,4.2,31.0,43.0,,,,4.5,4.6,48.0,25.0,23.0,,,,,,,3.6,93 Sports and recreation,Sports and recreation,21,1998
2764,431100 ,1999JJ00,1020.0,829.0,191.0,1009.0,5.8,5.7,5.8,33.2,26.9,32.8,23.7,19.2,23.4,4.9,4.8,4.9,4.7,4.6,4.7,31.0,43.0,,,,0.9,1.0,48.0,24.0,24.0,,,,,,,0.2,93 Sports and recreation,Sports and recreation,21,1999
2765,431100 ,2000JJ00,1112.0,898.0,214.0,1101.0,9.0,8.4,9.1,35.2,28.4,34.9,25.2,20.4,25.0,6.2,5.6,6.3,6.7,6.1,6.8,32.0,44.0,,,,2.7,2.2,50.0,25.0,25.0,,,,,,,4.1,93 Sports and recreation,Sports and recreation,21,2000
2766,431100 ,2001JJ00,1171.0,967.0,204.0,1160.0,5.3,7.6,5.3,36.4,30.1,36.1,22.4,18.5,22.2,3.4,5.7,3.5,-11.3,-9.4,-11.3,32.0,52.0,,,,1.8,18.8,60.0,30.0,30.0,,,,,,,18.6,93 Sports and recreation,Sports and recreation,21,2001
2767,431100 ,2002JJ00,1217.0,999.0,218.0,1207.0,4.0,3.3,4.1,36.9,30.3,36.6,23.0,18.9,22.8,1.4,0.8,1.6,2.8,2.2,2.9,33.0,53.0,,,,2.5,1.1,63.0,31.0,32.0,,,,,,,5.0,93 Sports and recreation,Sports and recreation,21,2002
2768,431100 ,2003JJ00,1299.0,1060.0,239.0,1292.0,6.8,6.1,7.1,38.6,31.5,38.4,23.9,19.5,23.8,4.5,3.9,4.8,3.8,3.2,4.1,34.0,54.0,,,,2.2,2.8,64.0,32.0,32.0,,,,,,,2.2,93 Sports and recreation,Sports and recreation,21,2003
2769,431100 ,2004JJ00,1301.0,1059.0,242.0,1291.0,0.1,-0.1,-0.1,38.9,31.7,38.6,23.5,19.1,23.3,0.8,0.5,0.5,-1.5,-1.8,-1.8,33.0,55.0,,,,-0.6,1.7,64.0,31.0,33.0,,,,,,,-0.4,93 Sports and recreation,Sports and recreation,21,2004
2770,431100 ,2005JJ00,1345.0,1101.0,244.0,1338.0,3.4,3.9,3.6,39.4,32.3,39.2,23.4,19.2,23.3,1.4,1.9,1.6,-0.4,0.2,-0.1,34.0,57.0,,,,2.0,3.8,66.0,32.0,34.0,,,,,,,3.7,93 Sports and recreation,Sports and recreation,21,2005
2771,431100 ,2006JJ00,1375.0,1138.0,237.0,1369.0,2.3,3.4,2.3,39.9,33.0,39.8,23.9,19.7,23.7,1.3,2.4,1.4,1.8,2.9,1.9,34.0,58.0,,,,0.9,0.5,66.0,33.0,33.0,,,,,,,0.2,93 Sports and recreation,Sports and recreation,21,2006
2772,431100 ,2007JJ00,1434.0,1192.0,242.0,1428.0,4.3,4.7,4.3,40.8,33.9,40.6,24.4,20.2,24.3,2.1,2.5,2.1,2.1,2.6,2.1,35.0,59.0,,,,2.2,2.1,68.0,34.0,34.0,,,,,,,2.6,93 Sports and recreation,Sports and recreation,21,2007
2773,431100 ,2008JJ00,1538.0,1267.0,271.0,1532.0,7.2,6.3,7.3,42.3,34.8,42.1,25.1,20.7,25.0,3.7,2.8,3.8,2.9,2.0,3.0,36.0,61.0,,,,3.4,4.2,71.0,36.0,36.0,,,,,,,5.3,93 Sports and recreation,Sports and recreation,21,2008
2774,431100 ,2009JJ00,1576.0,1307.0,269.0,1570.0,2.4,3.1,2.5,43.1,35.7,42.9,25.7,21.3,25.6,1.9,2.5,1.9,2.6,3.3,2.6,37.0,61.0,,,,0.6,-0.2,72.0,36.0,36.0,,,,,,,0.5,93 Sports and recreation,Sports and recreation,21,2009
2775,431100 ,2010JJ00,1630.0,1343.0,287.0,1624.0,3.4,2.8,3.4,43.1,35.5,43.0,25.8,21.2,25.7,0.2,-0.5,0.2,0.1,-0.5,0.2,38.0,63.0,75.0,74.0,0.0,3.2,3.2,74.0,37.0,37.0,19.0,13.0,6.0,55.0,23.0,32.0,3.1,93 Sports and recreation,Sports and recreation,21,2010
2776,431100 ,2011JJ00,1648.0,1356.0,292.0,1642.0,1.1,1.0,1.1,43.5,35.8,43.4,25.8,21.2,25.7,0.9,0.7,0.9,0.1,-0.1,0.1,38.0,64.0,75.0,75.0,0.0,0.2,1.1,76.0,37.0,38.0,18.0,13.0,5.0,57.0,24.0,33.0,2.2,93 Sports and recreation,Sports and recreation,21,2011
2777,431100 ,2012JJ00,1642.0,1342.0,300.0,1636.0,-0.4,-1.0,-0.4,44.2,36.1,44.0,26.3,21.5,26.2,1.6,0.9,1.6,2.0,1.4,2.0,37.0,62.0,74.0,73.0,0.0,-1.9,-2.4,75.0,37.0,38.0,17.0,12.0,5.0,57.0,24.0,33.0,-1.4,93 Sports and recreation,Sports and recreation,21,2012
2778,431100 ,2013JJ00,1653.0,1349.0,304.0,1654.0,0.7,0.5,1.1,44.3,36.2,44.4,26.3,21.5,26.3,0.3,0.1,0.7,0.1,-0.1,0.5,37.0,63.0,74.0,74.0,0.0,0.4,0.6,74.0,37.0,38.0,17.0,12.0,5.0,57.0,24.0,33.0,-0.4,93 Sports and recreation,Sports and recreation,21,2013
2779,431100 ,2014JJ00,1692.0,1371.0,321.0,1693.0,2.4,1.6,2.4,45.1,36.6,45.2,26.6,21.5,26.6,1.8,1.1,1.8,1.0,0.2,1.0,37.0,64.0,75.0,75.0,0.0,0.6,1.4,75.0,37.0,39.0,17.0,12.0,5.0,59.0,25.0,34.0,1.5,93 Sports and recreation,Sports and recreation,21,2014
2780,431100 ,2015JJ00,1669.0,1365.0,304.0,1673.0,-1.4,-0.4,-1.2,44.5,36.4,44.6,26.3,21.5,26.4,-1.4,-0.4,-1.2,-0.9,0.0,-0.8,37.0,63.0,75.0,75.0,0.0,0.0,-0.4,76.0,37.0,39.0,17.0,12.0,5.0,59.0,25.0,34.0,0.1,93 Sports and recreation,Sports and recreation,21,2015
2781,431100 ,2016JJ00,1724.0,1403.0,321.0,1722.0,3.3,2.8,3.0,45.3,36.9,45.2,26.6,21.6,26.5,1.8,1.3,1.4,0.9,0.4,0.5,38.0,65.0,76.0,76.0,0.0,1.5,2.4,76.0,37.0,39.0,17.0,12.0,5.0,59.0,25.0,34.0,0.8,93 Sports and recreation,Sports and recreation,21,2016
2782,431100 ,2017JJ00,1799.0,1467.0,332.0,1796.0,4.4,4.6,4.3,45.5,37.1,45.4,26.6,21.7,26.5,0.4,0.6,0.3,-0.1,0.1,-0.1,40.0,68.0,80.0,79.0,0.0,4.0,4.4,79.0,39.0,40.0,17.0,12.0,5.0,62.0,26.0,36.0,3.6,93 Sports and recreation,Sports and recreation,21,2017
2783,431100 ,2018JJ00,1940.0,1578.0,362.0,1931.0,7.8,7.5,7.5,46.6,37.9,46.4,27.3,22.2,27.1,2.6,2.3,2.3,2.7,2.4,2.4,42.0,71.0,84.0,84.0,0.0,5.1,5.0,82.0,40.0,42.0,18.0,13.0,5.0,64.0,27.0,37.0,3.8,93 Sports and recreation,Sports and recreation,21,2018
2784,431100 ,2019JJ00,2117.0,1718.0,399.0,2107.0,9.1,8.9,9.1,49.6,40.2,49.4,28.9,23.4,28.8,6.4,6.1,6.3,6.0,5.7,6.0,43.0,73.0,86.0,86.0,0.0,2.6,3.0,84.0,41.0,43.0,18.0,13.0,5.0,66.0,28.0,38.0,2.2,93 Sports and recreation,Sports and recreation,21,2019
2785,431100 ,2020JJ00,2052.0,1646.0,406.0,1743.0,-3.1,-4.2,-17.3,51.2,41.1,43.5,32.8,26.3,27.8,3.3,2.1,-11.8,13.4,12.1,-3.3,40.0,63.0,81.0,81.0,0.0,-6.2,-14.5,76.0,38.0,39.0,17.0,13.0,5.0,59.0,25.0,34.0,-8.7,93 Sports and recreation,Sports and recreation,21,2020
2786,431100 ,2021JJ00,2106.0,1693.0,413.0,1793.0,2.6,2.9,2.9,53.0,42.6,45.1,33.1,26.6,28.2,3.4,3.6,3.6,1.0,1.2,1.2,40.0,64.0,80.0,80.0,0.0,-0.7,1.6,74.0,37.0,37.0,17.0,13.0,5.0,57.0,24.0,32.0,-3.2,93 Sports and recreation,Sports and recreation,21,2021
2787,431100 ,2022JJ00,2390.0,1908.0,482.0,2352.0,13.5,12.7,31.2,54.1,43.2,53.2,31.9,25.4,31.4,2.1,1.4,18.0,-3.7,-4.3,11.3,44.0,75.0,89.0,89.0,0.0,11.1,17.8,84.0,42.0,42.0,19.0,14.0,5.0,65.0,29.0,36.0,13.7,93 Sports and recreation,Sports and recreation,21,2022
2788,431100 ,2023JJ00,2629.0,2109.0,520.0,2628.0,10.0,10.5,11.7,56.8,45.6,56.8,33.4,26.8,33.4,5.0,5.5,6.6,5.0,5.5,6.6,46.0,79.0,94.0,93.0,0.0,4.8,4.8,88.0,45.0,43.0,20.0,14.0,6.0,69.0,31.0,38.0,4.8,93 Sports and recreation,Sports and recreation,21,2023
2789,431100 ,2024JJ00,2914.0,2326.0,588.0,2911.0,10.9,10.3,10.8,60.9,48.6,60.8,35.6,28.4,35.6,7.2,6.6,7.1,6.5,6.0,6.4,48.0,82.0,97.0,97.0,0.0,3.4,4.1,91.0,47.0,45.0,20.0,14.0,6.0,71.0,32.0,39.0,3.5,93 Sports and recreation,Sports and recreation,21,2024
2790,435500 ,1995JJ00,2444.0,2018.0,426.0,2436.0,,,,30.4,25.1,30.3,17.0,14.1,17.0,,,,,,,80.0,143.0,,,,,,112.0,48.0,64.0,,,,,,,,S Other service activities,"Other service activities 
This section (as a residual category) includes the activities of membership organisations, the repair of computers and personal and household goods and a variety of personal service activities not covered elsewhere in the classification.",3,1995
2791,435500 ,1996JJ00,2554.0,2144.0,410.0,2512.0,4.5,6.2,3.1,31.2,26.2,30.7,17.5,14.7,17.2,2.6,4.3,1.2,2.6,4.3,1.2,82.0,146.0,,,,1.8,1.9,116.0,49.0,67.0,,,,,,,3.3,S Other service activities,"Other service activities 
This section (as a residual category) includes the activities of membership organisations, the repair of computers and personal and household goods and a variety of personal service activities not covered elsewhere in the classification.",3,1996
2792,435500 ,1997JJ00,2707.0,2306.0,401.0,2638.0,6.0,7.6,5.0,31.0,26.4,30.2,17.5,14.9,17.0,-0.4,1.1,-1.3,0.1,1.5,-0.9,87.0,155.0,,,,6.4,6.0,119.0,51.0,68.0,,,,,,,3.2,S Other service activities,"Other service activities 
This section (as a residual category) includes the activities of membership organisations, the repair of computers and personal and household goods and a variety of personal service activities not covered elsewhere in the classification.",3,1997
2793,435500 ,1998JJ00,2886.0,2289.0,597.0,2792.0,6.6,-0.8,5.8,31.9,25.3,30.8,17.9,14.2,17.4,2.7,-4.4,1.9,2.6,-4.5,1.8,91.0,161.0,,,,3.8,3.9,122.0,53.0,69.0,,,,,,,2.4,S Other service activities,"Other service activities 
This section (as a residual category) includes the activities of membership organisations, the repair of computers and personal and household goods and a variety of personal service activities not covered elsewhere in the classification.",3,1998
2794,435500 ,1999JJ00,3046.0,2418.0,628.0,2936.0,5.5,5.6,5.2,32.7,25.9,31.5,18.4,14.6,17.7,2.4,2.5,2.1,2.5,2.6,2.2,93.0,166.0,,,,3.0,2.9,126.0,54.0,72.0,,,,,,,3.1,S Other service activities,"Other service activities 
This section (as a residual category) includes the activities of membership organisations, the repair of computers and personal and household goods and a variety of personal service activities not covered elsewhere in the classification.",3,1999
2795,435500 ,2000JJ00,3314.0,2572.0,742.0,3199.0,8.8,6.4,9.0,35.1,27.3,33.9,20.0,15.5,19.3,7.6,5.2,7.8,8.6,6.2,8.8,94.0,166.0,,,,1.1,0.2,128.0,53.0,75.0,,,,,,,1.5,S Other service activities,"Other service activities 
This section (as a residual category) includes the activities of membership organisations, the repair of computers and personal and household goods and a variety of personal service activities not covered elsewhere in the classification.",3,2000
2796,435500 ,2001JJ00,3426.0,2712.0,714.0,3303.0,3.4,5.4,3.3,35.0,27.7,33.8,20.1,15.9,19.4,-0.4,1.6,-0.5,0.8,2.8,0.7,98.0,170.0,,,,3.8,2.6,131.0,54.0,77.0,,,,,,,2.0,S Other service activities,"Other service activities 
This section (as a residual category) includes the activities of membership organisations, the repair of computers and personal and household goods and a variety of personal service activities not covered elsewhere in the classification.",3,2001
2797,435500 ,2002JJ00,3513.0,2767.0,746.0,3379.0,2.6,2.0,2.3,36.7,28.9,35.3,21.4,16.9,20.6,4.7,4.2,4.5,6.4,5.8,6.1,96.0,164.0,,,,-2.0,-3.6,130.0,53.0,77.0,,,,,,,-0.1,S Other service activities,"Other service activities 
This section (as a residual category) includes the activities of membership organisations, the repair of computers and personal and household goods and a variety of personal service activities not covered elsewhere in the classification.",3,2002
2798,435500 ,2003JJ00,3553.0,2777.0,776.0,3447.0,1.1,0.4,2.0,38.0,29.7,36.8,22.7,17.7,22.0,3.5,2.7,4.4,5.8,5.1,6.8,94.0,157.0,,,,-2.3,-4.4,128.0,51.0,77.0,,,,,,,-1.6,S Other service activities,"Other service activities 
This section (as a residual category) includes the activities of membership organisations, the repair of computers and personal and household goods and a variety of personal service activities not covered elsewhere in the classification.",3,2003
2799,435500 ,2004JJ00,3614.0,2835.0,779.0,3505.0,1.7,2.1,1.7,38.6,30.3,37.5,23.2,18.2,22.5,1.8,2.2,1.8,2.6,2.9,2.5,94.0,155.0,,,,-0.1,-0.8,129.0,51.0,77.0,,,,,,,0.2,S Other service activities,"Other service activities 
This section (as a residual category) includes the activities of membership organisations, the repair of computers and personal and household goods and a variety of personal service activities not covered elsewhere in the classification.",3,2004
2800,435500 ,2005JJ00,3619.0,2871.0,748.0,3529.0,0.1,1.3,0.7,38.9,30.8,37.9,23.7,18.8,23.1,0.6,1.7,1.1,1.9,3.0,2.4,93.0,153.0,,,,-0.5,-1.7,130.0,51.0,79.0,,,,,,,1.2,S Other service activities,"Other service activities 
This section (as a residual category) includes the activities of membership organisations, the repair of computers and personal and household goods and a variety of personal service activities not covered elsewhere in the classification.",3,2005
2801,435500 ,2006JJ00,3691.0,2927.0,764.0,3613.0,2.0,2.0,2.4,39.6,31.4,38.8,24.2,19.2,23.7,1.9,1.8,2.2,2.3,2.3,2.7,93.0,152.0,,,,0.1,-0.3,129.0,52.0,78.0,,,,,,,-0.6,S Other service activities,"Other service activities 
This section (as a residual category) includes the activities of membership organisations, the repair of computers and personal and household goods and a variety of personal service activities not covered elsewhere in the classification.",3,2006
2802,435500 ,2007JJ00,3850.0,3089.0,761.0,3765.0,4.3,5.5,4.2,40.0,32.1,39.2,24.5,19.6,23.9,1.1,2.3,1.0,1.0,2.1,0.9,96.0,157.0,,,,3.2,3.3,133.0,53.0,80.0,,,,,,,2.9,S Other service activities,"Other service activities 
This section (as a residual category) includes the activities of membership organisations, the repair of computers and personal and household goods and a variety of personal service activities not covered elsewhere in the classification.",3,2007
2803,435500 ,2008JJ00,4031.0,3217.0,814.0,3943.0,4.7,4.1,4.7,41.0,32.8,40.2,25.0,20.0,24.5,2.5,2.0,2.5,2.3,1.8,2.3,98.0,161.0,,,,2.1,2.3,136.0,54.0,82.0,,,,,,,1.9,S Other service activities,"Other service activities 
This section (as a residual category) includes the activities of membership organisations, the repair of computers and personal and household goods and a variety of personal service activities not covered elsewhere in the classification.",3,2008
2804,435500 ,2009JJ00,4241.0,3383.0,858.0,4146.0,5.2,5.1,5.1,42.7,34.0,41.7,26.1,20.8,25.5,4.0,3.9,3.9,4.1,4.1,4.1,99.0,163.0,,,,1.2,1.0,137.0,54.0,84.0,,,,,,,1.2,S Other service activities,"Other service activities 
This section (as a residual category) includes the activities of membership organisations, the repair of computers and personal and household goods and a variety of personal service activities not covered elsewhere in the classification.",3,2009
2805,435500 ,2010JJ00,4392.0,3519.0,873.0,4298.0,3.6,4.0,3.7,43.8,35.1,42.9,26.8,21.4,26.2,2.7,3.1,2.8,2.7,3.1,2.8,100.0,164.0,193.0,192.0,1.0,0.9,0.9,140.0,50.0,90.0,57.0,31.0,26.0,83.0,19.0,64.0,1.9,S Other service activities,"Other service activities 
This section (as a residual category) includes the activities of membership organisations, the repair of computers and personal and household goods and a variety of personal service activities not covered elsewhere in the classification.",3,2010
2806,435500 ,2011JJ00,4558.0,3631.0,927.0,4484.0,3.8,3.1,4.3,45.6,36.4,44.9,27.7,22.1,27.3,4.1,3.5,4.7,3.6,3.0,4.2,100.0,164.0,193.0,192.0,1.0,-0.4,0.1,140.0,50.0,90.0,55.0,31.0,24.0,85.0,19.0,66.0,0.2,S Other service activities,"Other service activities 
This section (as a residual category) includes the activities of membership organisations, the repair of computers and personal and household goods and a variety of personal service activities not covered elsewhere in the classification.",3,2011
2807,435500 ,2012JJ00,4440.0,3513.0,927.0,4376.0,-2.6,-3.2,-2.4,46.6,36.9,45.9,28.6,22.6,28.2,2.1,1.4,2.3,3.1,2.4,3.3,95.0,155.0,184.0,183.0,1.0,-4.6,-5.5,134.0,48.0,87.0,51.0,28.0,23.0,83.0,19.0,64.0,-4.2,S Other service activities,"Other service activities 
This section (as a residual category) includes the activities of membership organisations, the repair of computers and personal and household goods and a variety of personal service activities not covered elsewhere in the classification.",3,2012
2808,435500 ,2013JJ00,4358.0,3456.0,902.0,4319.0,-1.9,-1.6,-1.3,47.8,37.9,47.4,29.1,23.1,28.8,2.5,2.8,3.1,1.8,2.1,2.4,91.0,150.0,177.0,176.0,1.0,-4.3,-3.6,130.0,45.0,85.0,47.0,26.0,21.0,83.0,19.0,64.0,-3.6,S Other service activities,"Other service activities 
This section (as a residual category) includes the activities of membership organisations, the repair of computers and personal and household goods and a variety of personal service activities not covered elsewhere in the classification.",3,2013
2809,435500 ,2014JJ00,4408.0,3457.0,951.0,4393.0,1.1,0.0,1.7,49.4,38.8,49.3,29.8,23.3,29.7,3.4,2.3,4.0,2.3,1.2,2.9,89.0,148.0,174.0,173.0,1.0,-2.2,-1.1,127.0,44.0,83.0,45.0,25.0,20.0,82.0,19.0,63.0,-2.2,S Other service activities,"Other service activities 
This section (as a residual category) includes the activities of membership organisations, the repair of computers and personal and household goods and a variety of personal service activities not covered elsewhere in the classification.",3,2014
2810,435500 ,2015JJ00,4327.0,3434.0,893.0,4321.0,-1.8,-0.7,-1.6,50.0,39.7,49.9,30.0,23.8,29.9,1.1,2.3,1.3,0.6,1.8,0.8,87.0,144.0,170.0,169.0,1.0,-2.9,-2.5,123.0,43.0,80.0,43.0,24.0,19.0,80.0,19.0,61.0,-2.7,S Other service activities,"Other service activities 
This section (as a residual category) includes the activities of membership organisations, the repair of computers and personal and household goods and a variety of personal service activities not covered elsewhere in the classification.",3,2015
2811,435500 ,2016JJ00,4493.0,3541.0,952.0,4478.0,3.8,3.1,3.6,51.2,40.4,51.1,30.7,24.2,30.6,2.6,1.9,2.4,2.6,1.9,2.4,88.0,146.0,172.0,171.0,1.0,1.2,1.2,125.0,43.0,81.0,43.0,24.0,19.0,82.0,19.0,63.0,1.1,S Other service activities,"Other service activities 
This section (as a residual category) includes the activities of membership organisations, the repair of computers and personal and household goods and a variety of personal service activities not covered elsewhere in the classification.",3,2016
2812,435500 ,2017JJ00,4656.0,3667.0,989.0,4640.0,3.6,3.5,3.6,52.6,41.4,52.4,31.3,24.6,31.2,2.6,2.5,2.6,1.8,1.7,1.8,89.0,149.0,175.0,175.0,1.0,1.0,1.8,127.0,44.0,83.0,40.0,24.0,16.0,87.0,20.0,67.0,1.7,S Other service activities,"Other service activities 
This section (as a residual category) includes the activities of membership organisations, the repair of computers and personal and household goods and a variety of personal service activities not covered elsewhere in the classification.",3,2017
2813,435500 ,2018JJ00,4881.0,3832.0,1049.0,4861.0,4.8,4.5,4.8,53.8,42.2,53.6,32.0,25.1,31.9,2.3,2.0,2.2,2.3,2.0,2.2,91.0,152.0,180.0,180.0,1.0,2.5,2.5,129.0,45.0,85.0,41.0,24.0,17.0,88.0,20.0,68.0,1.8,S Other service activities,"Other service activities 
This section (as a residual category) includes the activities of membership organisations, the repair of computers and personal and household goods and a variety of personal service activities not covered elsewhere in the classification.",3,2018
2814,435500 ,2019JJ00,5079.0,3951.0,1128.0,5062.0,4.0,3.1,4.1,55.5,43.2,55.3,33.0,25.7,32.9,3.3,2.3,3.3,3.0,2.1,3.1,91.0,154.0,182.0,181.0,1.0,0.8,1.0,130.0,45.0,85.0,40.0,24.0,16.0,90.0,21.0,69.0,0.6,S Other service activities,"Other service activities 
This section (as a residual category) includes the activities of membership organisations, the repair of computers and personal and household goods and a variety of personal service activities not covered elsewhere in the classification.",3,2019
2815,435500 ,2020JJ00,5219.0,4047.0,1172.0,4990.0,2.8,2.4,-1.4,57.6,44.6,55.0,34.9,27.1,33.4,3.7,3.3,-0.5,5.8,5.5,1.5,91.0,150.0,181.0,181.0,1.0,-0.9,-2.9,127.0,44.0,84.0,39.0,23.0,16.0,88.0,20.0,68.0,-2.1,S Other service activities,"Other service activities 
This section (as a residual category) includes the activities of membership organisations, the repair of computers and personal and household goods and a variety of personal service activities not covered elsewhere in the classification.",3,2020
2816,435500 ,2021JJ00,5339.0,4122.0,1217.0,5154.0,2.3,1.9,3.3,59.2,45.7,57.1,35.8,27.6,34.5,2.8,2.3,3.8,2.5,2.0,3.5,90.0,149.0,180.0,179.0,1.0,-0.5,-0.2,125.0,43.0,82.0,40.0,23.0,17.0,85.0,20.0,65.0,-1.8,S Other service activities,"Other service activities 
This section (as a residual category) includes the activities of membership organisations, the repair of computers and personal and household goods and a variety of personal service activities not covered elsewhere in the classification.",3,2021
2817,435500 ,2022JJ00,5583.0,4264.0,1319.0,5532.0,4.6,3.4,7.3,61.4,46.9,60.9,36.9,28.2,36.6,3.8,2.7,6.5,3.3,2.2,6.0,91.0,151.0,181.0,180.0,1.0,0.8,1.3,126.0,43.0,83.0,41.0,23.0,17.0,86.0,20.0,66.0,1.2,S Other service activities,"Other service activities 
This section (as a residual category) includes the activities of membership organisations, the repair of computers and personal and household goods and a variety of personal service activities not covered elsewhere in the classification.",3,2022
2818,435500 ,2023JJ00,6086.0,4665.0,1421.0,6047.0,9.0,9.4,9.3,65.6,50.3,65.2,39.6,30.3,39.3,6.8,7.2,7.1,7.1,7.5,7.4,93.0,154.0,185.0,184.0,1.0,2.0,1.8,129.0,44.0,84.0,41.0,23.0,18.0,88.0,21.0,67.0,1.7,S Other service activities,"Other service activities 
This section (as a residual category) includes the activities of membership organisations, the repair of computers and personal and household goods and a variety of personal service activities not covered elsewhere in the classification.",3,2023
2819,435500 ,2024JJ00,6543.0,5064.0,1479.0,6504.0,7.5,8.5,7.5,69.8,54.0,69.4,41.6,32.2,41.4,6.4,7.4,6.4,5.2,6.3,5.3,94.0,157.0,188.0,187.0,1.0,1.0,2.2,130.0,45.0,85.0,41.0,23.0,18.0,89.0,22.0,68.0,1.1,S Other service activities,"Other service activities 
This section (as a residual category) includes the activities of membership organisations, the repair of computers and personal and household goods and a variety of personal service activities not covered elsewhere in the classification.",3,2024
2820,435600 ,1995JJ00,1633.0,1322.0,311.0,1633.0,,,,37.2,30.1,37.2,19.6,15.9,19.6,,,,,,,44.0,83.0,,,,,,64.0,35.0,29.0,,,,,,,,94 Membership organisations,"World view and political organizations, interest and ideological organizations, hobby clubs",22,1995
2821,435600 ,1996JJ00,1698.0,1399.0,299.0,1680.0,4.0,5.8,2.9,38.1,31.4,37.7,20.1,16.5,19.8,2.4,4.2,1.3,2.4,4.2,1.3,45.0,85.0,,,,1.6,1.5,66.0,36.0,30.0,,,,,,,3.2,94 Membership organisations,"World view and political organizations, interest and ideological organizations, hobby clubs",22,1996
2822,435600 ,1997JJ00,1771.0,1483.0,288.0,1744.0,4.3,6.0,3.8,37.1,31.1,36.6,19.7,16.5,19.4,-2.4,-0.8,-2.9,-1.9,-0.3,-2.4,48.0,90.0,,,,6.9,6.3,68.0,37.0,30.0,,,,,,,3.4,94 Membership organisations,"World view and political organizations, interest and ideological organizations, hobby clubs",22,1997
2823,435600 ,1998JJ00,1885.0,1487.0,398.0,1847.0,6.5,0.3,5.9,38.1,30.0,37.3,20.1,15.9,19.7,2.5,-3.5,1.9,2.4,-3.6,1.8,50.0,94.0,,,,3.9,4.0,69.0,39.0,31.0,,,,,,,2.4,94 Membership organisations,"World view and political organizations, interest and ideological organizations, hobby clubs",22,1998
2824,435600 ,1999JJ00,2025.0,1589.0,436.0,1983.0,7.4,6.8,7.3,39.8,31.3,39.0,21.1,16.6,20.7,4.7,4.2,4.6,4.8,4.3,4.8,51.0,96.0,,,,2.6,2.5,71.0,39.0,32.0,,,,,,,2.7,94 Membership organisations,"World view and political organizations, interest and ideological organizations, hobby clubs",22,1999
2825,435600 ,2000JJ00,2215.0,1702.0,513.0,2172.0,9.4,7.1,9.6,43.5,33.4,42.6,23.2,17.9,22.8,9.1,6.8,9.2,10.1,7.8,10.2,51.0,95.0,,,,0.3,-0.6,72.0,39.0,33.0,,,,,,,0.5,94 Membership organisations,"World view and political organizations, interest and ideological organizations, hobby clubs",22,2000
2826,435600 ,2001JJ00,2318.0,1815.0,503.0,2273.0,4.6,6.6,4.6,42.0,32.9,41.2,23.6,18.5,23.1,-3.3,-1.5,-3.3,1.4,3.3,1.4,55.0,98.0,,,,8.2,3.2,73.0,39.0,34.0,,,,,,,1.9,94 Membership organisations,"World view and political organizations, interest and ideological organizations, hobby clubs",22,2001
2827,435600 ,2002JJ00,2373.0,1844.0,529.0,2319.0,2.4,1.6,2.0,44.4,34.5,43.4,25.3,19.6,24.7,5.6,4.8,5.2,7.2,6.4,6.8,53.0,94.0,,,,-3.0,-4.5,72.0,38.0,34.0,,,,,,,-1.9,94 Membership organisations,"World view and political organizations, interest and ideological organizations, hobby clubs",22,2002
2828,435600 ,2003JJ00,2391.0,1839.0,552.0,2350.0,0.8,-0.2,1.3,46.3,35.6,45.5,27.4,21.0,26.9,4.4,3.4,5.0,8.3,7.2,8.9,52.0,87.0,,,,-3.5,-6.9,69.0,36.0,34.0,,,,,,,-3.1,94 Membership organisations,"World view and political organizations, interest and ideological organizations, hobby clubs",22,2003
2829,435600 ,2004JJ00,2409.0,1862.0,547.0,2366.0,0.7,1.2,0.7,47.3,36.6,46.5,28.6,22.1,28.1,2.2,2.7,2.1,4.6,5.1,4.5,51.0,84.0,,,,-1.4,-3.7,69.0,36.0,33.0,,,,,,,-0.8,94 Membership organisations,"World view and political organizations, interest and ideological organizations, hobby clubs",22,2004
2830,435600 ,2005JJ00,2411.0,1883.0,528.0,2383.0,0.1,1.1,0.7,47.8,37.3,47.2,29.2,22.8,28.9,0.9,1.9,1.5,2.1,3.2,2.8,50.0,82.0,,,,-0.8,-2.0,68.0,35.0,33.0,,,,,,,-0.8,94 Membership organisations,"World view and political organizations, interest and ideological organizations, hobby clubs",22,2005
2831,435600 ,2006JJ00,2474.0,1922.0,552.0,2452.0,2.6,2.1,2.9,49.1,38.2,48.7,30.2,23.5,29.9,2.8,2.3,3.1,3.3,2.8,3.6,50.0,82.0,,,,-0.2,-0.7,68.0,35.0,33.0,,,,,,,-0.8,94 Membership organisations,"World view and political organizations, interest and ideological organizations, hobby clubs",22,2006
2832,435600 ,2007JJ00,2570.0,2034.0,536.0,2544.0,3.9,5.8,3.8,49.5,39.2,49.0,30.3,23.9,30.0,0.7,2.6,0.6,0.2,2.1,0.1,52.0,85.0,,,,3.2,3.7,69.0,35.0,34.0,,,,,,,2.0,94 Membership organisations,"World view and political organizations, interest and ideological organizations, hobby clubs",22,2007
2833,435600 ,2008JJ00,2670.0,2101.0,569.0,2639.0,3.9,3.3,3.7,50.4,39.7,49.8,30.7,24.2,30.3,1.9,1.3,1.8,1.5,0.9,1.3,53.0,87.0,,,,1.9,2.4,70.0,36.0,35.0,,,,,,,1.5,94 Membership organisations,"World view and political organizations, interest and ideological organizations, hobby clubs",22,2008
2834,435600 ,2009JJ00,2857.0,2244.0,613.0,2823.0,7.0,6.8,7.0,52.4,41.1,51.7,32.0,25.2,31.6,3.9,3.7,3.8,4.3,4.1,4.3,55.0,89.0,,,,3.0,2.6,72.0,36.0,36.0,,,,,,,3.3,94 Membership organisations,"World view and political organizations, interest and ideological organizations, hobby clubs",22,2009
2835,435600 ,2010JJ00,2956.0,2344.0,612.0,2925.0,3.5,4.5,3.6,53.2,42.2,52.6,32.6,25.8,32.2,1.6,2.5,1.7,1.7,2.6,1.8,56.0,91.0,107.0,107.0,0.0,1.9,1.8,75.0,33.0,42.0,32.0,20.0,11.0,43.0,13.0,30.0,3.3,94 Membership organisations,"World view and political organizations, interest and ideological organizations, hobby clubs",22,2010
2836,435600 ,2011JJ00,3083.0,2431.0,652.0,3058.0,4.3,3.7,4.5,55.6,43.9,55.2,34.0,26.8,33.7,4.6,4.0,4.9,4.4,3.9,4.7,55.0,91.0,107.0,107.0,0.0,-0.3,-0.2,75.0,33.0,42.0,31.0,20.0,11.0,43.0,12.0,31.0,-0.4,94 Membership organisations,"World view and political organizations, interest and ideological organizations, hobby clubs",22,2011
2837,435600 ,2012JJ00,2979.0,2331.0,648.0,2952.0,-3.4,-4.1,-3.5,57.6,45.1,57.1,35.4,27.7,35.1,3.5,2.7,3.4,4.2,3.4,4.1,52.0,84.0,100.0,100.0,0.0,-6.6,-7.3,70.0,30.0,40.0,29.0,18.0,11.0,41.0,12.0,29.0,-6.4,94 Membership organisations,"World view and political organizations, interest and ideological organizations, hobby clubs",22,2012
2838,435600 ,2013JJ00,2897.0,2277.0,620.0,2887.0,-2.8,-2.3,-2.2,59.6,46.8,59.3,36.4,28.6,36.3,3.4,3.9,4.0,2.8,3.3,3.4,49.0,79.0,95.0,94.0,0.0,-6.0,-5.4,66.0,28.0,38.0,26.0,16.0,10.0,41.0,12.0,28.0,-5.0,94 Membership organisations,"World view and political organizations, interest and ideological organizations, hobby clubs",22,2013
2839,435600 ,2014JJ00,2949.0,2293.0,656.0,2949.0,1.8,0.7,2.1,61.5,47.9,61.5,37.4,29.1,37.4,3.3,2.2,3.7,2.5,1.4,2.9,48.0,79.0,93.0,93.0,0.0,-1.5,-0.7,65.0,27.0,38.0,26.0,15.0,10.0,39.0,12.0,28.0,-2.3,94 Membership organisations,"World view and political organizations, interest and ideological organizations, hobby clubs",22,2014
2840,435600 ,2015JJ00,2866.0,2257.0,609.0,2870.0,-2.8,-1.5,-2.7,63.1,49.7,63.2,38.1,30.0,38.2,2.5,3.9,2.7,2.1,3.4,2.2,45.0,75.0,89.0,89.0,0.0,-5.2,-4.8,61.0,27.0,34.0,24.0,15.0,10.0,37.0,12.0,25.0,-6.1,94 Membership organisations,"World view and political organizations, interest and ideological organizations, hobby clubs",22,2015
2841,435600 ,2016JJ00,2978.0,2327.0,651.0,2975.0,3.9,3.1,3.7,65.0,50.8,64.9,39.3,30.7,39.2,3.0,2.2,2.7,2.9,2.1,2.7,46.0,76.0,90.0,90.0,0.0,0.9,1.0,61.0,27.0,35.0,24.0,15.0,10.0,37.0,12.0,25.0,0.5,94 Membership organisations,"World view and political organizations, interest and ideological organizations, hobby clubs",22,2016
2842,435600 ,2017JJ00,3102.0,2423.0,679.0,3098.0,4.2,4.1,4.1,66.0,51.6,65.9,39.9,31.2,39.9,1.6,1.5,1.5,1.7,1.6,1.6,47.0,78.0,92.0,92.0,0.0,2.5,2.4,63.0,27.0,36.0,24.0,15.0,9.0,39.0,12.0,27.0,2.3,94 Membership organisations,"World view and political organizations, interest and ideological organizations, hobby clubs",22,2017
2843,435600 ,2018JJ00,3247.0,2525.0,722.0,3244.0,4.7,4.2,4.7,67.5,52.5,67.4,40.9,31.8,40.9,2.3,1.8,2.3,2.5,2.0,2.5,48.0,79.0,95.0,94.0,0.0,2.4,2.1,64.0,27.0,37.0,24.0,15.0,9.0,40.0,12.0,28.0,1.7,94 Membership organisations,"World view and political organizations, interest and ideological organizations, hobby clubs",22,2018
2844,435600 ,2019JJ00,3380.0,2604.0,776.0,3378.0,4.1,3.1,4.1,69.7,53.7,69.6,42.1,32.4,42.1,3.2,2.2,3.2,2.9,2.0,3.0,49.0,80.0,96.0,95.0,0.0,0.8,1.1,64.0,27.0,37.0,24.0,14.0,9.0,40.0,12.0,28.0,0.4,94 Membership organisations,"World view and political organizations, interest and ideological organizations, hobby clubs",22,2019
2845,435600 ,2020JJ00,3528.0,2709.0,819.0,3478.0,4.4,4.0,3.0,71.7,55.1,70.7,43.5,33.4,42.9,3.0,2.6,1.6,3.4,3.0,2.0,49.0,81.0,97.0,97.0,0.0,1.4,1.0,64.0,27.0,38.0,24.0,14.0,10.0,41.0,12.0,28.0,0.5,94 Membership organisations,"World view and political organizations, interest and ideological organizations, hobby clubs",22,2020
2846,435600 ,2021JJ00,3634.0,2779.0,855.0,3597.0,3.0,2.6,3.4,73.1,55.9,72.4,44.4,33.9,43.9,1.9,1.5,2.3,1.9,1.5,2.3,50.0,82.0,98.0,98.0,0.0,1.1,1.1,64.0,27.0,38.0,24.0,14.0,10.0,40.0,12.0,28.0,0.1,94 Membership organisations,"World view and political organizations, interest and ideological organizations, hobby clubs",22,2021
2847,435600 ,2022JJ00,3792.0,2863.0,929.0,3783.0,4.4,3.0,5.2,75.9,57.3,75.7,46.4,35.1,46.3,3.8,2.5,4.7,4.7,3.3,5.5,50.0,82.0,98.0,98.0,0.0,0.5,-0.3,65.0,27.0,38.0,24.0,14.0,10.0,40.0,12.0,28.0,0.5,94 Membership organisations,"World view and political organizations, interest and ideological organizations, hobby clubs",22,2022
2848,435600 ,2023JJ00,4182.0,3174.0,1008.0,4179.0,10.3,10.9,10.5,80.3,60.9,80.2,49.2,37.3,49.2,5.7,6.3,5.9,5.9,6.5,6.1,52.0,85.0,103.0,103.0,0.0,4.3,4.1,67.0,27.0,40.0,25.0,14.0,11.0,42.0,13.0,29.0,4.1,94 Membership organisations,"World view and political organizations, interest and ideological organizations, hobby clubs",22,2023
2849,435600 ,2024JJ00,4468.0,3429.0,1039.0,4464.0,6.8,8.0,6.8,84.8,65.1,84.7,51.4,39.4,51.3,5.6,6.8,5.6,4.4,5.5,4.3,53.0,87.0,105.0,104.0,0.0,1.2,2.4,68.0,27.0,40.0,25.0,14.0,11.0,42.0,13.0,29.0,0.5,94 Membership organisations,"World view and political organizations, interest and ideological organizations, hobby clubs",22,2024
2850,437500 ,1995JJ00,108.0,92.0,16.0,108.0,,,,24.4,20.8,24.4,14.0,12.0,14.0,,,,,,,4.0,8.0,,,,,,5.0,3.0,3.0,,,,,,,,95 Repair computers and consumergoods,Repair of computers and consumergoods,22,1995
2851,437500 ,1996JJ00,114.0,98.0,16.0,113.0,5.6,6.5,4.7,25.0,21.5,24.8,14.2,12.3,14.1,2.5,3.4,1.6,1.6,2.5,0.7,5.0,8.0,,,,3.0,3.9,5.0,3.0,3.0,,,,,,,2.6,95 Repair computers and consumergoods,Repair of computers and consumergoods,22,1996
2852,437500 ,1997JJ00,121.0,105.0,16.0,119.0,6.7,7.6,5.9,25.5,22.1,25.0,14.6,12.7,14.4,1.9,2.7,1.1,2.8,3.6,2.0,5.0,8.0,,,,4.7,3.8,6.0,3.0,3.0,,,,,,,5.7,95 Repair computers and consumergoods,Repair of computers and consumergoods,22,1997
2853,437500 ,1998JJ00,132.0,109.0,23.0,130.0,8.7,3.4,8.9,26.2,21.6,25.8,15.1,12.4,14.8,3.0,-2.0,3.1,2.9,-2.2,3.0,5.0,9.0,,,,5.6,5.7,6.0,3.0,3.0,,,,,,,5.4,95 Repair computers and consumergoods,Repair of computers and consumergoods,22,1998
2854,437500 ,1999JJ00,149.0,122.0,27.0,145.0,12.9,12.0,11.5,27.9,22.9,27.2,16.0,13.1,15.6,6.5,5.7,5.2,6.4,5.6,5.1,5.0,9.0,,,,6.0,6.1,6.0,3.0,3.0,,,,,,,6.2,95 Repair computers and consumergoods,Repair of computers and consumergoods,22,1999
2855,437500 ,2000JJ00,163.0,131.0,32.0,159.0,9.4,7.6,9.7,29.7,23.9,29.0,17.2,13.8,16.7,6.4,4.6,6.6,7.2,5.3,7.4,5.0,9.0,,,,2.9,2.1,7.0,3.0,3.0,,,,,,,3.0,95 Repair computers and consumergoods,Repair of computers and consumergoods,22,2000
2856,437500 ,2001JJ00,171.0,138.0,33.0,167.0,4.9,5.4,5.0,30.5,24.7,29.8,17.6,14.2,17.2,2.8,3.3,2.9,2.6,3.1,2.7,6.0,10.0,,,,2.0,2.2,7.0,3.0,3.0,,,,,,,1.9,95 Repair computers and consumergoods,Repair of computers and consumergoods,22,2001
2857,437500 ,2002JJ00,170.0,137.0,33.0,166.0,-0.1,-0.4,-0.1,31.1,25.1,30.4,17.9,14.5,17.5,1.9,1.6,1.9,1.8,1.5,1.8,5.0,9.0,,,,-2.0,-1.9,7.0,3.0,3.0,,,,,,,-0.6,95 Repair computers and consumergoods,Repair of computers and consumergoods,22,2002
2858,437500 ,2003JJ00,173.0,140.0,33.0,171.0,1.5,2.1,2.7,32.7,26.5,32.3,19.0,15.4,18.8,5.1,5.7,6.3,5.9,6.6,7.2,5.0,9.0,,,,-3.4,-4.2,7.0,3.0,3.0,,,,,,,-1.7,95 Repair computers and consumergoods,Repair of computers and consumergoods,22,2003
2859,437500 ,2004JJ00,171.0,138.0,33.0,168.0,-1.3,-1.5,-1.9,32.8,26.5,32.2,18.6,15.1,18.3,0.2,0.0,-0.4,-1.8,-2.1,-2.4,5.0,9.0,,,,-1.5,0.6,6.0,3.0,3.0,,,,,,,-2.4,95 Repair computers and consumergoods,Repair of computers and consumergoods,22,2004
2860,437500 ,2005JJ00,171.0,141.0,30.0,169.0,0.3,2.5,0.9,33.9,28.0,33.5,19.5,16.1,19.2,3.4,5.6,4.0,4.4,6.7,5.1,5.0,9.0,,,,-2.9,-3.9,6.0,3.0,3.0,,,,,,,-2.3,95 Repair computers and consumergoods,Repair of computers and consumergoods,22,2005
2861,437500 ,2006JJ00,177.0,147.0,30.0,176.0,3.4,4.2,4.0,33.7,28.1,33.5,19.4,16.2,19.3,-0.6,0.2,0.0,-0.1,0.6,0.5,5.0,9.0,,,,4.0,3.5,6.0,3.0,3.0,,,,,,,2.9,95 Repair computers and consumergoods,Repair of computers and consumergoods,22,2006
2862,437500 ,2007JJ00,190.0,155.0,35.0,188.0,7.5,5.2,7.0,35.0,28.5,34.6,20.1,16.4,19.9,3.8,1.6,3.3,3.5,1.4,3.0,5.0,9.0,,,,3.6,3.8,7.0,3.0,3.0,,,,,,,3.9,95 Repair computers and consumergoods,Repair of computers and consumergoods,22,2007
2863,437500 ,2008JJ00,200.0,163.0,37.0,199.0,5.2,5.2,5.8,36.0,29.4,35.9,20.8,17.0,20.7,3.1,3.0,3.7,3.4,3.3,4.0,6.0,10.0,,,,2.1,1.8,7.0,3.0,3.0,,,,,,,2.7,95 Repair computers and consumergoods,Repair of computers and consumergoods,22,2008
2864,437500 ,2009JJ00,185.0,152.0,33.0,183.0,-7.6,-6.6,-8.1,36.8,30.4,36.5,21.0,17.3,20.8,2.2,3.3,1.6,1.1,2.2,0.5,5.0,9.0,,,,-9.6,-8.5,6.0,3.0,3.0,,,,,,,-7.6,95 Repair computers and consumergoods,Repair of computers and consumergoods,22,2009
2865,437500 ,2010JJ00,189.0,155.0,34.0,187.0,2.4,1.9,2.4,38.6,31.6,38.1,22.0,18.0,21.8,4.6,4.2,4.7,4.5,4.1,4.6,5.0,9.0,10.0,10.0,0.0,-2.2,-2.1,6.0,4.0,2.0,4.0,3.0,0.0,3.0,1.0,1.0,-2.0,95 Repair computers and consumergoods,Repair of computers and consumergoods,22,2010
2866,437500 ,2011JJ00,193.0,157.0,36.0,193.0,2.3,1.3,3.4,40.7,33.1,40.7,22.9,18.6,22.9,5.6,4.5,6.7,4.3,3.2,5.4,5.0,8.0,10.0,10.0,0.0,-3.1,-1.9,6.0,4.0,2.0,4.0,3.0,0.0,2.0,1.0,1.0,-2.7,95 Repair computers and consumergoods,Repair of computers and consumergoods,22,2011
2867,437500 ,2012JJ00,191.0,153.0,38.0,190.0,-1.1,-2.6,-1.7,40.2,32.2,40.0,22.9,18.3,22.7,-1.2,-2.7,-1.8,-0.3,-1.8,-0.9,5.0,8.0,10.0,10.0,0.0,0.1,-0.8,6.0,4.0,2.0,3.0,3.0,0.0,3.0,1.0,1.0,0.3,95 Repair computers and consumergoods,Repair of computers and consumergoods,22,2012
2868,437500 ,2013JJ00,175.0,141.0,34.0,174.0,-8.2,-7.7,-8.2,40.6,32.6,40.3,23.0,18.5,22.9,0.9,1.4,0.9,0.7,1.1,0.6,4.0,8.0,9.0,9.0,0.0,-9.0,-8.8,6.0,4.0,2.0,3.0,3.0,0.0,2.0,1.0,1.0,-8.7,95 Repair computers and consumergoods,Repair of computers and consumergoods,22,2013
2869,437500 ,2014JJ00,172.0,136.0,36.0,172.0,-1.8,-3.6,-1.2,42.3,33.4,42.3,23.8,18.8,23.8,4.3,2.3,4.9,3.5,1.5,4.1,4.0,7.0,8.0,8.0,0.0,-5.8,-5.1,5.0,4.0,1.0,3.0,3.0,0.0,2.0,1.0,1.0,-5.6,95 Repair computers and consumergoods,Repair of computers and consumergoods,22,2014
2870,437500 ,2015JJ00,176.0,142.0,34.0,175.0,2.0,4.2,1.5,40.7,32.8,40.4,22.8,18.3,22.6,-3.9,-1.9,-4.4,-4.3,-2.3,-4.9,4.0,8.0,9.0,9.0,0.0,6.2,6.7,6.0,4.0,2.0,3.0,3.0,0.0,3.0,1.0,1.0,8.8,95 Repair computers and consumergoods,Repair of computers and consumergoods,22,2015
2871,437500 ,2016JJ00,183.0,146.0,37.0,183.0,3.9,2.9,4.5,42.4,33.8,42.4,23.8,19.0,23.8,4.3,3.2,4.9,4.5,3.4,5.1,4.0,8.0,9.0,9.0,0.0,-0.3,-0.5,6.0,4.0,2.0,3.0,3.0,0.0,3.0,1.0,1.0,-0.6,95 Repair computers and consumergoods,Repair of computers and consumergoods,22,2016
2872,437500 ,2017JJ00,182.0,144.0,38.0,180.0,-0.7,-1.3,-1.8,42.4,33.6,41.9,24.1,19.1,23.8,-0.1,-0.7,-1.2,1.2,0.6,0.1,4.0,8.0,9.0,9.0,0.0,-0.6,-1.9,6.0,4.0,2.0,3.0,3.0,0.0,2.0,1.0,1.0,-1.1,95 Repair computers and consumergoods,Repair of computers and consumergoods,22,2017
2873,437500 ,2018JJ00,196.0,155.0,41.0,195.0,7.7,7.6,8.4,43.6,34.5,43.4,24.6,19.5,24.4,2.9,2.8,3.5,2.1,2.0,2.7,4.0,8.0,9.0,9.0,0.0,4.7,5.5,6.0,4.0,2.0,3.0,3.0,0.0,3.0,1.0,1.0,4.3,95 Repair computers and consumergoods,Repair of computers and consumergoods,22,2018
2874,437500 ,2019JJ00,194.0,153.0,41.0,193.0,-0.8,-1.2,-0.8,45.1,35.6,44.9,25.5,20.1,25.4,3.4,3.0,3.4,4.0,3.5,4.0,4.0,8.0,9.0,9.0,0.0,-4.1,-4.6,6.0,4.0,2.0,3.0,3.0,0.0,3.0,1.0,1.0,-4.2,95 Repair computers and consumergoods,Repair of computers and consumergoods,22,2019
2875,437500 ,2020JJ00,194.0,152.0,42.0,187.0,0.1,-0.6,-3.0,45.7,35.8,44.1,26.1,20.4,25.2,1.4,0.7,-1.7,2.2,1.4,-1.0,4.0,7.0,9.0,9.0,0.0,-1.3,-2.0,5.0,4.0,1.0,3.0,3.0,0.0,2.0,1.0,1.0,-2.8,95 Repair computers and consumergoods,Repair of computers and consumergoods,22,2020
2876,437500 ,2021JJ00,192.0,150.0,42.0,186.0,-1.1,-1.3,-0.6,46.3,36.1,44.8,26.5,20.7,25.6,1.2,0.9,1.7,1.3,1.1,1.8,4.0,7.0,9.0,8.0,0.0,-2.2,-2.4,5.0,4.0,1.0,3.0,2.0,0.0,2.0,1.0,1.0,-1.9,95 Repair computers and consumergoods,Repair of computers and consumergoods,22,2021
2877,437500 ,2022JJ00,188.0,146.0,42.0,187.0,-2.1,-2.8,0.5,47.4,36.8,47.2,27.4,21.3,27.3,2.5,1.8,5.3,3.6,2.9,6.4,4.0,7.0,8.0,8.0,0.0,-4.6,-5.5,5.0,4.0,1.0,3.0,2.0,0.0,2.0,1.0,1.0,-2.9,95 Repair computers and consumergoods,Repair of computers and consumergoods,22,2022
2878,437500 ,2023JJ00,190.0,148.0,42.0,190.0,0.7,1.3,1.2,49.8,38.8,49.8,28.9,22.6,28.9,4.9,5.6,5.5,5.5,6.2,6.1,4.0,7.0,8.0,8.0,0.0,-4.1,-4.6,5.0,4.0,1.0,2.0,2.0,0.0,2.0,1.0,1.0,-3.3,95 Repair computers and consumergoods,Repair of computers and consumergoods,22,2023
2879,437500 ,2024JJ00,220.0,165.0,55.0,220.0,15.5,11.2,15.5,56.2,42.2,56.2,32.3,24.2,32.3,12.9,8.7,12.9,11.5,7.4,11.5,4.0,7.0,8.0,8.0,0.0,2.3,3.5,5.0,4.0,2.0,2.0,2.0,0.0,3.0,1.0,1.0,2.5,95 Repair computers and consumergoods,Repair of computers and consumergoods,22,2024
2880,438600 ,1995JJ00,703.0,604.0,99.0,695.0,,,,21.9,18.8,21.7,13.4,11.5,13.3,,,,,,,32.0,52.0,,,,,,43.0,10.0,33.0,,,,,,,,96 Other personal services,Wellness and other services; funeral activities,22,1995
2881,438600 ,1996JJ00,742.0,647.0,95.0,719.0,5.5,7.1,3.4,22.6,19.7,21.9,13.9,12.1,13.4,3.4,4.9,1.3,3.4,4.9,1.3,33.0,54.0,,,,2.1,2.1,45.0,10.0,34.0,,,,,,,3.4,96 Other personal services,Wellness and other services; funeral activities,22,1996
2882,438600 ,1997JJ00,815.0,718.0,97.0,775.0,9.8,11.0,7.7,23.4,20.6,22.3,14.4,12.7,13.7,3.5,4.6,1.6,3.9,5.0,1.9,35.0,57.0,,,,6.1,5.7,46.0,11.0,35.0,,,,,,,2.7,96 Other personal services,Wellness and other services; funeral activities,22,1997
2883,438600 ,1998JJ00,869.0,693.0,176.0,815.0,6.5,-3.5,5.0,24.1,19.3,22.6,14.8,11.8,13.9,3.0,-6.7,1.6,3.0,-6.7,1.6,36.0,58.0,,,,3.4,3.4,47.0,11.0,35.0,,,,,,,1.8,96 Other personal services,Wellness and other services; funeral activities,22,1998
2884,438600 ,1999JJ00,872.0,707.0,165.0,808.0,0.4,2.0,-0.8,23.5,19.0,21.8,14.4,11.7,13.4,-2.8,-1.2,-3.9,-2.7,-1.1,-3.9,37.0,60.0,,,,3.2,3.2,48.0,12.0,37.0,,,,,,,3.4,96 Other personal services,Wellness and other services; funeral activities,22,1999
2885,438600 ,2000JJ00,936.0,739.0,197.0,868.0,7.4,4.5,7.5,24.7,19.5,22.9,15.3,12.1,14.2,5.3,2.5,5.4,6.2,3.3,6.2,38.0,61.0,,,,2.0,1.1,50.0,11.0,38.0,,,,,,,2.7,96 Other personal services,Wellness and other services; funeral activities,22,2000
2886,438600 ,2001JJ00,937.0,759.0,178.0,863.0,0.2,2.7,-0.5,25.3,20.5,23.3,15.1,12.2,13.9,2.3,4.9,1.6,-1.6,1.0,-2.2,37.0,62.0,,,,-2.0,1.7,51.0,11.0,39.0,,,,,,,2.3,96 Other personal services,Wellness and other services; funeral activities,22,2001
2887,438600 ,2002JJ00,970.0,786.0,184.0,894.0,3.5,3.5,3.6,26.3,21.3,24.3,16.0,13.0,14.7,4.1,4.2,4.2,6.0,6.1,6.1,37.0,61.0,,,,-0.6,-2.4,52.0,12.0,40.0,,,,,,,2.6,96 Other personal services,Wellness and other services; funeral activities,22,2002
2888,438600 ,2003JJ00,989.0,798.0,191.0,926.0,2.0,1.6,3.6,26.9,21.7,25.2,16.4,13.2,15.4,2.3,2.0,4.0,2.6,2.2,4.3,37.0,60.0,,,,-0.4,-0.6,52.0,13.0,40.0,,,,,,,0.6,96 Other personal services,Wellness and other services; funeral activities,22,2003
2889,438600 ,2004JJ00,1034.0,835.0,199.0,971.0,4.6,4.7,4.9,27.6,22.3,25.9,16.6,13.4,15.6,2.5,2.6,2.8,1.4,1.5,1.7,37.0,62.0,,,,2.0,3.2,53.0,12.0,41.0,,,,,,,1.8,96 Other personal services,Wellness and other services; funeral activities,22,2004
2890,438600 ,2005JJ00,1037.0,847.0,190.0,977.0,0.2,1.4,0.6,27.6,22.5,26.0,16.9,13.8,15.9,-0.1,1.0,0.2,1.2,2.4,1.6,38.0,62.0,,,,0.4,-1.0,56.0,13.0,43.0,,,,,,,4.2,96 Other personal services,Wellness and other services; funeral activities,22,2005
2891,438600 ,2006JJ00,1040.0,858.0,182.0,985.0,0.3,1.3,0.9,27.6,22.8,26.2,17.0,14.0,16.1,0.2,1.2,0.8,0.7,1.7,1.2,38.0,61.0,,,,0.1,-0.4,55.0,13.0,42.0,,,,,,,-0.9,96 Other personal services,Wellness and other services; funeral activities,22,2006
2892,438600 ,2007JJ00,1090.0,900.0,190.0,1033.0,4.8,4.9,4.9,28.1,23.2,26.6,17.3,14.3,16.4,1.7,1.8,1.7,2.0,2.1,2.1,39.0,63.0,,,,3.1,2.8,57.0,14.0,43.0,,,,,,,3.9,96 Other personal services,Wellness and other services; funeral activities,22,2007
2893,438600 ,2008JJ00,1161.0,953.0,208.0,1105.0,6.5,5.9,6.9,29.2,24.0,27.8,18.0,14.8,17.1,4.0,3.4,4.5,4.1,3.5,4.5,40.0,64.0,,,,2.4,2.3,59.0,15.0,44.0,,,,,,,2.3,96 Other personal services,Wellness and other services; funeral activities,22,2008
2894,438600 ,2009JJ00,1199.0,987.0,212.0,1140.0,3.2,3.5,3.1,30.1,24.8,28.6,18.5,15.2,17.6,3.0,3.3,2.9,2.8,3.1,2.7,40.0,65.0,,,,0.2,0.4,59.0,14.0,44.0,,,,,,,-0.2,96 Other personal services,Wellness and other services; funeral activities,22,2009
2895,438600 ,2010JJ00,1247.0,1020.0,227.0,1186.0,4.1,3.4,4.1,31.4,25.7,29.9,19.3,15.8,18.3,4.2,3.6,4.3,4.0,3.3,4.0,40.0,65.0,76.0,75.0,1.0,-0.1,0.1,59.0,13.0,46.0,21.0,8.0,14.0,38.0,5.0,32.0,0.7,96 Other personal services,Wellness and other services; funeral activities,22,2010
2896,438600 ,2011JJ00,1282.0,1043.0,239.0,1233.0,2.8,2.2,3.9,32.3,26.3,31.1,19.6,16.0,18.9,2.8,2.3,4.0,2.0,1.4,3.1,40.0,65.0,76.0,75.0,1.0,-0.1,0.8,60.0,13.0,46.0,20.0,8.0,13.0,40.0,6.0,34.0,1.3,96 Other personal services,Wellness and other services; funeral activities,22,2011
2897,438600 ,2012JJ00,1270.0,1029.0,241.0,1234.0,-0.9,-1.3,0.1,32.8,26.5,31.8,20.2,16.4,19.6,1.5,1.0,2.5,2.8,2.3,3.8,39.0,63.0,74.0,74.0,1.0,-2.3,-3.6,59.0,13.0,46.0,19.0,7.0,12.0,40.0,6.0,34.0,-1.9,96 Other personal services,Wellness and other services; funeral activities,22,2012
2898,438600 ,2013JJ00,1286.0,1038.0,248.0,1258.0,1.2,0.8,1.9,33.6,27.1,32.9,20.5,16.6,20.1,2.7,2.3,3.4,1.7,1.3,2.4,38.0,63.0,74.0,73.0,1.0,-1.5,-0.5,58.0,13.0,45.0,18.0,7.0,11.0,40.0,6.0,34.0,-1.3,96 Other personal services,Wellness and other services; funeral activities,22,2013
2899,438600 ,2014JJ00,1287.0,1028.0,259.0,1272.0,0.1,-0.9,1.2,34.6,27.6,34.2,20.8,16.6,20.6,2.9,1.8,3.9,1.3,0.3,2.3,37.0,62.0,72.0,72.0,1.0,-2.7,-1.2,57.0,13.0,44.0,17.0,7.0,10.0,40.0,6.0,34.0,-1.7,96 Other personal services,Wellness and other services; funeral activities,22,2014
2900,438600 ,2015JJ00,1285.0,1035.0,250.0,1276.0,-0.2,0.7,0.3,34.9,28.1,34.6,20.9,16.8,20.7,0.7,1.6,1.2,0.4,1.3,0.9,37.0,62.0,72.0,71.0,1.0,-0.9,-0.6,57.0,13.0,44.0,16.0,7.0,9.0,41.0,6.0,35.0,0.1,96 Other personal services,Wellness and other services; funeral activities,22,2015
2901,438600 ,2016JJ00,1332.0,1068.0,264.0,1320.0,3.6,3.2,3.4,35.5,28.5,35.2,21.3,17.1,21.1,1.8,1.3,1.6,1.8,1.4,1.6,38.0,63.0,73.0,73.0,0.0,1.8,1.8,58.0,13.0,45.0,15.0,7.0,9.0,42.0,6.0,36.0,2.0,96 Other personal services,Wellness and other services; funeral activities,22,2016
2902,438600 ,2017JJ00,1372.0,1100.0,272.0,1362.0,3.0,3.0,3.2,36.8,29.5,36.5,21.6,17.3,21.5,3.7,3.7,3.9,1.6,1.6,1.8,37.0,63.0,75.0,74.0,0.0,-0.7,1.4,59.0,13.0,46.0,13.0,7.0,7.0,45.0,6.0,39.0,1.4,96 Other personal services,Wellness and other services; funeral activities,22,2017
2903,438600 ,2018JJ00,1438.0,1152.0,286.0,1422.0,4.8,4.8,4.4,37.7,30.2,37.3,22.1,17.7,21.8,2.4,2.3,2.0,2.2,2.1,1.8,38.0,65.0,77.0,76.0,1.0,2.4,2.6,60.0,14.0,46.0,14.0,7.0,7.0,46.0,7.0,39.0,1.7,96 Other personal services,Wellness and other services; funeral activities,22,2018
2904,438600 ,2019JJ00,1505.0,1194.0,311.0,1491.0,4.6,3.6,4.8,39.0,30.9,38.6,22.8,18.1,22.6,3.4,2.4,3.5,3.1,2.1,3.3,39.0,66.0,78.0,77.0,1.0,1.2,1.5,61.0,14.0,47.0,13.0,7.0,7.0,47.0,7.0,40.0,1.3,96 Other personal services,Wellness and other services; funeral activities,22,2019
2905,438600 ,2020JJ00,1497.0,1186.0,311.0,1325.0,-0.5,-0.7,-11.1,40.2,31.9,35.6,24.5,19.4,21.7,3.2,3.1,-7.8,7.7,7.6,-3.7,37.0,61.0,75.0,75.0,0.0,-3.6,-7.7,58.0,13.0,45.0,13.0,7.0,6.0,45.0,6.0,38.0,-4.8,96 Other personal services,Wellness and other services; funeral activities,22,2020
2906,438600 ,2021JJ00,1513.0,1193.0,320.0,1371.0,1.1,0.6,3.5,41.6,32.8,37.7,25.2,19.8,22.8,3.4,2.9,5.9,2.6,2.1,5.1,36.0,60.0,73.0,73.0,0.0,-2.3,-1.5,55.0,13.0,43.0,13.0,7.0,6.0,42.0,6.0,36.0,-3.8,96 Other personal services,Wellness and other services; funeral activities,22,2021
2907,438600 ,2022JJ00,1603.0,1255.0,348.0,1562.0,6.0,5.2,13.9,43.3,33.9,42.2,25.6,20.0,24.9,4.2,3.5,12.1,1.7,1.0,9.4,37.0,63.0,75.0,74.0,0.0,1.7,4.2,57.0,13.0,44.0,14.0,7.0,7.0,43.0,6.0,37.0,2.3,96 Other personal services,Wellness and other services; funeral activities,22,2022
2908,438600 ,2023JJ00,1714.0,1343.0,371.0,1678.0,6.9,7.0,7.4,46.5,36.4,45.5,27.5,21.6,27.0,7.3,7.4,7.8,7.5,7.6,8.1,37.0,62.0,74.0,74.0,0.0,-0.4,-0.6,56.0,13.0,43.0,13.0,7.0,7.0,43.0,7.0,36.0,-0.6,96 Other personal services,Wellness and other services; funeral activities,22,2023
2909,438600 ,2024JJ00,1855.0,1470.0,385.0,1820.0,8.2,9.4,8.4,49.9,39.6,49.0,29.3,23.2,28.7,7.4,8.6,7.6,6.4,7.6,6.6,37.0,63.0,75.0,75.0,0.0,0.7,1.7,57.0,14.0,44.0,13.0,7.0,6.0,44.0,7.0,37.0,1.7,96 Other personal services,Wellness and other services; funeral activities,22,2024
2910,440000 ,1995JJ00,40.0,34.0,6.0,40.0,,,,28.9,24.4,28.9,18.0,15.2,18.0,,,,,,,1.0,2.0,,,,,,4.0,1.0,3.0,,,,,,,,T Activities of households,Activities of households as employers; undifferentiated goods- and service- producing activities of households for own use,3,1995
2911,440000 ,1996JJ00,42.0,36.0,6.0,42.0,6.4,7.2,6.4,29.5,25.1,29.5,18.2,15.5,18.2,2.1,2.9,2.1,1.0,1.8,1.0,1.0,2.0,,,,4.2,5.3,4.0,1.0,3.0,,,,,,,4.0,T Activities of households,Activities of households as employers; undifferentiated goods- and service- producing activities of households for own use,3,1996
2912,440000 ,1997JJ00,43.0,39.0,4.0,43.0,3.0,8.9,3.0,27.9,25.1,27.9,17.2,15.5,17.2,-5.4,-0.1,-5.4,-5.4,0.0,-5.4,2.0,3.0,,,,9.0,8.9,5.0,1.0,4.0,,,,,,,8.7,T Activities of households,Activities of households as employers; undifferentiated goods- and service- producing activities of households for own use,3,1997
2913,440000 ,1998JJ00,68.0,61.0,7.0,68.0,54.5,53.9,54.5,26.8,24.0,26.8,16.5,14.8,16.5,-4.0,-4.3,-4.0,-4.2,-4.6,-4.2,3.0,4.0,,,,60.9,61.3,8.0,2.0,6.0,,,,,,,61.1,T Activities of households,Activities of households as employers; undifferentiated goods- and service- producing activities of households for own use,3,1998
2914,440000 ,1999JJ00,81.0,73.0,8.0,81.0,19.4,20.0,19.4,27.8,25.0,27.8,17.0,15.3,17.0,3.7,4.2,3.7,3.2,3.7,3.2,3.0,5.0,,,,15.1,15.6,9.0,2.0,7.0,,,,,,,15.0,T Activities of households,Activities of households as employers; undifferentiated goods- and service- producing activities of households for own use,3,1999
2915,440000 ,2000JJ00,96.0,88.0,8.0,96.0,19.6,21.4,19.6,29.0,26.5,29.0,17.9,16.3,17.9,4.2,5.8,4.2,5.0,6.6,5.0,3.0,5.0,,,,14.7,13.9,10.0,2.0,8.0,,,,,,,14.7,T Activities of households,Activities of households as employers; undifferentiated goods- and service- producing activities of households for own use,3,2000
2916,440000 ,2001JJ00,114.0,106.0,8.0,114.0,18.2,19.9,18.2,29.6,27.4,29.6,18.2,16.9,18.2,2.0,3.5,2.0,2.0,3.5,2.0,4.0,6.0,,,,15.8,15.8,12.0,3.0,9.0,,,,,,,15.8,T Activities of households,Activities of households as employers; undifferentiated goods- and service- producing activities of households for own use,3,2001
2917,440000 ,2002JJ00,142.0,129.0,13.0,142.0,24.3,22.2,24.3,31.9,29.1,31.9,19.6,17.9,19.6,7.8,6.0,7.8,7.8,6.0,7.8,4.0,7.0,,,,15.3,15.3,13.0,3.0,10.0,,,,,,,15.3,T Activities of households,Activities of households as employers; undifferentiated goods- and service- producing activities of households for own use,3,2002
2918,440000 ,2003JJ00,174.0,161.0,13.0,174.0,22.4,24.5,22.4,31.9,29.6,31.9,19.7,18.2,19.7,0.2,1.9,0.2,0.3,1.9,0.3,5.0,9.0,,,,22.2,22.1,16.0,1.0,15.0,,,,,,,22.4,T Activities of households,Activities of households as employers; undifferentiated goods- and service- producing activities of households for own use,3,2003
2919,440000 ,2004JJ00,225.0,208.0,17.0,225.0,29.5,29.3,29.5,32.8,30.3,32.8,20.0,18.5,20.0,2.7,2.5,2.7,1.6,1.5,1.6,7.0,11.0,,,,26.1,27.4,20.0,7.0,13.0,,,,,,,26.2,T Activities of households,Activities of households as employers; undifferentiated goods- and service- producing activities of households for own use,3,2004
2920,440000 ,2005JJ00,261.0,244.0,17.0,261.0,15.7,17.1,15.7,33.4,31.3,33.4,20.5,19.2,20.5,1.9,3.1,1.9,2.7,3.9,2.7,8.0,13.0,,,,13.6,12.7,23.0,6.0,18.0,,,,,,,13.6,T Activities of households,Activities of households as employers; undifferentiated goods- and service- producing activities of households for own use,3,2005
2921,440000 ,2006JJ00,303.0,282.0,21.0,303.0,16.3,15.6,16.3,34.0,31.6,34.0,21.0,19.5,21.0,1.8,1.2,1.8,2.2,1.6,2.2,9.0,14.0,,,,14.3,13.8,27.0,1.0,25.0,,,,,,,14.3,T Activities of households,Activities of households as employers; undifferentiated goods- and service- producing activities of households for own use,3,2006
2922,440000 ,2007JJ00,312.0,291.0,21.0,312.0,3.3,3.4,3.3,32.3,30.1,32.3,19.9,18.6,19.9,-5.0,-4.9,-5.0,-5.0,-4.9,-5.0,10.0,16.0,,,,8.7,8.7,30.0,2.0,29.0,,,,,,,13.7,T Activities of households,Activities of households as employers; undifferentiated goods- and service- producing activities of households for own use,3,2007
2923,440000 ,2008JJ00,357.0,331.0,26.0,357.0,14.2,13.7,14.2,32.6,30.3,32.6,20.2,18.8,20.2,1.0,0.6,1.0,1.5,1.1,1.5,11.0,18.0,,,,13.0,12.5,34.0,2.0,32.0,,,,,,,11.3,T Activities of households,Activities of households as employers; undifferentiated goods- and service- producing activities of households for own use,3,2008
2924,440000 ,2009JJ00,411.0,383.0,28.0,411.0,15.1,15.5,15.1,32.0,29.8,32.0,19.9,18.5,19.9,-1.9,-1.5,-1.9,-1.8,-1.5,-1.8,13.0,21.0,,,,17.3,17.2,38.0,2.0,37.0,,,,,,,13.9,T Activities of households,Activities of households as employers; undifferentiated goods- and service- producing activities of households for own use,3,2009
2925,440000 ,2010JJ00,464.0,434.0,30.0,464.0,12.8,13.3,12.8,32.7,30.6,32.7,20.2,18.9,20.2,2.3,2.7,2.3,1.8,2.2,1.8,14.0,23.0,27.0,27.0,0.0,10.3,10.8,43.0,9.0,34.0,5.0,1.0,4.0,38.0,7.0,30.0,10.8,T Activities of households,Activities of households as employers; undifferentiated goods- and service- producing activities of households for own use,3,2010
2926,440000 ,2011JJ00,484.0,454.0,30.0,484.0,4.5,4.7,4.5,32.5,30.4,32.5,20.0,18.7,20.0,-0.9,-0.7,-0.9,-1.2,-1.0,-1.2,15.0,24.0,29.0,29.0,0.0,5.4,5.7,53.0,11.0,42.0,4.0,1.0,3.0,49.0,10.0,39.0,24.5,T Activities of households,Activities of households as employers; undifferentiated goods- and service- producing activities of households for own use,3,2011
2927,440000 ,2012JJ00,525.0,494.0,31.0,525.0,8.4,8.8,8.4,33.1,31.1,33.1,20.4,19.2,20.4,1.9,2.2,1.9,2.2,2.5,2.2,16.0,26.0,31.0,31.0,0.0,6.4,6.1,52.0,11.0,41.0,5.0,1.0,3.0,47.0,10.0,37.0,-2.1,T Activities of households,Activities of households as employers; undifferentiated goods- and service- producing activities of households for own use,3,2012
2928,440000 ,2013JJ00,516.0,489.0,27.0,516.0,-1.7,-1.0,-1.7,31.9,30.2,31.9,19.7,18.6,19.7,-3.6,-2.9,-3.6,-3.6,-2.9,-3.6,16.0,26.0,32.0,32.0,0.0,1.9,2.0,44.0,9.0,35.0,5.0,1.0,4.0,39.0,8.0,31.0,-14.9,T Activities of households,Activities of households as employers; undifferentiated goods- and service- producing activities of households for own use,3,2013
2929,440000 ,2014JJ00,517.0,491.0,26.0,517.0,0.2,0.4,0.2,31.9,30.3,31.9,19.4,18.4,19.4,0.1,0.3,0.1,-1.7,-1.5,-1.7,16.0,27.0,32.0,32.0,0.0,0.1,1.9,44.0,10.0,35.0,4.0,1.0,3.0,40.0,8.0,31.0,0.5,T Activities of households,Activities of households as employers; undifferentiated goods- and service- producing activities of households for own use,3,2014
2930,440000 ,2015JJ00,567.0,536.0,31.0,567.0,9.7,9.3,9.7,37.2,35.2,37.2,22.3,21.1,22.3,16.5,16.1,16.5,15.4,14.9,15.4,15.0,25.0,30.0,30.0,0.0,-5.8,-4.9,47.0,10.0,36.0,3.0,1.0,2.0,44.0,10.0,34.0,4.9,T Activities of households,Activities of households as employers; undifferentiated goods- and service- producing activities of households for own use,3,2015
2931,440000 ,2016JJ00,627.0,593.0,34.0,627.0,10.6,10.6,10.6,39.3,37.1,39.3,23.3,22.0,23.3,5.6,5.6,5.6,4.4,4.4,4.4,16.0,27.0,32.0,32.0,0.0,4.7,5.9,45.0,10.0,35.0,3.0,1.0,2.0,43.0,10.0,33.0,-2.4,T Activities of households,Activities of households as employers; undifferentiated goods- and service- producing activities of households for own use,3,2016
2932,440000 ,2017JJ00,702.0,663.0,39.0,702.0,11.9,11.8,11.9,40.3,38.0,40.3,23.7,22.4,23.7,2.5,2.4,2.5,1.8,1.8,1.8,17.0,30.0,35.0,35.0,0.0,9.2,9.9,47.0,11.0,37.0,3.0,1.0,2.0,45.0,10.0,35.0,4.0,T Activities of households,Activities of households as employers; undifferentiated goods- and service- producing activities of households for own use,3,2017
2933,440000 ,2018JJ00,766.0,725.0,41.0,766.0,9.0,9.2,9.0,41.2,39.1,41.2,24.3,23.0,24.3,2.4,2.6,2.4,2.3,2.5,2.3,19.0,32.0,38.0,38.0,0.0,6.4,6.6,49.0,11.0,37.0,3.0,1.0,2.0,46.0,11.0,36.0,3.1,T Activities of households,Activities of households as employers; undifferentiated goods- and service- producing activities of households for own use,3,2018
2934,440000 ,2019JJ00,850.0,804.0,46.0,850.0,11.1,11.0,11.1,42.5,40.2,42.5,24.9,23.5,24.9,3.0,2.9,3.0,2.4,2.3,2.4,20.0,34.0,41.0,41.0,0.0,7.9,8.5,53.0,12.0,40.0,2.0,1.0,2.0,50.0,12.0,39.0,8.4,T Activities of households,Activities of households as employers; undifferentiated goods- and service- producing activities of households for own use,3,2019
2935,440000 ,2020JJ00,954.0,910.0,44.0,954.0,12.1,13.1,12.1,43.5,41.5,43.5,25.3,24.1,25.3,2.4,3.3,2.4,1.6,2.5,1.6,22.0,38.0,45.0,45.0,0.0,9.5,10.3,56.0,14.0,42.0,2.0,1.0,2.0,54.0,13.0,40.0,6.1,T Activities of households,Activities of households as employers; undifferentiated goods- and service- producing activities of households for own use,3,2020
2936,440000 ,2021JJ00,1023.0,964.0,59.0,986.0,7.3,6.0,3.4,44.8,42.2,43.2,26.1,24.6,25.2,3.0,1.8,-0.7,3.3,2.0,-0.4,23.0,39.0,47.0,47.0,0.0,4.1,3.9,56.0,14.0,41.0,5.0,1.0,4.0,51.0,13.0,37.0,-0.5,T Activities of households,Activities of households as employers; undifferentiated goods- and service- producing activities of households for own use,3,2021
2937,440000 ,2022JJ00,1044.0,972.0,72.0,1044.0,2.1,0.9,6.0,44.7,41.6,44.7,26.2,24.4,26.2,-0.2,-1.5,3.5,0.4,-0.9,4.1,23.0,40.0,48.0,48.0,0.0,2.4,1.7,57.0,15.0,42.0,3.0,1.0,3.0,54.0,14.0,39.0,2.0,T Activities of households,Activities of households as employers; undifferentiated goods- and service- producing activities of households for own use,3,2022
2938,440000 ,2023JJ00,1141.0,1083.0,58.0,1140.0,9.3,11.4,9.2,45.0,42.7,45.0,26.5,25.2,26.5,0.6,2.6,0.6,1.1,3.1,1.0,25.0,43.0,52.0,52.0,0.0,8.6,8.1,62.0,17.0,45.0,3.0,1.0,2.0,59.0,16.0,43.0,9.3,T Activities of households,Activities of households as employers; undifferentiated goods- and service- producing activities of households for own use,3,2023
2939,440000 ,2024JJ00,1231.0,1174.0,57.0,1227.0,7.9,8.4,7.6,47.2,45.1,47.1,27.5,26.3,27.5,5.0,5.5,4.7,3.9,4.4,3.7,26.0,45.0,54.0,54.0,0.0,2.8,3.8,63.0,17.0,46.0,3.0,1.0,2.0,60.0,16.0,44.0,1.6,T Activities of households,Activities of households as employers; undifferentiated goods- and service- producing activities of households for own use,3,2024
2940,440900 ,1995JJ00,,,,,,,,,,,,,,,,,,,,,,,,,,,,,,,,,,,,,U Extraterritorial organisations,Extraterritorial organisations and bodies,3,1995
2941,440900 ,1996JJ00,,,,,,,,,,,,,,,,,,,,,,,,,,,,,,,,,,,,,U Extraterritorial organisations,Extraterritorial organisations and bodies,3,1996
2942,440900 ,1997JJ00,,,,,,,,,,,,,,,,,,,,,,,,,,,,,,,,,,,,,U Extraterritorial organisations,Extraterritorial organisations and bodies,3,1997
2943,440900 ,1998JJ00,,,,,,,,,,,,,,,,,,,,,,,,,,,,,,,,,,,,,U Extraterritorial organisations,Extraterritorial organisations and bodies,3,1998
2944,440900 ,1999JJ00,,,,,,,,,,,,,,,,,,,,,,,,,,,,,,,,,,,,,U Extraterritorial organisations,Extraterritorial organisations and bodies,3,1999
2945,440900 ,2000JJ00,,,,,,,,,,,,,,,,,,,,,,,,,,,,,,,,,,,,,U Extraterritorial organisations,Extraterritorial organisations and bodies,3,2000
2946,440900 ,2001JJ00,,,,,,,,,,,,,,,,,,,,,,,,,,,,,,,,,,,,,U Extraterritorial organisations,Extraterritorial organisations and bodies,3,2001
2947,440900 ,2002JJ00,,,,,,,,,,,,,,,,,,,,,,,,,,,,,,,,,,,,,U Extraterritorial organisations,Extraterritorial organisations and bodies,3,2002
2948,440900 ,2003JJ00,,,,,,,,,,,,,,,,,,,,,,,,,,,,,,,,,,,,,U Extraterritorial organisations,Extraterritorial organisations and bodies,3,2003
2949,440900 ,2004JJ00,,,,,,,,,,,,,,,,,,,,,,,,,,,,,,,,,,,,,U Extraterritorial organisations,Extraterritorial organisations and bodies,3,2004
2950,440900 ,2005JJ00,,,,,,,,,,,,,,,,,,,,,,,,,,,,,,,,,,,,,U Extraterritorial organisations,Extraterritorial organisations and bodies,3,2005
2951,440900 ,2006JJ00,,,,,,,,,,,,,,,,,,,,,,,,,,,,,,,,,,,,,U Extraterritorial organisations,Extraterritorial organisations and bodies,3,2006
2952,440900 ,2007JJ00,,,,,,,,,,,,,,,,,,,,,,,,,,,,,,,,,,,,,U Extraterritorial organisations,Extraterritorial organisations and bodies,3,2007
2953,440900 ,2008JJ00,,,,,,,,,,,,,,,,,,,,,,,,,,,,,,,,,,,,,U Extraterritorial organisations,Extraterritorial organisations and bodies,3,2008
2954,440900 ,2009JJ00,,,,,,,,,,,,,,,,,,,,,,,,,,,,,,,,,,,,,U Extraterritorial organisations,Extraterritorial organisations and bodies,3,2009
2955,440900 ,2010JJ00,,,,,,,,,,,,,,,,,,,,,,,,,,,,,,,,,,,,,U Extraterritorial organisations,Extraterritorial organisations and bodies,3,2010
2956,440900 ,2011JJ00,,,,,,,,,,,,,,,,,,,,,,,,,,,,,,,,,,,,,U Extraterritorial organisations,Extraterritorial organisations and bodies,3,2011
2957,440900 ,2012JJ00,,,,,,,,,,,,,,,,,,,,,,,,,,,,,,,,,,,,,U Extraterritorial organisations,Extraterritorial organisations and bodies,3,2012
2958,440900 ,2013JJ00,,,,,,,,,,,,,,,,,,,,,,,,,,,,,,,,,,,,,U Extraterritorial organisations,Extraterritorial organisations and bodies,3,2013
2959,440900 ,2014JJ00,,,,,,,,,,,,,,,,,,,,,,,,,,,,,,,,,,,,,U Extraterritorial organisations,Extraterritorial organisations and bodies,3,2014
2960,440900 ,2015JJ00,,,,,,,,,,,,,,,,,,,,,,,,,,,,,,,,,,,,,U Extraterritorial organisations,Extraterritorial organisations and bodies,3,2015
2961,440900 ,2016JJ00,,,,,,,,,,,,,,,,,,,,,,,,,,,,,,,,,,,,,U Extraterritorial organisations,Extraterritorial organisations and bodies,3,2016
2962,440900 ,2017JJ00,,,,,,,,,,,,,,,,,,,,,,,,,,,,,,,,,,,,,U Extraterritorial organisations,Extraterritorial organisations and bodies,3,2017
2963,440900 ,2018JJ00,,,,,,,,,,,,,,,,,,,,,,,,,,,,,,,,,,,,,U Extraterritorial organisations,Extraterritorial organisations and bodies,3,2018
2964,440900 ,2019JJ00,,,,,,,,,,,,,,,,,,,,,,,,,,,,,,,,,,,,,U Extraterritorial organisations,Extraterritorial organisations and bodies,3,2019
2965,440900 ,2020JJ00,,,,,,,,,,,,,,,,,,,,,,,,,,,,,,,,,,,,,U Extraterritorial organisations,Extraterritorial organisations and bodies,3,2020
2966,440900 ,2021JJ00,,,,,,,,,,,,,,,,,,,,,,,,,,,,,,,,,,,,,U Extraterritorial organisations,Extraterritorial organisations and bodies,3,2021
2967,440900 ,2022JJ00,,,,,,,,,,,,,,,,,,,,,,,,,,,,,,,,,,,,,U Extraterritorial organisations,Extraterritorial organisations and bodies,3,2022
2968,440900 ,2023JJ00,,,,,,,,,,,,,,,,,,,,,,,,,,,,,,,,,,,,,U Extraterritorial organisations,Extraterritorial organisations and bodies,3,2023
2969,440900 ,2024JJ00,,,,,,,,,,,,,,,,,,,,,,,,,,,,,,,,,,,,,U Extraterritorial organisations,Extraterritorial organisations and bodies,3,2024
2970,441000 ,1995JJ00,,,,,,,,,,,,,,,,,,,,,,,,,,,,,,,,,,,,,99 Extraterritorial organisations,Extraterritorial organisations and bodies,23,1995
2971,441000 ,1996JJ00,,,,,,,,,,,,,,,,,,,,,,,,,,,,,,,,,,,,,99 Extraterritorial organisations,Extraterritorial organisations and bodies,23,1996
2972,441000 ,1997JJ00,,,,,,,,,,,,,,,,,,,,,,,,,,,,,,,,,,,,,99 Extraterritorial organisations,Extraterritorial organisations and bodies,23,1997
2973,441000 ,1998JJ00,,,,,,,,,,,,,,,,,,,,,,,,,,,,,,,,,,,,,99 Extraterritorial organisations,Extraterritorial organisations and bodies,23,1998
2974,441000 ,1999JJ00,,,,,,,,,,,,,,,,,,,,,,,,,,,,,,,,,,,,,99 Extraterritorial organisations,Extraterritorial organisations and bodies,23,1999
2975,441000 ,2000JJ00,,,,,,,,,,,,,,,,,,,,,,,,,,,,,,,,,,,,,99 Extraterritorial organisations,Extraterritorial organisations and bodies,23,2000
2976,441000 ,2001JJ00,,,,,,,,,,,,,,,,,,,,,,,,,,,,,,,,,,,,,99 Extraterritorial organisations,Extraterritorial organisations and bodies,23,2001
2977,441000 ,2002JJ00,,,,,,,,,,,,,,,,,,,,,,,,,,,,,,,,,,,,,99 Extraterritorial organisations,Extraterritorial organisations and bodies,23,2002
2978,441000 ,2003JJ00,,,,,,,,,,,,,,,,,,,,,,,,,,,,,,,,,,,,,99 Extraterritorial organisations,Extraterritorial organisations and bodies,23,2003
2979,441000 ,2004JJ00,,,,,,,,,,,,,,,,,,,,,,,,,,,,,,,,,,,,,99 Extraterritorial organisations,Extraterritorial organisations and bodies,23,2004
2980,441000 ,2005JJ00,,,,,,,,,,,,,,,,,,,,,,,,,,,,,,,,,,,,,99 Extraterritorial organisations,Extraterritorial organisations and bodies,23,2005
2981,441000 ,2006JJ00,,,,,,,,,,,,,,,,,,,,,,,,,,,,,,,,,,,,,99 Extraterritorial organisations,Extraterritorial organisations and bodies,23,2006
2982,441000 ,2007JJ00,,,,,,,,,,,,,,,,,,,,,,,,,,,,,,,,,,,,,99 Extraterritorial organisations,Extraterritorial organisations and bodies,23,2007
2983,441000 ,2008JJ00,,,,,,,,,,,,,,,,,,,,,,,,,,,,,,,,,,,,,99 Extraterritorial organisations,Extraterritorial organisations and bodies,23,2008
2984,441000 ,2009JJ00,,,,,,,,,,,,,,,,,,,,,,,,,,,,,,,,,,,,,99 Extraterritorial organisations,Extraterritorial organisations and bodies,23,2009
2985,441000 ,2010JJ00,,,,,,,,,,,,,,,,,,,,,,,,,,,,,,,,,,,,,99 Extraterritorial organisations,Extraterritorial organisations and bodies,23,2010
2986,441000 ,2011JJ00,,,,,,,,,,,,,,,,,,,,,,,,,,,,,,,,,,,,,99 Extraterritorial organisations,Extraterritorial organisations and bodies,23,2011
2987,441000 ,2012JJ00,,,,,,,,,,,,,,,,,,,,,,,,,,,,,,,,,,,,,99 Extraterritorial organisations,Extraterritorial organisations and bodies,23,2012
2988,441000 ,2013JJ00,,,,,,,,,,,,,,,,,,,,,,,,,,,,,,,,,,,,,99 Extraterritorial organisations,Extraterritorial organisations and bodies,23,2013
2989,441000 ,2014JJ00,,,,,,,,,,,,,,,,,,,,,,,,,,,,,,,,,,,,,99 Extraterritorial organisations,Extraterritorial organisations and bodies,23,2014
2990,441000 ,2015JJ00,,,,,,,,,,,,,,,,,,,,,,,,,,,,,,,,,,,,,99 Extraterritorial organisations,Extraterritorial organisations and bodies,23,2015
2991,441000 ,2016JJ00,,,,,,,,,,,,,,,,,,,,,,,,,,,,,,,,,,,,,99 Extraterritorial organisations,Extraterritorial organisations and bodies,23,2016
2992,441000 ,2017JJ00,,,,,,,,,,,,,,,,,,,,,,,,,,,,,,,,,,,,,99 Extraterritorial organisations,Extraterritorial organisations and bodies,23,2017
2993,441000 ,2018JJ00,,,,,,,,,,,,,,,,,,,,,,,,,,,,,,,,,,,,,99 Extraterritorial organisations,Extraterritorial organisations and bodies,23,2018
2994,441000 ,2019JJ00,,,,,,,,,,,,,,,,,,,,,,,,,,,,,,,,,,,,,99 Extraterritorial organisations,Extraterritorial organisations and bodies,23,2019
2995,441000 ,2020JJ00,,,,,,,,,,,,,,,,,,,,,,,,,,,,,,,,,,,,,99 Extraterritorial organisations,Extraterritorial organisations and bodies,23,2020
2996,441000 ,2021JJ00,,,,,,,,,,,,,,,,,,,,,,,,,,,,,,,,,,,,,99 Extraterritorial organisations,Extraterritorial organisations and bodies,23,2021
2997,441000 ,2022JJ00,,,,,,,,,,,,,,,,,,,,,,,,,,,,,,,,,,,,,99 Extraterritorial organisations,Extraterritorial organisations and bodies,23,2022
2998,441000 ,2023JJ00,,,,,,,,,,,,,,,,,,,,,,,,,,,,,,,,,,,,,99 Extraterritorial organisations,Extraterritorial organisations and bodies,23,2023
2999,441000 ,2024JJ00,,,,,,,,,,,,,,,,,,,,,,,,,,,,,,,,,,,,,99 Extraterritorial organisations,Extraterritorial organisations and bodies,23,2024
